,Status,Entity_Name,Current_Stage,Region,Regional_Company,Incorporated_Company,Project_Level,Format_1,Format_2,Investment,Project_Obtain,Total_Investment,WFCZ_Amount,QYRZ_Amount,ZFCZ_Amount,XMRZ_Amount,QTZJLY_Amount,WS_HTGM,WS_JQGM,WS_JQZTGM,WS_JQTZ,WS_XYSJ,GS_HTGM,GS_JQGM,GS_JQZTGM,GS_JQTZ,GS_YJGDGQBL,GS_XYSJ,GW_HTGM,GW_JQGM,GW_JQZTGM,GW_JQTZ,GW_KYXFWF,GW_JCQYFWFDJ,GW_YWFWFDJ,WN_HTGM,WN_JQGM,WN_JQZTGM,WN_JQTZ,WN_XYNJ,ZSS_HTGM,ZSS_JQGM,ZSS_JQZTGM,ZSS_JQTZ,ZSS_XYSJ,Other_GM,Clue,Time_YXXSJH,Time_LXJH,Time_FACHJH,Time_TBJH,Time_ZSPSJH,Time_HTQYJH,Time_YXXSSJWC,Time_LXSJWC,Time_FACHSJWC,Time_TBSJWC,Time_ZSPSSJWC,Time_HTQYSJWC,TZZT,TZZT_Description,Increment_Type,LHTQTR,ZCZBJBL,Total_CGB,QTZ,XMZYZJ,YN_JJTZ,HHJJ_CGBL,BEWG_CGBL,Time_ZB,Time_QY,Amount_TZ_Q1,Amount_TZ_Q2,Amount_TZ_Q3,Amount_TZ_Q4,Amount_TZ_Total,YJJNZCZBJ_M1,YJJNZCZBJ_M2,YJJNZCZBJ_M3,YJJNZCZBJ_M4,YJJNZCZBJ_M5,YJJNZCZBJ_M6,YJJNZCZBJ_M7,YJJNZCZBJ_M8,YJJNZCZBJ_M9,YJJNZCZBJ_M10,YJJNZCZBJ_M11,YJJNZCZBJ_M12,YJJNZCZBJ_Total,ZRKZFJH_M1,ZRKZFJH_M2,ZRKZFJH_M3,ZRKZFJH_M4,ZRKZFJH_M5,ZRKZFJH_M6,ZRKZFJH_M7,ZRKZFJH_M8,ZRKZFJH_M9,ZRKZFJH_M10,ZRKZFJH_M11,ZRKZFJH_M12,ZRKZFJH_Total,Amount_BZJ,ZFZTDW,Time_YJZF,Time_YJHS,Amount_CZKS_Total,JSQFKKS_Q1,JSQFKKS_Q2,JSQFKKS_Q3,JSQFKKS_Q4,JSQFKKS_Total,JSQFKZJLY_TotalAmount,JSQFKZJLY_WFCZ,JSQFKZJLY_QYRZ,JSQFKZJLY_ZFCZ,JSQFKZJLY_XMJK,JSQFKZJLY_QT,GZKZJLY_TotalAmount,GZKZJLY_WFCZ,GZKZJLY_QYRZ,GZKZJLY_ZFCZ,GZKZJLY_XMJK,GZKZJLY_QT,Time_GCKG,Time_WGYS,Time_ZSY,Amount_TPNKXMZTZ,Amount_YLFZB,TXJYQ,HTBDGM,Price_DS,Cost_DS,Amount_QTFDS_Revenue,Amount_QTFDS_Cost,Projects_Launched_Year,Entity_Investment,TXKZJLY_TotalAmount,TXKZJLY_WFCZ,TXKZJLY_QYRZ,TXKZJLY_ZFCZ,TXKZJLY_XMJK,TXKZJLY_QT,BG_Amount,YN_ZRQHPT,YN_QZC,WN_HTSR,GLHT_DWQC,GLHT_CGBL,Heavy_Asset_Investment_Model,Classification_of_Heavy_Assets,Light_Asset_Investment_Model,Light_Asset_Business_Model,Secondary_Service_Model,Secondary_Product_Model,Model_Description,Construction_Type,RENEWAL,CON_SIZE,REC_SIZE,ROE,ANN_CONT_REV,OPE_PERIOD,PRP_SOURCE,Year,Scenario
0,计划,江苏省苏州市昆山市五厂提标改造项目,1市场阶段,东部大区,北京建工环境,,C,污水,",,市政污水处理",,执行中,0,,,,,,38.6,38.6,38.6,,,,,,,,,,,,,,,,,,,,,,,,,,,XS2023112100563,,2020-07-01 00:00:00,2020-07-10 00:00:00,2020-07-14 00:00:00,2024-01-31 00:00:00,2024-02-29 00:00:00,2023-11-28 11:54:00,,,,,,,,非投标增量,,,,7.5,8.5,,,,,2024-02-29 00:00:00,50,40,20,5,115,0,0,0,0,0,0,0,0,0,0,0,0,0,0,0,0,0,0,0,0,0,0,0,0,0,0,0,0,2023-11-01 00:00:00,,0,,,,,,,,,,,,,,,,,,2020-08-01 00:00:00,2020-12-31 00:00:00,2021-01-01 00:00:00,,,,,,,,,否,YXXS2023112100563,,,,,,,,,否,,,,BOT,1类-保履约,,,,,提标改造项目,,,,,,,,,2023,Q3
1,否,山东水投高新水务有限公司60%股权收购项目,3方案策划,东部大区,济南区域公司,,B,污水,",,市政污水处理, 市政污水处理",,执行中,0.032,,,,,,0.7,0.7,0.7,,,,,,,,,,,,,,,,,,,,,,,,,,,,,2023-08-18 00:00:00,2023-10-14 00:00:00,2023-12-11 00:00:00,2024-09-08 00:00:00,2024-01-18 00:00:00,,,,,,,,,并购增量,,,,0,0,,,,,2024-01-18 00:00:00,0,0,0,2,2,0,0,0,0,0,0,0,0,0,0,0,320,320,0,0,0,0,0,0,0,0,0,0,0,320,320,,,,,,,,,,,,,,,,,,,,,,,,,,,,,,,,,,是,YXCSH2023253,,,,,,,320,,否,,,,并购,1类-保履约,,,,,为了维护与济高控股的商务关系，以320万购买山东水投高新60%的股权；,,,,,,,,,2023,Q3
2,否,即墨城区东部污水处理厂,2立项策划,东部大区,青岛区域公司,,C,污水,",,市政污水处理, 市政污水处理",,执行中,0,,,,,,7,3,4,,,,,,,,,,,,,,,,,,,,,,,,,,,,2023-05-15 00:00:00,,,,2024-08-26 00:00:00,,2023-05-31 00:00:00,,,,,,,,投标增量,,,,6,6.5,,,,,,7,7,7,0,21,0,0,0,0,0,0,0,0,0,0,0,1000,1000,0,0,0,0,0,0,0,0,0,0,0,0,0,,,,,,,,,,,,,,,,,,,,,,,,,,,,,,,,,,否,YXCSH2023229,,,,,,,,,否,,,,BOT,2类-存带增,,,,,,,,,,,,,,2023,Q3
3,否,平阴再生水项目,1市场阶段,东部大区,济南区域公司,,C,再生水,",销售经营类ToB,",,已暂停,0,1499,0,0,0,0,0,0,0,0,0,0,0,0,0,0,0,0,0,,0,0,0,0,0,0,0,0,0,2,2,,2,0,0,,2023-04-28 00:00:00,2023-05-09 00:00:00,,,2023-12-31 00:00:00,,2023-04-30 00:00:00,2023-04-27 00:00:00,2023-04-25 00:00:00,,,,北控水务（中国）投资有限公司,0,非投标增量,0,0,0,23,35,否,0,0,,,3,3,0,0,6,0,0,0,0,0,0,0,0,0,0,0,0,0,0,0,0,0,0,0,0,0,0,0,0,0,0,,,,,,,,,,,,,,,,,,,,,,,,,,,,,,,,,,否,YXCSH2023144,,,,,,,,,否,,,,售水,2类-存带增,,,,,再生水销售作为企业生产用水,,,,,,,,,2023,Q3
4,否,河南汝州石庄污水处理厂股权收购项目,5正式评审,东部大区,郑州业务区,郑州业务区,A+,污水,",,市政污水处理",,已暂停,0,3959.59,15838.34,0,15838.34,0,10,5,3,14247,2,,,,,,,,,,,,,,,,,,,,,,,,,,2022-06-15 00:00:00,,,,2024-05-30 00:00:00,,2022-06-15 00:00:00,2022-07-06 00:00:00,2022-07-29 00:00:00,2022-07-29 00:00:00,2023-03-09 00:00:00,,北控水务（中国）投资有限公司,,并购增量,0,100,100,8,12,否,0,0,2022-07-29 00:00:00,,10,10,10,0,30,0,0,0,0,0,0,0,0,0,0,0,0,0,0,0,0,0,0,0,0,0,0,0,0,0,0,,0,,,,,,,,,0,0,0,0,0,0,0,5637.6,5637.6,0,0,0,,,,,,,,,,,,否,YXCSH2023116,0,0,0,0,0,0,0,,否,,,,并购,3类-空白区域,,,,,100%股权收购,,,,,,,,,2023,Q3
5,否,江苏省东海高新技术产业开发区日处理一万吨工业污水处理厂EPCO（拟）项目,1市场阶段,东部大区,南京区域公司,,C,污水,",,市政污水处理, 工业污水处理",,执行中,0,,,,,,2,1,0,,,,,,,,,,,,,,,,,,,,,,,,,,0,,2022-12-30 00:00:00,,,,2023-12-30 00:00:00,,2023-02-15 00:00:00,,,,,,,,投标增量,,,,0,0,,,,,,2,1,2,1,6,0,0,0,0,0,0,0,0,0,0,0,0,0,0,0,0,0,0,0,0,0,0,0,0,0,0,,,,,,,,,,,,,,,,,,,,,,,,,,,,,,,,,,是,YXCSH2023018,,,,,,,,,是,,,,EPCO,,其他,服务,技术咨询,,拟采取EPCO模式,,,,,,,1.5,,2023,Q3
6,否,江苏高淳经济开发区食品产业园工业废水预处理项目,1市场阶段,东部大区,南京区域公司,,C,污水,",,市政污水处理",,已暂停,0,,,,,,1,0.4,0,,,,,,,,,,,,,,,,,,,,,,,,,,0,,2023-06-30 00:00:00,,,,2024-11-25 00:00:00,,,,,,,,,,投标增量,,,,8,10,,,,,,1,1,0.5,0.5,3,0,0,0,0,0,0,0,0,0,0,0,0,0,0,0,0,0,0,0,0,0,0,0,0,0,0,0,暂无,2023-11-25 00:00:00,,,,,,,,,,,,,,,,,,,,2024-02-09 00:00:00,2024-02-16 00:00:00,2024-06-22 00:00:00,,,,,,,,,是,YXCSH2023286,,,,,,,,,是,,,,,,,"产品, 服务",委托运营,"运营技术产品, 环保装备",,,,,,,,,,2023,Q3
7,否,太忻一体化经济区（古交片区）市政基础设施 三个污水处理厂改造特许经营项目,3方案策划,东部大区,太原区域公司,,B,污水,",,市政污水处理, 市政污水处理",,执行中,0,,,,,,5.8,5.8,5.8,,,,,,,,,,,,,,,,,,,,,,,,,,,,,,,,2024-07-12 00:00:00,,,,,,,,,,投标增量,,,,7.5,8,,,,,,5,8.4,4,0,17.4,0,0,0,0,0,0,0,88.4,0,0,0,0,88.4,0,0,0,0,0,0,0,0,0,0,0,0,0,,,,,,,,,,,,,,,,,,,,,,,,,,,,,,,,,,否,YXCSH2023254,,,,,,,,,是,,,,ROT,2类-存带增,其他,服务,委托运营,,第三方投资+我公司OM,,,,,,,30,,2023,Q3
8,否,莱阳市排水一体化合资经营项目,1市场阶段,东部大区,烟威区域公司,,C,污水,",,市政污水处理, 市政污水处理",,执行中,0,,,,,,20,20,0,,,,,,,,,273,273,,,,,,,,,,,,,,,,,,,,,,2023-05-15 00:00:00,,,,,,,,,,投标增量,,,,7,8.5,,,,,,15,15,15,15,60,0,0,0,0,0,0,0,0,0,0,0,0,0,0,0,0,0,0,0,0,0,0,0,0,0,0,100,北控水务（中国）投资有限公司,2024-03-28 00:00:00,,,,,,,,,,,,,,,,,,,,2024-06-30 00:00:00,2024-12-25 00:00:00,2024-12-31 00:00:00,,,,,,,,,否,YXCSH2023233,,,,,,,,,是,,,,"TOT, 股权转让",3类-空白区域,OM,服务,委托运营,,,,,,,,,5,,2023,Q3
9,否,古田县城乡生活污水提升治理工程EPCO项目,4中标策划,南部大区,福州区域公司,,B,污水,",,市政污水处理",,执行中,0,0,0,66958,0,0,2.117,2.12,0,0,0,,,,,,,,,,,,,,,,,,,,,,,,,,2022-06-30 00:00:00,,,,2023-11-30 00:00:00,,2022-06-30 00:00:00,2022-09-16 00:00:00,2022-10-16 00:00:00,,,,北控水务（中国）投资有限公司,主体待定,投标增量,待定,0,100,0,0,否,0,0,,,0.82,0.82,0.82,0.82,3.28,100,0,0,0,0,0,0,0,0,0,0,0,100,0,0,0,0,0,0,0,0,0,0,0,0,0,,待定,,,,,,,,,58113.54,0,0,58113.54,0,0,0,0,0,0,0,0,,,,,,,,,,,,,YXCSH2023139,0,0,0,0,0,0,,,,,,,EPCO,,,,,,项目建设期3年，运营期3年,,,,,,,,,2023,Q3
10,否,靖西水系综合治理委托运营项目,2立项策划,南部大区,百色区域公司,,C,污水,",,市政污水处理, 市政污水处理",,执行中,0,0,0,0,0,0,6,6,0,2000,,0,0,0,,,,,,,,,,,,,,,,,,,,,,,2023-04-03 00:00:00,,,,2024-10-22 00:00:00,,2023-04-03 00:00:00,2024-06-01 00:00:00,2024-07-30 00:00:00,,,,北控水务（中国）投资有限公司,,投标增量,,0,100,0,0,否,,,,,4.5,4.5,4.5,4.5,18,0,0,0,0,0,0,0,0,0,0,0,0,0,0,0,0,0,0,0,0,0,0,0,0,0,0,50,百色北控水务管理有限公司（待定）,2024-09-01 00:00:00,,,,,,,,0,0,0,0,0,0,0,0,0,0,0,0,2022-09-01 00:00:00,2024-10-01 00:00:00,2024-12-31 00:00:00,,,,,,,,,否,YXCSH2023221,0,0,0,0,0,0,,否,是,,,,OM,,OM,服务,委托运营,,,,,,,,,3,,2023,Q3
11,否,山东省滨州市邹平市三镇供水项目,1市场阶段,东部大区,东部大区,,C,供水,"水司(主营业务),,",,执行中,0,,,,,,,,,,,1,1,0,,,,,,,,,,,,,,,,,,,,,,XS2023110700289,,2023-06-30 00:00:00,2024-12-15 00:00:00,2025-02-25 00:00:00,2024-06-10 00:00:00,2025-03-15 00:00:00,2023-11-28 11:00:12,,,,,,,,投标增量,,,,12,0,,,,,2025-03-15 00:00:00,1,1,1,0,3,0,0,0,0,0,0,50,0,0,0,0,0,50,0,0,0,0,0,0,0,0,0,0,0,0,0,0,0,2024-05-17 00:00:00,,,,,,,,,,,,,,,,,,,,2023-11-10 00:00:00,2024-03-30 00:00:00,2024-07-01 00:00:00,,,,,,,,,否,YXXS2023110700289,,,,,,,,,是,,,,,,OM,服务,委托运营,,,,,,,,,10,,2023,Q3
12,否,和顺县水环境综合治理项目-污水处理厂,1市场阶段,东部大区,太原区域公司,,C,污水,",,市政污水处理, 市政污水处理",,执行中,0,,,,,,3,1.5,1.5,,,,,,,,,,,,,,,,,,,,,,,,,,,,,,,,2024-12-06 00:00:00,,,,,,,,,,投标增量,,,,0,0,,,,,,1,2,2,4,9,0,0,0,0,0,0,0,0,0,0,0,0,0,0,0,0,0,0,0,0,0,0,0,0,0,0,,,,,,,,,,,,,,,,,,,,,,,,,,,,,,,,,,否,YXCSH2023065,,,,,,,,,是,,,,BOT,3类-空白区域,其他,服务,委托运营,,第三方投资+我公司OM,,,,,,,3,,2023,Q3
13,计划,云阳县污水处理厂迁（扩）建项目,2立项策划,西部大区,西部大区,,C,污水,",,市政污水处理, 市政污水处理",,执行中,5.8079,,,,,,8,6,6,,,0,0,0,,,,0,0,,,,,,0,0,0,,,0,0,,,,0,,2023-05-31 00:00:00,2023-08-08 00:00:00,2024-06-30 00:00:00,2024-08-30 00:00:00,2024-10-31 00:00:00,2024-10-31 00:00:00,2023-05-31 00:00:00,,,,,,,,投标增量,,,,7,0,,,,,2024-10-31 00:00:00,4,5,6,3,18,0,0,0,0,0,0,0,0,0,0,0,0,0,0,0,0,0,0,0,0,0,0,0,0,0,0,,,,,,,,,,,,,,,,,,,,,,,,,,,,,,,,,,是,YXCSH2023258,,,,,,,,,是,,,,BOT,,OM,服务,委托运营,,,,,,,,,30,,2023,Q3
14,否,龙口再生水及生态政治,3方案策划,东部大区,烟威区域公司,,B,再生水,",销售经营类ToB,",,执行中,0,,,,,,5,1.5,1.5,,,5,1.5,1.5,,,,50,17,,,,,,,,,,,5,1.5,,,,,,,2024-06-30 00:00:00,2024-08-26 00:00:00,2024-10-23 00:00:00,2024-06-07 00:00:00,2024-11-30 00:00:00,,,,,,,,,投标增量,,,,8,10,,,,,2024-11-30 00:00:00,3.75,3.75,3.75,3.75,15,1050,0,0,0,0,0,0,0,0,0,0,0,1050,0,0,0,0,0,0,0,0,0,0,0,0,0,,,,,,,,,,,,,,,,,,,,,,,,,,,,,,,,,,否,YXCSH2023232,,,,,,,,,是,,,,平台合作,,,服务,委托运营,,,,,,,,,,,2023,Q3
15,否,秦皇岛市存量污水二期PPP项目,2立项策划,北部大区,秦皇岛区域公司,,C,污水,",,市政污水处理, 市政污水处理",,已暂停,0,,,,,,12,12,12,,,,,,,,,,,,,,,,,,,,,,,,,,,,2023-04-25 00:00:00,2024-07-30 00:00:00,2024-09-25 00:00:00,2024-11-22 00:00:00,2024-09-30 00:00:00,2024-12-30 00:00:00,2023-04-25 00:00:00,,,,,,,,投标增量,,,,6,7,,,,,2024-12-30 00:00:00,9,9,9,9,36,0,0,0,0,0,0,0,0,0,0,0,50,50,0,0,0,0,0,0,0,0,0,0,0,0,0,,,,,,,,,,,,,,,,,,,,,,,,,,,,,,,,,,否,YXCSH2023007,,,,,,,,,否,,,,TOT,2类-存带增,,,,,,,,,,,,,,2023,Q3
16,否,遵义新蒲新区中桥厂二期及湘江厂三期建设项目,2立项策划,西部大区,贵阳区域公司,,C,污水,",,市政污水处理, 市政污水处理",,执行中,0,,,,,,12,5,5,,,0,0,0,,,,0,0,,,,,,0,0,0,,,0,0,,,,0,,2023-11-30 00:00:00,2024-07-30 00:00:00,2024-09-25 00:00:00,2024-11-22 00:00:00,2024-05-31 00:00:00,2024-12-30 00:00:00,2023-04-28 00:00:00,,,,,,,,投标增量,,,,0,0,,,,,2024-12-30 00:00:00,0.8,0.8,0.8,0,2.4,0,0,0,0,0,0,0,0,0,0,0,0,0,0,0,0,0,0,0,0,0,0,0,0,0,0,,,,,,,,,,,,,,,,,,,,,,,,,,,,,,,,,,否,YXCSH2023172,,,,,,,,,是,,,,EPCO,,EPCO,服务,委托运营,,委托运营,,,,,,,,,2023,Q3
17,否,新疆喀什地区英吉沙县污水处理厂,3方案策划,西部大区,新疆业务区,,A,污水,",,市政污水处理, 市政污水处理",,执行中,0,0,0,0,0,0,1.5,1.5,0,0,0,0,0,0,0,0,0,0,0,,0,0,0,0,0,0,0,0,0,0,0,,0,0,不涉及,,2023-04-28 00:00:00,2024-04-30 00:00:00,2024-06-26 00:00:00,2024-08-23 00:00:00,2024-09-10 00:00:00,2024-09-30 00:00:00,2023-04-28 00:00:00,2023-06-13 00:00:00,,,,,,,投标增量,,,,0,0,,,,,2024-09-30 00:00:00,1,1.5,1.5,0.5,4.5,0,0,0,0,0,0,0,0,50,50,0,0,100,0,0,0,0,0,0,0,0,0,0,0,0,0,,,,,,,,,,,,,,,,,,,,,,,,,,,,,,,,,,否,YXCSH2023173,,,,,,,,,是,,,,OM,,OM,服务,委托运营,,OM委托运营,,,,,,,3,,2023,Q3
18,否,沂河新区第一污水处理厂TOT项目,2立项策划,东部大区,临沂区域公司,,C,污水,",,市政污水处理, 市政污水处理",,已终止,0,,,,,,4,2,2,,,,,,,,,,,,,,,,,,,,,,,,,,,,,2024-05-30 00:00:00,2024-07-26 00:00:00,2024-09-22 00:00:00,2024-09-30 00:00:00,2024-10-30 00:00:00,,,,,,,,,投标增量,,,,8,9,,,,,2024-10-30 00:00:00,3,3,3,3,12,0,0,0,0,0,0,0,0,0,0,100,0,100,0,0,0,0,0,0,0,0,0,0,0,0,0,,,,,,,,,,,,,,,,,,,,,,,,,,,,,,,,,,否,YXCSH2023082,,,,,,,,,是,,,,TOT,3类-空白区域,OM,服务,委托运营,,,,,,,,,5,,2023,Q3
19,否,贵州省贵阳市清镇市村污项目,1市场阶段,西部大区,西部大区,,D,污水,",,村镇污水处理",,已终止,0,,,,,,0.2,0.2,0,,,,,,,,,,,,,,,,,,,,,,,,,,,XS2023110700245,2023-11-23 00:00:00,2024-03-31 00:00:00,2024-05-27 00:00:00,,2023-12-29 00:00:00,2024-08-31 00:00:00,2023-11-17 15:10:45,,,,,,,,非投标增量,,,,0,0,,,,,2024-08-31 00:00:00,0.24,0,0,0,0.24,0,0,0,0,0,0,0,0,0,0,0,0,0,0,0,0,0,0,0,0,0,0,0,0,0,0,,,,,,,,,,,,,,,,,,,,,,,,,,,,,,,,,,否,YXXS2023110700245,,,,,,,,,是,,,,,,其他,服务,技术咨询,,以技术咨询为主要输出模式,,,,,,,1,,2023,Q3
20,否,增城排水公司合资合作项目,6项目签约,南部大区,广佛区域公司,,A,排水管网,",,",,已终止,0,0,0,510,0,0,0,0,0,1000,0,,,,,,,704,704,,0,0,0,5.89,,,,,,,,,,,无,,,,,,2023-07-14 00:00:00,,,2023-03-06 00:00:00,,,,,,,非投标增量,,,,0,0,,,,,,5.25,5.25,5.25,5.25,21,147,147,147,49,0,0,0,0,0,0,0,0,490,0,0,0,0,0,0,0,0,0,0,0,0,0,,,,,,,,,,,,,,,,,,,,,,,,,,,,,,,,,,否,YXCSH2023115,,,,,,,,,是,,,,OM,,OM,服务,委托运营,,由排水公司委托双方成立的合资公司运维,,,,,,,8,,2023,Q3
21,计划,唐河县自来水公司委托运营项目,7已签约,东部大区,南阳区域公司,,C,供水,"水司(主营业务),,",,已签约,0,,,,,,,,,,,13.5,13.5,0,,,,,,,,,,,,,,,,,,,,,,XS2023111400427,2023-11-26 00:00:00,2023-12-01 00:00:00,2023-12-05 00:00:00,,2023-12-19 00:00:00,2024-01-05 00:00:00,2023-11-26 00:00:00,2023-12-01 00:00:00,2023-12-05 00:00:00,,2023-12-19 00:00:00,2024-01-05 00:00:00,,,非投标增量,,,,70,0,,,,,2024-01-05 00:00:00,20,10,10.5,0,40.5,0,0,0,0,0,0,0,0,0,0,0,0,0,0,0,0,0,0,0,0,0,0,0,0,0,0,,,,,,,,,,,,,,,,,,,,,,,,,,,,,,,,,,是,YXXS2023111400427,,,,,,,,,是,,,,,,OM,服务,委托运营,,,,,,,,,5,,2023,Q3
22,否,陕西咸阳泾阳县泾阳冠业项目,1市场阶段,东部大区,西安区域公司,,C,污水,",,市政污水处理, 市政污水处理",,已暂停,0,,,,,,3.5,3.5,3.5,,,0,0,0,,,,0,0,,,,,,0,0,0,,,0,0,,,,0,,2023-05-31 00:00:00,2024-06-30 00:00:00,2024-08-26 00:00:00,2024-10-23 00:00:00,2024-12-08 00:00:00,2024-12-30 00:00:00,2023-05-31 00:00:00,,,2024-06-30 00:00:00,,,,,投标增量,,,,0,0,,,,2024-06-30 00:00:00,2024-12-30 00:00:00,2,2,3,3.5,10.5,0,0,0,0,0,0,0,0,0,0,0,0,0,0,0,0,0,0,0,0,0,0,0,0,0,0,,,,,,,,,,,0,0,0,0,0,0,0,0,0,0,0,0,,,,,,,,,,,,否,YXCSH2023260,0,0,0,0,0,0,,,是,,,,TOT,3类-空白区域,OM,服务,委托运营,,,,,,,,,3,,2023,Q3
23,否,陕西省西安市阎良区城东污水处理厂委托运营项目,1市场阶段,东部大区,西安区域公司,,C,污水,",,市政污水处理",,已终止,0,,,,,,2,2,2,,,,,,,,,,,,,,,,,,,,,,,,,,,XS2023111700474,2023-10-20 00:00:00,2023-11-13 00:00:00,2024-01-09 00:00:00,2024-03-07 00:00:00,2024-03-01 00:00:00,2024-04-14 00:00:00,2023-11-27 18:01:30,,,2024-06-30 00:00:00,,,,,投标增量,,,,0,0,,,,2024-06-30 00:00:00,2024-04-14 00:00:00,3,1,1,1,6,0,0,0,0,0,0,0,0,0,0,0,0,0,0,0,0,0,0,0,0,0,0,0,0,0,0,,,,,,,,,,,,,,,,,,,,,,,,,,,,,,,,,,否,YXXS2023111700474,,,,,,,,,是,,,,,,OM,服务,委托运营,,,,,,,,,2,,2023,Q3
24,否,汉中市水务集团供水股权合作,2立项策划,东部大区,西安区域公司,,C,供水,"水司, 水司(主营业务),,",,已暂停,0,,,,,,0,0,0,,,30,30,0,,,,0,0,,,,,,0,0,0,,,0,0,,,,0,,2023-07-26 00:00:00,2024-07-30 00:00:00,2024-09-25 00:00:00,2024-11-22 00:00:00,2024-11-30 00:00:00,2024-12-30 00:00:00,2023-07-26 00:00:00,,,2024-12-25 00:00:00,,,,,投标增量,,,,0,0,,,,2024-12-25 00:00:00,2024-12-30 00:00:00,10,10,10,10,40,0,0,0,0,0,0,0,0,0,0,0,0,0,0,0,0,0,0,0,0,0,0,0,0,0,0,,,,,,,,,,,,,,,,,,,,,,,,,,,,,,,,,,否,YXCSH2023300,,,,,,,120000,,是,,,,并购,3类-空白区域,OM,服务,委托运营,,,,,,,,,7,,2023,Q3
25,否,西咸秦汉朝阳厂中水加压泵站委托运营项目,2立项策划,东部大区,西安区域公司,,C,污水,",,市政污水处理",,已暂停,0,,,,,,8,4,0,,,0,0,0,,,,0,0,,,,,,0,0,0,,,0,0,,,,0,,2023-07-26 00:00:00,2023-10-16 00:00:00,2024-09-30 00:00:00,2024-09-30 00:00:00,2024-11-25 00:00:00,2024-12-30 00:00:00,2023-07-26 00:00:00,,,,,,,,非投标增量,,,,0,0,,,,,2024-12-30 00:00:00,3,3,3,3,12,0,0,0,0,0,0,0,0,0,0,0,0,0,0,0,0,0,0,0,0,0,0,0,0,0,0,,,,,,,,,,,,,,,,,,,,,,,,,,,,,,,,,,是,YXCSH2023299,,,,,,,,,是,,,,OM,,OM,服务,委托运营,,先期以泵站委托运营模式推进，同时策划拓展区域再生水委托运营事宜,,,,,,,5,,2023,Q3
26,否,新疆维吾尔自治区乌鲁木齐市水磨沟区食品产业园污水处理厂项目,1市场阶段,西部大区,新疆业务区,,C,污水,",,工业污水处理, 市政污水处理",,已终止,0,,,,,,0.75,0.75,0,,,,,,,,,,,,,,,,,,,,,,,,,,,XS2023111400429,2023-11-23 00:00:00,2024-05-31 00:00:00,2024-07-27 00:00:00,2024-09-23 00:00:00,2024-10-10 00:00:00,2024-10-31 00:00:00,2023-11-23 16:41:02,,,2024-05-01 00:00:00,,,,,投标增量,,,,0,0,,,,2024-05-01 00:00:00,2024-10-31 00:00:00,0.5,0.7,0.8,0.25,2.25,0,0,0,0,0,0,0,0,0,50,50,0,100,0,0,0,0,0,0,0,0,0,0,0,0,0,,,,,,,,,,,,,,,,,,,,,,,,,,,,,,,,,,否,YXXS2023111400429,,,,,,,,,是,,,,,,OM,服务,委托运营,,,,,,,,,5,,2023,Q3
27,实际,昆山市北区污水厂尾水再利用同心河生态补水项目,2立项策划,东部大区,北京建工环境,北区污水处理厂,A+,污水,",,市政污水处理",,已完成（已签约）,0,0,0,0,0,0,5,5,0,,,,,,,,,,,,,,,,,,,,,5,5,,0,0.0466,不涉及,,2023-04-26 00:00:00,2024-07-10 00:00:00,2024-09-05 00:00:00,2024-11-02 00:00:00,2024-04-26 00:00:00,2024-12-10 00:00:00,2023-04-25 00:00:00,2023-04-25 00:00:00,2023-04-25 00:00:00,,2023-04-26 00:00:00,,北控中科成环保集团有限公司,不涉及,非投标增量,不涉及,48,0,0,0,否,0,0,,2024-12-10 00:00:00,5,5,5,0,15,0,0,0,0,0,0,0,0,0,0,0,0,0,0,0,0,0,0,0,0,0,0,0,0,0,0,,不涉及,,,,,,,,,0,0,0,0,0,0,0,0,0,0,0,0,2023-05-01 00:00:00,2023-05-01 00:00:00,2023-05-01 00:00:00,0,0,1,0,,0,0,0,是,YXCSH2023141,0,0,0,0,0,0,,,是,,,,OM,,OM,服务,委托运营,,委托运营政府投资的尾水泵站及加药设施,其他,,,,,,1,,2023,Q3
28,计划,贵州省遵义市新蒲新区中桥厂一体化设备委托运营项目,2立项策划,西部大区,贵阳区域公司,,C,污水,",,市政污水处理",,已终止,0,,,,,,0.2,0.2,0,,,,,,,,,,,,,,,,,,,,,,,,,,,XS2023111600459,2023-11-27 00:00:00,2024-05-07 00:00:00,2024-05-15 00:00:00,,2024-05-20 00:00:00,2024-05-31 00:00:00,2023-11-27 00:00:00,,,,,,,,非投标增量,,,,0,0,,,,,2024-05-31 00:00:00,0.24,0,0,0,0.24,0,0,0,0,0,0,0,0,0,0,0,0,0,0,0,0,0,0,0,0,0,0,0,0,0,0,,,,,,,,,,,,,,,,,,,,,,,,,,,,,,,,,,否,YXXS2023111600459,,,,,,,,,是,,,,,,OM,服务,委托运营,,,,,,,,,1,,2023,Q3
29,计划,通许县城区污水处理二期特许经营项目,4中标策划,南部大区,长沙区域公司,,B,污水,",,市政污水处理, 市政污水处理",,已终止,0.31,1501.1,0,0,1594.32,0,1.5,2.9,2.9,3095.42,1.3,0,0,0,0,0,0,0,0,,0,0,0,0,0,0,0,0,0,0,0,,0,0,0,,2023-11-01 00:00:00,2022-09-22 00:00:00,2023-10-31 00:00:00,2023-12-25 00:00:00,2023-12-20 00:00:00,2024-01-01 00:00:00,2023-11-01 00:00:00,2022-09-22 00:00:00,2023-10-31 00:00:00,2023-12-25 00:00:00,2023-12-20 00:00:00,,北控中科成环保集团有限公司,,投标增量,,30,100,6,6,否,,,2023-12-25 00:00:00,2024-01-01 00:00:00,2.18,2.18,2.18,2.18,8.72,1501.1,0,0,0,0,0,0,0,0,0,0,0,1501.1,1501.1,0,1594.32,0,0,0,0,0,0,0,0,0,3095.42,0,0,2023-11-23 00:00:00,,2000,0,0,500,1500,2000,0,0,0,0,0,0,0,0,0,0,0,0,2023-11-01 00:00:00,2023-12-31 00:00:00,2024-03-31 00:00:00,,,,,,,,,是,YXCSH2023076,3095.42,1501.1,0,0,1594.32,0,,否,是,,,,ROT,1类-保履约,OM,服务,委托运营,,包括1.5万吨二期扩建及4万吨提标改造,,,,,,,3,,2023,Q3
30,否,济源华沁北电厂中水委托运营项目,2立项策划,东部大区,郑州业务区,,C,再生水,",销售经营类ToB,",,已暂停,0,,,,,,0,0,0,,,,,,,,,,,,,,,,,,,,,4,2,,,,,,2023-11-01 00:00:00,2024-12-27 00:00:00,2025-05-30 00:00:00,,2025-09-30 00:00:00,2025-12-30 00:00:00,2023-11-01 00:00:00,,,,,,,,非投标增量,,,,7.5,7.5,,,,,2025-12-30 00:00:00,3,3,3,3,12,0,0,0,0,0,0,0,0,0,0,0,0,0,0,0,0,0,0,0,0,0,0,0,0,0,0,,,,,,,,,,,,,,,,,,,,,,,,,,,,,,,,,,否,YXCSH2023121,,,,,,,,,是,,,,OM,,OM,服务,委托运营,,,,,,,,,5,,2023,Q3
31,否,济源钢铁中水委托运营项目,3方案策划,东部大区,郑州业务区,,B,再生水,",销售经营类ToB,",,已终止,0,,,,,,,,,,,,,,,,,,,,,,,,,,,,,4,4,,,,,,2023-11-01 00:00:00,2024-05-01 00:00:00,2024-05-15 00:00:00,,2024-06-27 00:00:00,2024-07-19 00:00:00,2023-11-01 00:00:00,,,,,,,,非投标增量,,,,15,0,,,,,2024-07-19 00:00:00,6,4,2,0,12,0,0,0,0,0,0,0,0,0,0,0,0,0,0,0,0,0,0,0,0,0,0,0,0,0,0,,,,,,,,,,,,,,,,,,,,,,,,,,,,,,,,,,否,YXCSH2023044,,,,,,,,,是,,,,OM,,OM,服务,委托运营,,,,,,,,,5,,2023,Q3
32,否,河南省南阳市新野县军民渠污水处理厂委托运营,3方案策划,东部大区,南阳区域公司,,B,污水,",,市政污水处理",,已终止,0,0,0,0,0,0,2,2,0,0,,,,,,,,,,,,,,,,,,,,,,,,,,,2023-11-01 00:00:00,2023-03-08 00:00:00,2024-02-06 00:00:00,2024-05-01 00:00:00,2024-06-05 00:00:00,2024-07-24 00:00:00,2023-11-01 00:00:00,2022-11-23 00:00:00,2023-04-28 00:00:00,2024-05-08 00:00:00,,,北控水务（中国）投资有限公司,无,投标增量,中国投,100,100,12,0,否,0,0,2024-05-08 00:00:00,2024-07-24 00:00:00,0,3,3,0,6,0,0,0,0,0,0,100,0,0,0,0,0,100,0,0,0,0,0,0,0,0,0,0,0,0,0,,不涉及,,,,,,,,,0,0,0,0,0,0,0,0,0,0,0,0,,,,,,,,,,,,否,YXCSH2023083,0,0,0,0,0,0,,,是,,,,OM,,OM,服务,委托运营,,,,,,,,,5,,2023,Q3
33,否,新野县第一污水厂项目,2立项策划,东部大区,南阳区域公司,,C,污水,",,市政污水处理",,已暂停,0,,,,,,3,3,0,,,,,,,,,,,,,,,,,,,,,,,,,,,,2023-11-01 00:00:00,2024-01-30 00:00:00,2024-04-26 00:00:00,2024-09-16 00:00:00,2024-10-31 00:00:00,2024-12-27 00:00:00,2023-11-01 00:00:00,,,2024-10-31 00:00:00,,,,,投标增量,,,,12,13,,,,2024-10-31 00:00:00,2024-12-27 00:00:00,3,3,2,1,9,0,0,0,0,0,0,0,0,0,0,0,0,0,0,0,0,0,0,0,0,0,0,0,0,0,0,,,,,,,,,,,,,,,,,,,,,,,,,,,,,,,,,,否,YXCSH2023104,,,,,,,,,是,,,,TOT,,OM,服务,委托运营,,,,,,,,,10,,2023,Q3
34,否,南阳市白河南污水处理厂二期工程特许经营项目,2立项策划,东部大区,南阳区域公司,,B,"排水管网, 污水",",,市政污水处理",,已暂停,0,,,,,,20,20,20,,,,,,,,,24,24,,,,,,,,,,,,,,,,,,2023-11-01 00:00:00,2024-02-07 00:00:00,2024-03-08 00:00:00,,2024-04-25 00:00:00,2024-05-31 00:00:00,2023-11-01 00:00:00,,,,,,,,非投标增量,,,,12,0,,,,,2024-05-31 00:00:00,20,20,10,10,60,0,0,0,0,2700,500,0,0,0,0,0,0,3200,0,0,0,0,0,0,0,0,0,0,0,0,0,,,,,,,,,,,,,,,,,,,,,,,,,,,,,,,,,,否,YXCSH2023063,,,,,,,,,是,,,,平台合作,,OM,服务,委托运营,,双平台合作模式,,,,,,,3,,2023,Q3
35,计划,珠海市横琴深度合作区横琴水质净化厂项目,2立项策划,南部大区,珠海城市公司,,C,污水,",,市政污水处理, 市政污水处理",,已暂停,0,,,,,,40,10,0,,,,,,,,,,,,,,,,,,,,,,,,,,无,,2023-09-30 00:00:00,2022-06-30 00:00:00,2024-09-26 00:00:00,2024-11-23 00:00:00,2024-12-15 00:00:00,2024-12-31 00:00:00,2023-09-30 00:00:00,2022-06-30 00:00:00,,2025-05-15 00:00:00,,,,,投标增量,,,,0,0,,,,2025-05-15 00:00:00,2024-12-31 00:00:00,7,7,8,8,30,0,0,0,0,0,0,0,0,0,0,0,0,0,0,0,0,0,0,0,0,0,0,0,0,0,0,,,,,,,,,,,,,,,,,,,,,,,,,,,,,,,,,,否,YXCSH2023154,,,,,,,,,是,,,,EPCO,,EPCO,服务,"工程设计, 工程建设, 委托运营",,暂定EPCO模式,,,,,,,,,2023,Q3
36,否,临平净水厂委托运行服务项目,4中标策划,东部大区,杭湖区域公司,,C,污水,",,市政污水处理",,已终止,0,0,0,0,0,0,20,20,0,0,,,,,,,,,,,,,,,,,,,,,,,,,,,2023-09-04 00:00:00,2023-09-07 00:00:00,2023-09-25 00:00:00,2023-12-13 00:00:00,2024-01-24 00:00:00,2024-01-31 00:00:00,,2023-09-07 00:00:00,2023-09-25 00:00:00,2023-12-13 00:00:00,,,北控水务（中国）投资有限公司,,投标增量,,0,0,0,0,否,,,2023-12-13 00:00:00,2024-01-31 00:00:00,30,30,0,0,60,0,0,0,0,0,0,0,0,0,0,0,0,0,0,0,0,0,0,0,0,0,0,0,0,0,0,6,北控水务（中国）投资有限公司,2023-12-12 00:00:00,,,,,,,,0,0,0,0,0,0,0,0,0,0,0,0,2023-08-24 00:00:00,2023-12-13 00:00:00,2023-12-31 00:00:00,,,,,,,,,是,YXCSH2023094,0,0,0,0,0,0,,是,是,,,,OM,,OM,服务,委托运营,,人员管理团队入驻,,,,,,,3,,2023,Q3
37,实际,新安县污水厂提标段OM项目,60,东部大区,洛阳区域公司,新安东区污水处理厂,B,污水,",,市政污水处理, 市政污水处理",,已完成（已签约）,0,0,0,0,0,0,4.15,4.15,0,0,0.31,0,0,0,,,,0,0,,,,,,0,0,0,,,0,0,,,0,0,,2023-04-25 00:00:00,2023-06-15 00:00:00,2023-07-13 00:00:00,,2023-08-24 00:00:00,2024-12-31 00:00:00,2023-04-26 00:00:00,2023-05-24 00:00:00,2023-06-15 00:00:00,2023-07-21 00:00:00,2023-08-17 00:00:00,2023-12-21 00:00:00,其他,新安县水务发展集团,非投标增量,,30,100,0,0,否,,,2023-07-21 00:00:00,2024-12-31 00:00:00,5,4,2,1,12,0,0,0,0,0,0,0,0,0,0,0,0,0,0,0,0,0,0,0,0,0,0,0,0,0,0,0,0,2023-11-22 00:00:00,,,,,,,,0,0,0,0,0,0,0,0,0,0,0,0,2023-10-31 00:00:00,2024-02-29 00:00:00,2024-03-15 00:00:00,0,0,72,4.15,0.31,0.2,0,0,是,YXCSH2023164,200,200,0,0,0,0,,是,是,,,,OM,,OM,服务,委托运营,,提标工艺段委托运营,提标改造,,,,,,6,,2023,Q3
38,实际,伊川县再生水委托运营项目,60,东部大区,洛阳区域公司,,A+,再生水,",销售经营类ToB,",,已完成（已签约）,0,0,0,0,0,0,4,4,0,0,3,0,0,0,,,,0,0,,0,,,,,,,,0,4,4,,0,5,,,2023-04-25 00:00:00,2024-06-21 00:00:00,2024-09-28 00:00:00,2024-10-31 00:00:00,2023-12-21 00:00:00,2023-12-31 00:00:00,2023-05-06 00:00:00,2023-05-21 00:00:00,2023-05-23 00:00:00,2023-06-16 00:00:00,2023-06-28 00:00:00,2023-12-21 00:00:00,其他,伊川县产业投资发展有限公司,投标增量,,30,100,0,0,否,,,2023-06-16 00:00:00,2023-12-31 00:00:00,6,3,1.5,1.5,12,0,200,0,0,0,0,0,0,0,0,0,0,200,0,0,0,0,0,0,0,0,0,0,0,0,0,0,0,2025-06-19 00:00:00,,,,,,,,0,0,0,0,0,0,0,0,0,0,0,0,2024-08-31 00:00:00,2025-11-12 00:00:00,2025-12-31 00:00:00,0,0,120,2.4,5,3,0,0,是,YXCSH2023101,0,0,0,0,0,0,,是,是,,,,OM,,OM,服务,委托运营,,委托运营,新建,,,,,,10,,2023,Q3
39,否,聊城市莘县第二污水处理 TOT项目,3方案策划,东部大区,聊城区域公司,,B,污水,",,市政污水处理, 市政污水处理, 工业污水处理",,已终止,0,22940,0,0,0,0,6,4,4,0,2.94,0,0,0,0,,,0,0,,0,0,0,0,0,0,0,0,0,0,0,,0,0,0,,2023-04-23 00:00:00,2023-03-28 00:00:00,2024-06-20 00:00:00,2024-12-20 00:00:00,2025-01-30 00:00:00,2025-02-28 00:00:00,2023-04-26 00:00:00,2023-03-30 00:00:00,,2024-06-19 00:00:00,,,,,投标增量,,,,7,8,,,,2024-06-19 00:00:00,2025-02-28 00:00:00,6,6,6,0,18,0,100,0,0,0,0,0,0,0,0,0,0,100,0,0,0,0,0,0,0,0,0,0,0,0,0,,,,,,,,,,,,,,,,,,,,,,,,,,,,,,,,,,否,YXCSH2023142,,,,,,,,,是,,,,TOT,,OM,服务,委托运营,,0,,,,,,,8,,2023,Q3
40,实际,台州黄岩宁溪污水处理厂三期,6项目签约,东部大区,台州区域公司,台州黄岩北控环保有限公司,A+,污水,",,市政污水处理, 市政污水处理",,已完成（已签约）,0,,,,,,0.5,0.5,0,0,2.55,0,0,0,0,0,0,0,0,,0,0,0,0,0,0,0,0,0,0,0,,0,0,0,,2023-05-12 00:00:00,2024-05-30 00:00:00,2024-07-26 00:00:00,2024-09-22 00:00:00,2024-10-30 00:00:00,2024-10-30 00:00:00,2023-05-12 00:00:00,2023-05-12 00:00:00,2023-05-12 00:00:00,2023-05-12 00:00:00,2023-05-12 00:00:00,2023-05-12 00:00:00,北控中科成环保集团有限公司,,投标增量,,,,0,0,,,0,2023-05-12 00:00:00,2024-10-30 00:00:00,0.2,0.6,0.7,0,1.5,0,0,0,0,0,0,0,0,0,0,0,0,0,0,0,0,0,0,0,0,0,0,0,0,0,0,,,,,,,,,,,,,,,,,,,,,,,,,,,,,,,,,,是,YXCSH2023215,,,,,,,,,是,,,,OM,,OM,服务,委托运营,,委托运营,,,,,,,3,,2023,Q3
41,否,北京市大兴区安定镇农村管网运维项目,2立项策划,北部大区,北京业务区,,C,排水管网,",,",,执行中,0,,,,,,0,0,0,,,0,0,0,,,,70,70,,,,,,0,0,0,,,0,0,,,,0,,2023-06-29 00:00:00,,,,2024-05-31 00:00:00,,2023-06-29 00:00:00,,,,,,,,非投标增量,,,,0,0,,,,,,1,1.1,0,0,2.1,0,0,0,0,0,0,0,0,0,0,0,0,0,0,0,0,0,0,0,0,0,0,0,0,0,0,,,,,,,,,,,,,,,,,,,,,,,,,,,,,,,,,,否,YXCSH2023292,,,,,,,,,是,,,,OM,,OM,服务,委托运营,,委托运营,,,,,,,3,,2023,Q3
42,实际,高新区第二污水处理厂,60,东部大区,临沂区域公司,,A+,污水,",,市政污水处理",,已完成（已签约）,0,0,0,0,0,0,6,3,0,0,1.18,,,,,,,,,,,,,,,,,,,,,,,,,,,2023-07-31 00:00:00,2023-09-15 00:00:00,2023-10-11 00:00:00,2023-11-17 00:00:00,2023-12-29 00:00:00,,,,2023-10-11 00:00:00,2023-11-16 00:00:00,,北控水务（中国）投资有限公司,,投标增量,,100,100,0,0,否,,,2023-10-11 00:00:00,2023-12-29 00:00:00,4.5,4.5,4.5,4.5,18,0,0,0,0,0,0,0,0,0,0,0,100,100,0,0,0,0,0,0,0,0,0,0,0,0,0,0,0,2023-10-10 00:00:00,,,,,,,,0,0,0,0,0,0,0,0,0,0,0,0,2023-10-31 00:00:00,2025-06-30 00:00:00,2025-09-01 00:00:00,0,0,,,,,0,0,是,YXCSH2023042,0,0,0,0,0,0,,否,是,,,,OM,,OM,服务,委托运营,,,新建,,,,,,30,,2023,Q3
43,计划,益海再生水回用项目,2立项策划,东部大区,北京建工环境,,C,污水,",销售经营类ToB,市政污水处理",,执行中,0,,,,,,0.5,0.15,0,,,,,,,,,,,,,,,,,,,,,0.5,0.15,,,,,,2023-11-01 00:00:00,2024-04-30 00:00:00,2024-06-26 00:00:00,,2024-12-15 00:00:00,2024-09-30 00:00:00,2023-11-01 00:00:00,,,,,,,,非投标增量,,,,20,25,,,,,2024-09-30 00:00:00,0.5,0.5,0.5,0,1.5,0,0,0,0,0,0,0,0,0,0,0,0,0,0,0,0,0,0,0,0,0,0,0,0,0,0,,,,,,,,,,,,,,,,,,,,,,,,,,,,,,,,,,是,YXCSH2023048,,,,,,,,,是,,,,BOT,,OM,服务,委托运营,,,,,,,,,14,,2023,Q3
44,否,永州市零陵区鹿坪污水处理厂（一期）委托运营项目,3方案策划,南部大区,永州区域公司,,C,污水,",,市政污水处理, 工业污水处理",,执行中,0,0,0,0,0,0,2,2,0,0,,,,,,,,,,,,,,,,,,,,,,,,,,,2023-11-01 00:00:00,2023-08-09 00:00:00,2024-10-25 00:00:00,2025-03-30 00:00:00,2025-05-20 00:00:00,2025-06-30 00:00:00,2023-11-01 00:00:00,2023-08-09 00:00:00,,,,,,,投标增量,,,,0,0,,,,,2025-06-30 00:00:00,2,2,2,0,6,0,0,0,0,0,0,0,0,0,50,0,0,50,0,0,0,0,0,0,0,0,0,0,0,0,0,,,,,0,,,,,,,,,,,,,,,,,,2024-06-30 00:00:00,2024-06-30 00:00:00,2024-06-30 00:00:00,,,,,,,,,否,YXCSH2023307,,,,,,,,否,是,,,,OM,,,服务,委托运营,,委托运营项目,,,,,,,8,,2023,Q3
45,计划,河南省郑州市巩义市第一污水处理厂提标改造TOT项目,3方案策划,东部大区,郑州业务区,,C,污水,",,市政污水处理",,执行中,0,,,,,,5,5,5,,,,,,,,,,,,,,,,,,,,,,,,,,,,2023-11-29 00:00:00,2024-06-30 00:00:00,2024-08-26 00:00:00,2024-10-23 00:00:00,2024-11-11 00:00:00,2024-11-30 00:00:00,2023-11-29 00:00:00,,,,,,,,投标增量,,,,9.69,13.96,,,,,2024-11-30 00:00:00,4,4,4,3,15,0,0,0,0,790.47,0,0,0,0,0,0,0,790.47,0,0,0,0,0,0,0,0,0,0,0,0,0,0,北控水务（中国）投资有限公司,2024-03-22 00:00:00,,,,,,,,,,,,,,,,,,,,2022-10-12 00:00:00,2023-10-26 00:00:00,2024-05-06 00:00:00,,,,,,,,,否,YXXS2023112000514,,,,,,,,,否,,,,TOT,2类-存带增,,,,,重投二类TOT项目,,,,,,,,,2023,Q3
46,否,苏陈污水处理厂及配套基础设施项目工程总承包EPCO(拟)项目,1市场阶段,东部大区,苏皖业务区,,C,污水,",,市政污水处理, 工业污水处理",,执行中,0,,,,,,2,2,0,,,,,,,,,,,,,,,,,,,,,,,,,,,,2023-11-01 00:00:00,2024-07-30 00:00:00,2024-09-25 00:00:00,2024-11-22 00:00:00,2024-04-10 00:00:00,2024-12-30 00:00:00,2023-02-17 00:00:00,,,,,,,,投标增量,,,,0,0,,,,,2024-12-30 00:00:00,1,2,2,1,6,0,0,0,0,0,0,0,0,0,0,0,0,0,0,0,0,0,0,0,0,0,0,0,0,0,0,,,,,,,,,,,,,,,,,,,,,,,,,,,,,,,,,,是,YXCSH2023016,,,,,,,,,是,,,,EPCO,,,服务,委托运营,,拟采取EPCO模式,,,,,,,,,2023,Q3
47,否,伊滨中水供应项目,1市场阶段,东部大区,洛阳区域公司,,C,再生水,",销售经营类ToB,",,执行中,0,,,,,,,,,,,,,,,,,,,,,,,,,,,,,3,3,,,,,,2023-11-01 00:00:00,,,,2024-11-21 00:00:00,,2023-11-01 00:00:00,,,,,,,,投标增量,,,,0,0,,,,,,2,2,2,3,9,0,0,0,0,0,0,0,0,0,0,0,300,300,0,0,0,0,0,0,0,0,0,0,0,0,0,,,,,,,,,,,,,,,,,,,,,,,,,,,,,,,,,,否,YXCSH2023023,,,,,,,,,是,,,,TOT,,OM,服务,委托运营,,,,,,,,,10,,2023,Q3
48,否,和林格尔乳业开发区污水处理厂特许经营项目,6项目签约,北部大区,内蒙古业务区,,A+,污水,",,市政污水处理, 工业污水处理",,执行中,0.535,2370,0,0,9480,0,3,3,3,11850,3.69,,,,,,,,,,,,,,,,,,,3,1,,0,1.75,,,2022-07-30 00:00:00,2023-01-31 00:00:00,2024-09-26 00:00:00,2024-11-23 00:00:00,2023-05-15 00:00:00,2024-12-31 00:00:00,2022-07-30 00:00:00,2022-11-15 00:00:00,2022-12-31 00:00:00,2023-03-28 00:00:00,,,北控水务（中国）投资有限公司,,投标增量,不涉及,20,100,9.2,14.97,否,0,0,2023-03-28 00:00:00,2024-12-31 00:00:00,3,3,3,0,9,0,0,0,0,0,0,0,0,0,2370,0,0,2370,0,0,0,0,0,0,0,0,0,1605,2675,1070,5350,0,无,2023-09-01 00:00:00,,,,,,,,6500,1300,0,0,5200,0,0,0,0,0,0,0,2024-12-31 00:00:00,2026-06-30 00:00:00,2026-08-01 00:00:00,,,,,,,,,是,YXCSH2023040,5350,1070,0,0,4280,0,,,是,,,,ROT,1类-保履约,,,,,无,,,,,,,,,2023,Q3
49,否,临汾市第五污水厂项目,1市场阶段,东部大区,晋临区域公司,,C,污水,",,市政污水处理, 市政污水处理",,执行中,0,,,,,,18,3,3,,,,,,,,,,,,,,,,,,,,,,,,,,,,2023-11-01 00:00:00,2024-07-20 00:00:00,2024-09-15 00:00:00,2024-11-12 00:00:00,2024-12-09 00:00:00,2024-12-20 00:00:00,2023-11-01 00:00:00,,,2024-11-12 00:00:00,,,,,投标增量,,,,0,0,,,,2024-11-12 00:00:00,2024-12-20 00:00:00,9,15,15,15,54,0,0,0,0,0,0,0,0,0,0,0,0,0,0,0,0,0,0,0,0,0,0,0,0,0,0,,,,,,,,,,,,,,,,,,,,,,,,,,,,,,,,,,否,YXCSH2023047,,,,,,,,,是,,,,BOT,2类-存带增,其他,服务,委托运营,,第三方投资+我公司OM,,,,,,,3,,2023,Q3
50,否,北京市朝阳区北苑污水处理厂再生水销售项目,3方案策划,北部大区,北京业务区,,C,再生水,",销售经营类ToB,",,执行中,0,,,,,,0,0,0,,,0,0,0,,,,0,0,,,,,,0,0,0,,,4,1,,,,0,,2023-04-04 00:00:00,2024-06-30 00:00:00,2024-08-26 00:00:00,,2024-10-31 00:00:00,2024-11-30 00:00:00,2023-04-04 00:00:00,,,,,,,,非投标增量,,,,0,0,,,,,2024-11-30 00:00:00,0.75,0.75,0.75,0.75,3,0,0,0,0,0,0,0,0,0,0,0,0,0,0,0,0,0,0,0,0,0,0,0,0,0,0,,,,,0,0,0,0,0,0,0,0,0,0,0,0,0,0,0,0,0,0,,,,,,,,,,,,否,YXCSH2023052,0,0,0,0,0,0,,,是,,,,售水,,,服务,委托运营,,,,,,,,,,,2023,Q3
51,否,南陵县自来水委托运营项目,3方案策划,东部大区,苏皖业务区,,C,供水,"水司, 水司(主营业务),,",,执行中,0,,,,,,,,,,,10,10,10,,,,,,,,,,,,,,,,,,,,,10,,2024-03-31 00:00:00,2024-07-01 00:00:00,2024-08-27 00:00:00,2024-10-24 00:00:00,2024-10-31 00:00:00,2024-12-01 00:00:00,2024-03-31 00:00:00,,,,,,,,投标增量,,,,10,10,,,,,2024-12-01 00:00:00,8,8,8,6,30,0,0,0,0,0,0,0,0,0,0,0,1000,1000,0,0,0,0,0,0,0,0,0,0,0,0,0,,,,,,,,,,,,,,,,,,,,,,,,,,,,,,,,,,否,YXCSH2023067,,,,,,,,,是,,,,OM,,OM,服务,委托运营,,南陵县县域供水的委托运营服务。,,,,,,,25,,2023,Q3
52,计划,新塘下沉式再生水厂一期BOT项目,3方案策划,南部大区,广佛区域公司,,B,污水,",,市政污水处理, 市政污水处理",,执行中,0,0,0,0,0,0,20,15,0,180000,4.2,,,,,,,,,,,,,,,,,,,,,,,,无,,2023-11-01 00:00:00,2023-03-06 00:00:00,2024-09-25 00:00:00,2024-11-22 00:00:00,2024-09-30 00:00:00,2024-12-30 00:00:00,2023-11-09 00:00:00,2023-03-06 00:00:00,,,,,,,投标增量,,,,7,9,,,,,2024-12-30 00:00:00,11.25,11.25,11.25,11.25,45,0,0,0,0,0,0,0,0,0,100,0,0,100,0,0,0,0,0,0,0,0,0,0,0,0,0,80,北控水务（中国）投资有限公司,2024-07-15 00:00:00,,,,,,,,,,,,,,,,,,,,2024-10-15 00:00:00,2026-10-15 00:00:00,2026-11-15 00:00:00,,,,,,,,,否,YXCSH2023069,,,,,,,,是,是,,,,EPCO,,EPCO,服务,"工程管理, 委托运营",,,,,,,,,,,2023,Q3
53,否,宜宾市污泥减量及处置项目,2立项策划,西部大区,宜宾区域公司,,C,污泥,",,",,执行中,0,0,0,0,12000,0,0,0,0,0,0,0,0,0,0,0,0,0,0,,0,0,0,0,200,200,0,12000,,0,0,,0,0,无,,2023-04-28 00:00:00,2024-09-30 00:00:00,2024-11-30 00:00:00,2025-02-28 00:00:00,2025-05-31 00:00:00,2025-06-30 00:00:00,2023-04-28 00:00:00,,,2025-06-30 00:00:00,,,,,投标增量,,,,0,0,,,,2025-06-30 00:00:00,2025-06-30 00:00:00,0.27,0.27,0.27,0.27,1.08,0,0,0,0,0,0,0,0,0,0,0,500,500,0,0,0,0,0,0,0,0,0,0,0,0,0,,,,,,,,,,,,,,,,,,,,,,,,,,,,,,,,,,否,YXCSH2023077,,,,,,,,,是,4253,,,BOO,,OM,服务,委托运营,,经大区要求，预计轻化为OM模式,,,,,,,5,,2023,Q3
54,计划,贵港市江南污水厂委托运营项目,2立项策划,南部大区,贵港区域公司,,C,污水,",,市政污水处理, 市政污水处理",,执行中,0,0,0,0,0,0,10,4,0,0,,,,,,,,,,,,,,,,,,,,,,,,,,,2023-08-01 00:00:00,2024-07-30 00:00:00,2024-09-25 00:00:00,2024-11-22 00:00:00,2024-12-15 00:00:00,2024-12-30 00:00:00,2023-08-01 00:00:00,2023-10-31 00:00:00,,2024-11-28 00:00:00,,,,,投标增量,,,,0,0,,,,2024-11-28 00:00:00,2024-12-30 00:00:00,0,0,0,0,0,0,0,0,0,0,0,0,0,0,0,0,0,0,0,0,0,0,0,0,0,0,0,0,0,0,0,,,,,,,,,,,,,,,,,,,,,,,,,,,,,,,,,,否,YXCSH2023091,,,,,,,,,是,,,,OM,,OM,服务,委托运营,,,,,,,,,1,,2023,Q3
55,否,河南省洛阳市偃师第一污水处理厂,3方案策划,东部大区,洛阳区域公司,,B,污水,",,市政污水处理, 再生水污水处理ToG, 市政污水处理",,执行中,0,0,0,0,0,0,8,0,0,0,,,,,,,,,,,,,,,,,,,,,,,,,,,2022-09-30 00:00:00,2022-10-28 00:00:00,,,2024-04-25 00:00:00,,2022-09-30 00:00:00,2022-11-01 00:00:00,,,,,,,投标增量,,,,0,0,,,,,,4.5,4.5,4.5,4.5,18,0,0,0,0,600,0,0,0,0,0,0,0,600,0,0,0,0,0,0,0,0,0,0,0,0,0,0,0,2024-02-25 00:00:00,,,,,,,,,,,,,,,,,,,,2024-06-01 00:00:00,2024-06-01 00:00:00,2024-06-01 00:00:00,,,,,,,,,否,YXCSH2023108,,,,,,,,否,是,,,,TOT,,OM,服务,委托运营,,一二期污水处理项目拟以委托运营模式实施，提标改造和中水下一步拟去偃师区政府洽谈同样以委托运营方式实施。,,,,,,,6,,2023,Q3
56,否,临汾二污市场化项目,2立项策划,东部大区,晋临区域公司,,C,污水,",,市政污水处理, 市政污水处理",,执行中,0,,,,,,3,3,0,,,,,,,,,,,,,,,,,,,,,,,,,,,,2023-11-01 00:00:00,2024-11-21 00:00:00,2024-12-27 00:00:00,2025-02-28 00:00:00,2025-03-12 00:00:00,2025-03-28 00:00:00,2023-11-01 00:00:00,,,2025-02-28 00:00:00,,,,,投标增量,,,,0,0,,,,2025-02-28 00:00:00,2025-03-28 00:00:00,1,2,2,4,9,0,0,0,0,0,0,0,0,0,0,0,50,50,0,0,0,0,0,0,0,0,0,0,0,0,0,10,北控水务（中国）投资有限公司,2024-11-19 00:00:00,,,,,,,,,,,,,,,,,,,,2025-04-01 00:00:00,2026-09-10 00:00:00,2026-11-05 00:00:00,,,,,,,,,否,YXCSH2023119,,,,,,,,,是,,,,TOT,,OM,服务,委托运营,,不涉及新增工程,,,,,,,5,,2023,Q3
57,否,济南市腊山污水处理厂二期工程,3方案策划,东部大区,济南区域公司,,B,污水,",,市政污水处理, 市政污水处理",,执行中,0,,,,,,4,4,4,,,,,,,,,,,,,,,,,,,,,,,,,,,,2024-03-18 00:00:00,2024-09-30 00:00:00,2024-11-10 00:00:00,2024-12-01 00:00:00,2024-12-13 00:00:00,2024-12-25 00:00:00,2024-03-18 00:00:00,,,,,,,,非投标增量,,,,6.5,7.5,,,,,2024-12-25 00:00:00,6,6,0,0,12,0,0,0,0,100,0,0,0,0,0,0,0,100,0,0,0,0,0,0,0,0,0,0,0,0,0,,,,,,,,,,,,,,,,,,,,,,,,,,,,,,,,,,否,YXCSH2023123,,,,,,,,,是,,,,BOT,2类-存带增,OM,服务,委托运营,,,,,,,,,10,,2023,Q3
58,否,增城区开发区再生水厂OM项目,3方案策划,南部大区,广佛区域公司,,C,污水,",,市政污水处理, 市政污水处理, 工业污水处理",,执行中,0,0,0,0,0,0,12.5,12.5,0,0,0,,,,,,,,,,,,,,,,,,,,,,,,无,,2023-11-01 00:00:00,2023-03-06 00:00:00,2024-12-01 00:00:00,2025-03-01 00:00:00,2025-09-01 00:00:00,2025-10-10 00:00:00,2023-11-01 00:00:00,2023-03-06 00:00:00,,,,,,,非投标增量,,,,0,0,,,,,2025-10-10 00:00:00,9.37,9.37,9.38,9.38,37.5,0,0,0,0,0,0,0,0,0,0,0,0,0,0,0,0,0,0,0,0,0,0,0,0,0,0,,,,,,,,,,,,,,,,,,,,,,,2023-07-04 00:00:00,2025-07-03 00:00:00,2025-08-03 00:00:00,,,,,,,,,否,YXCSH2023130,,,,,,,,是,是,,,,OM,,OM,服务,委托运营,,建设完成后，由排水公司委托双方成立的合资公司运维,,,,,,,3,,2023,Q3
59,计划,普宁市洪阳镇污水处理厂扩建、提标改造及配套管网建设工程项目,3方案策划,南部大区,深汕区域公司,,B,污水,",,市政污水处理, 市政污水处理",,执行中,0,0,0,22511.6,0,0,2,2,0,8605,,,,,,,,32.6,32.6,,8716.8,,,,,,,,,,,,,,新建配套管网32.6公里。,,2023-04-01 00:00:00,2023-07-13 00:00:00,2024-09-08 00:00:00,2024-11-05 00:00:00,2024-09-30 00:00:00,2024-12-13 00:00:00,2023-04-21 00:00:00,2023-07-13 00:00:00,,,,,,,投标增量,,,,0,0,,,,,2024-12-13 00:00:00,1.5,1.5,1.5,1.5,6,0,0,0,0,0,0,0,0,0,0,0,0,0,0,0,0,0,0,0,0,0,0,0,0,0,0,10,北控水务（中国）投资有限公司,2024-07-31 00:00:00,,,,,,,,,,,,,,,,,,,,2024-12-31 00:00:00,2026-04-30 00:00:00,2026-05-01 00:00:00,,,,,,,,,否,YXCSH2023150,,,,,,,,否,是,,,,EPCO,,EPCO,"服务, 产品","工程设计, 工程建设, 委托运营",环保装备,EPCO模式，运营范围只含厂不含管网。,,,,,,,,,2023,Q3
60,计划,普宁市里湖镇污水处理厂扩建、提标改造及配套管网建设工程项目,3方案策划,南部大区,深汕区域公司,,B,污水,",,市政污水处理, 市政污水处理",,执行中,0,0,0,18059.6,0,0,0.5,0.5,0,6443.2,,,,,,,,20.2,20.2,,6997.1,,,,,,,,,,,,,,新建配套管网32.6公里。,,2023-04-01 00:00:00,2023-07-13 00:00:00,2024-09-08 00:00:00,2024-11-05 00:00:00,2024-09-30 00:00:00,2024-12-13 00:00:00,2023-04-21 00:00:00,2023-07-13 00:00:00,,,,,,,投标增量,,,,0,0,,,,,2024-12-13 00:00:00,0.4,0.4,0.4,0.3,1.5,0,0,0,0,0,0,0,0,0,0,0,0,0,0,0,0,0,0,0,0,0,0,0,0,0,0,10,北控水务（中国）投资有限公司,2024-07-31 00:00:00,,,,,,,,,,,,,,,,,,,,2024-12-31 00:00:00,2026-04-30 00:00:00,2026-05-01 00:00:00,,,,,,,,,否,YXCSH2023151,,,,,,,,否,是,,,,EPCO,,EPCO,"产品, 服务","工程设计, 工程建设, 委托运营",环保装备,EPCO模式，运营范围只含厂不含管网。,,,,,,,,,2023,Q3
61,否,榆林二污项目,2立项策划,东部大区,西安区域公司,,C,污水,",,市政污水处理, 市政污水处理",,执行中,0,,,,,,5,5,0,,,0,0,0,,,,0,0,,,,,,0,0,0,,,0,0,,,,0,,2023-04-27 00:00:00,2024-07-31 00:00:00,2024-09-26 00:00:00,2024-11-08 00:00:00,2024-11-29 00:00:00,2024-12-31 00:00:00,2023-04-27 00:00:00,,,2024-11-22 00:00:00,,,,,投标增量,,,,15,0,,,,2024-11-22 00:00:00,2024-12-31 00:00:00,2,3,5,5,15,0,0,0,0,0,0,0,0,0,0,0,0,0,0,0,0,0,0,0,0,0,0,0,0,0,0,,,,,,,,,,,0,0,0,0,0,0,0,0,0,0,0,0,,,,,,,,,,,,否,YXCSH2023166,0,0,0,0,0,0,,,是,,,,EPCO,,OM,服务,委托运营,,政府意向自己投资寻找第三方运营,,,,,,,3,,2023,Q3
62,否,双流区东升污水处理厂中水回用项目,1市场阶段,西部大区,蓉南区域公司,,C,再生水,",销售经营类ToB,",,执行中,0,,,,,,,,,,,,,,,,,,,,,,,,,,,,,5,5,,,,,,2023-04-28 00:00:00,2024-11-01 00:00:00,2024-10-08 00:00:00,2025-02-01 00:00:00,2025-03-01 00:00:00,2025-04-01 00:00:00,2023-04-28 00:00:00,,,,,,,,投标增量,,,,0,0,,,,,2025-04-01 00:00:00,0,0,0,0,0,0,0,0,0,0,0,0,0,0,0,0,0,0,0,0,0,0,0,0,0,0,0,0,0,0,0,,,,,,,,,,,,,,,,,,,,,,,,,,,,,,,,,,否,YXCSH2023186,,,,,,,,,是,,,,OM,,OM,服务,委托运营,,政府拥有的污水处理设施委托我方负责运营,,,,,,,3,,2023,Q3
63,计划,云南省曲靖市城南片区污水处理设施及综合管网提升改造项目,6项目签约,西部大区,玉溪区域公司,,A,污水,",,市政污水处理, 市政污水处理",,执行中,0,0,0,0,0,0,8,4,0,0,0.3,,,,,,,,,,,,,,,,,,,,,,,,,,2023-05-08 00:00:00,2023-10-17 00:00:00,2023-12-13 00:00:00,,2023-12-01 00:00:00,2024-09-30 00:00:00,2023-05-31 00:00:00,2023-09-19 00:00:00,2023-09-19 00:00:00,2023-09-19 00:00:00,2023-12-01 00:00:00,,其他,本项目为委托运营项目,非投标增量,,0,0,0,0,否,,,2023-09-19 00:00:00,2024-09-30 00:00:00,10,14,0,0,24,0,0,0,0,0,0,0,0,0,0,0,0,0,0,0,0,0,0,0,0,0,0,0,0,0,0,0,0,2023-12-31 00:00:00,,,,,,,,0,0,0,0,0,0,0,0,0,0,0,0,2022-12-01 00:00:00,2024-06-01 00:00:00,2023-09-01 00:00:00,0,0,12,4,0.3,0.23,0,0,是,YXCSH2023201,0,0,0,0,0,0,,是,是,,,,OM,,OM,服务,委托运营,,曲靖市麒麟区土地开发投资有限责任公司委托我方运营,新建,,,,,,1,,2023,Q3
64,计划,广东省江门市恩平市谭江重点支流水环境治理工程EPCO项目,1市场阶段,南部大区,江门区域公司,,C,水环境综合治理,",,",,执行中,0,0,0,15500,0,0,,0.3,,,,0,0,0,0,,,,,,,,,,,,,,,,,,,,,,2023-04-26 00:00:00,2024-07-30 00:00:00,2024-09-25 00:00:00,2024-11-22 00:00:00,2024-09-16 00:00:00,2024-12-30 00:00:00,2023-04-26 00:00:00,,,,,,,,投标增量,,,,0,0,,,,,2024-12-30 00:00:00,2.85,2.85,2.85,2.85,11.4,0,0,0,0,0,0,0,0,0,200,0,0,200,0,0,0,0,0,0,0,0,0,0,0,0,0,80,北控水务（中国）投资有限公司,2024-06-14 00:00:00,,,,,,,,,,,,,,,,,,,,,,,,,,,,,,,否,YXCSH2023219,,,,,,,,,是,,,,EPCO,2类-存带增,EPCO,服务,委托运营,,无,,,,,,,,,2023,Q3
65,计划,新中安污水处理厂中水项目,3方案策划,东部大区,洛阳区域公司,,C,再生水,",销售经营类ToB,",,执行中,0,0,0,0,0,0,2,0,0,0,,0,0,0,,,,0,0,,,,,,0,0,0,,,2,2,,0,,0,,2023-05-03 00:00:00,2024-05-30 00:00:00,2024-06-06 00:00:00,2024-08-03 00:00:00,2023-09-14 00:00:00,2024-09-10 00:00:00,2023-11-01 00:00:00,2024-05-15 00:00:00,,2024-08-31 00:00:00,,,,,投标增量,,,,8,11,,,,2024-08-31 00:00:00,2024-09-10 00:00:00,2,1,2,1,6,0,0,0,0,0,0,300,0,0,0,0,0,300,0,0,0,0,0,0,0,0,0,0,0,0,0,,,,,,,,,,,,,,,,,,,,,,,,,,,,,,,,,,否,YXCSH2023222,,,,,,,,否,是,,,,BOO,2类-存带增,OM,服务,委托运营,,,,,,,,,20,,2023,Q3
66,否,昌乐县城北污水处理厂升级改造项目,2立项策划,东部大区,潍坊区域公司,,C,污水,",,市政污水处理, 市政污水处理",,执行中,0,,,,,,4,4,4,,,0,0,0,,,,0,0,,,,,,0,0,0,,,0,0,,,,0,,2023-05-15 00:00:00,2024-09-30 00:00:00,2024-11-26 00:00:00,,2024-07-26 00:00:00,2025-03-02 00:00:00,2023-05-15 00:00:00,,,,,,,,,,,,0,0,,,,,2025-03-02 00:00:00,3,3,3,3,12,0,0,0,0,0,0,0,0,0,0,0,0,0,0,0,0,0,0,0,0,0,0,0,0,0,0,0,0,2024-04-30 00:00:00,,,,,,,,0,0,0,0,0,0,0,0,0,0,0,0,2024-07-19 00:00:00,2025-06-30 00:00:00,2025-05-01 00:00:00,,,,,,,,,否,YXCSH2023235,0,0,0,0,0,0,,,是,,,,BOT,1类-保履约,OM,服务,委托运营,,无,,,,,,,14,,2023,Q3
67,否,徐州丰县城西污水处理厂项目,2立项策划,东部大区,苏皖业务区,,C,污水,",,市政污水处理, 市政污水处理",,执行中,0,,,,,,4,4,4,,,0,0,0,,,,0,0,,,,,,0,0,0,,,0,0,,,,0,,2023-04-30 00:00:00,,,,2024-02-20 00:00:00,,2023-06-01 00:00:00,,,,,,,,投标增量,,,,15,15,,,,,,3,3,3,3,12,0,0,0,0,0,0,0,0,0,0,0,0,0,0,0,0,0,0,0,0,0,0,0,0,0,0,,,,,,,,,,,,,,,,,,,,,,,,,,,,,,,,,,否,YXCSH2023245,,,,,,,,,是,,,,BOT,,EPCO,服务,委托运营,,,,,,,,,,,2023,Q3
68,否,菏泽市牡丹区青年湖污水处理厂扩建项目,2立项策划,东部大区,菏泽区域公司,,C,污水,",,市政污水处理, 市政污水处理",,执行中,0,,,,,,1,1,1,,,,,,,,,,,,,,,,,,,,,,,,,,,,2023-11-01 00:00:00,2025-08-20 00:00:00,2025-09-30 00:00:00,2025-11-10 00:00:00,2025-11-28 00:00:00,2025-12-20 00:00:00,2023-11-01 00:00:00,,,2025-11-20 00:00:00,,,,,投标增量,,,,7,8,,,,2025-11-20 00:00:00,2025-12-20 00:00:00,0.5,1,1,0.5,3,0,0,0,0,0,0,0,0,0,0,100,0,100,0,0,0,0,0,0,0,0,0,0,0,0,0,,,,,,,,,,,,,,,,,,,,,,,,,,,,,,,,,,否,YXCSH2023277,,,,,,,,,是,,,,BOT,2类-存带增,OM,服务,委托运营,,,,,,,,,5,,2023,Q3
69,计划,海宁实康供水双膜系统委托运营项目,60,东部大区,杭湖区域公司,海宁市第三水厂,C,供水,"制水,,",,已完成（已签约）,0,0,0,0,0,0,,,,,,5,5,0,0,0,0.11,,,,,,,,,,,,,,,,,,/,,2023-04-18 00:00:00,2023-12-19 00:00:00,2023-12-15 00:00:00,2023-12-18 00:00:00,2023-12-26 00:00:00,2023-12-29 00:00:00,2023-04-18 00:00:00,2023-12-14 00:00:00,2023-12-15 00:00:00,2023-12-18 00:00:00,2023-12-26 00:00:00,2024-01-20 00:00:00,不涉及,不涉及,非投标增量,,0,0,0,0,否,,,2023-12-18 00:00:00,2023-12-29 00:00:00,10,5,0,0,15,0,0,0,0,0,0,0,0,0,0,0,0,0,0,0,0,0,0,0,0,0,0,0,0,0,0,0,不涉及,2023-12-31 00:00:00,,,,,,,,0,0,0,0,0,0,0,0,0,0,0,0,2023-01-01 00:00:00,2023-12-31 00:00:00,2024-04-01 00:00:00,0,0,154,0,0.11,0.08,0,0,是,YXCSH2023206,0,0,0,0,0,0,,是,是,,,,OM,,OM,服务,委托运营,,成本加成,技改,,,,,,12,,2023,Q3
70,计划,2024年仪征市乡镇污水处理厂委托运营项目,60,东部大区,苏皖业务区,,C,污水,",,市政污水处理",,已完成（已签约）,0,0,0,0,0,0,1.1,1.1,0,0,,,,,,,,,,,,,,,,,,,,,,,,,,XS2023111600466,2023-11-22 00:00:00,2023-11-27 00:00:00,2024-01-23 00:00:00,2024-03-21 00:00:00,2023-12-20 00:00:00,2024-04-28 00:00:00,2023-11-22 00:00:00,2023-11-27 00:00:00,2023-11-30 00:00:00,2023-12-14 00:00:00,2023-12-20 00:00:00,2024-01-01 00:00:00,北控水务（中国）投资有限公司,因需投标,投标增量,,0,100,26,26,否,,,2023-12-14 00:00:00,2024-04-28 00:00:00,0,0,0,3,3,0,0,0,0,0,0,0,0,0,0,0,0,0,0,0,0,0,0,0,0,0,0,0,0,0,0,5,北控水务（中国）投资有限公司,2023-12-08 00:00:00,,,,,,,,0,0,0,0,0,0,0,0,0,0,0,0,2024-01-01 00:00:00,2023-12-31 00:00:00,2024-01-01 00:00:00,,,,,,,,,是,YXXS2023111600466,0,0,0,0,0,0,,否,是,,,,,,OM,服务,委托运营,,委托运营服务，承担人工、药剂等费用,,,,,,,1,,2023,Q3
71,计划,东莞石龙污水处理厂二期委托运营项目,1市场阶段,南部大区,东莞区域公司,,B,污水,",,市政污水处理, 市政污水处理",,执行中,0,,,,,,1,1,0,,,,,,,,,,,,,,,,,,,,,,,,,,无,,2023-09-07 00:00:00,2024-09-30 00:00:00,2024-10-18 00:00:00,2024-09-18 00:00:00,2024-11-29 00:00:00,2024-12-30 00:00:00,,,,,,,,,非投标增量,,,,0,0,,,,,2024-12-30 00:00:00,0.5,0.5,1,1,3,0,0,0,0,0,0,0,0,0,0,0,0,0,0,0,0,0,0,0,0,0,0,0,0,0,0,,,,,,,,,,,,,,,,,,,,,,,,,,,,,,,,,,否,YXCSH2023140,,,,,,,,,是,,,,OM,,OM,服务,委托运营,,由东莞水务建设，拟采购我司设备，并于建成后委托我司运营（一期BOT本身就是我司在运营，两期用地和设施有公共部分）,,,,,,,10,,2023,Q3
72,否,广东省东莞市石龙污泥减量项目,1市场阶段,南部大区,莞惠区域公司,,C,污泥,",,",,执行中,0,,,,,,,,,,,,,,,,,,,,,,,,20,20,0,,,,,,,,无,,2023-11-01 00:00:00,2025-11-30 00:00:00,2026-02-26 00:00:00,2026-03-10 00:00:00,2026-04-22 00:00:00,2026-05-02 00:00:00,2023-11-01 00:00:00,,,2026-03-15 00:00:00,,,,,投标增量,,,,0,0,,,,2026-03-15 00:00:00,2026-05-02 00:00:00,0.9,0.9,0.9,0.9,3.6,0,0,0,0,0,0,0,0,0,0,0,0,0,0,0,0,0,0,0,0,0,0,0,0,0,0,,,,,,,,,,,,,,,,,,,,,,,,,,,,,,,,,,否,YXCSH2023223,,,,,,,,,是,1500,,,OM,,OM,服务,委托运营,,委托运营,,,,,,,9,,2023,Q3
73,否,东莞市桥头一期提标运营项目,1市场阶段,南部大区,莞惠区域公司,,C,污水,",,市政污水处理, 市政污水处理",,执行中,0,,,,,,4,4,0,,,,,,,,,,,,,,,,,,,,,,,,,,无,,2023-11-01 00:00:00,2025-08-18 00:00:00,2025-10-14 00:00:00,,2025-11-20 00:00:00,2025-12-31 00:00:00,2023-11-01 00:00:00,,,,,,,,非投标增量,,,,0,0,,,,,2025-12-31 00:00:00,3,3,3,3,12,0,0,0,0,0,0,0,0,0,0,0,0,0,0,0,0,0,0,0,0,0,0,0,0,0,0,0,0,2023-11-23 00:00:00,,,,,,,,,,,,,,,,,,,,2023-10-12 00:00:00,2023-11-23 00:00:00,2023-12-22 00:00:00,,,,,,,,,否,YXCSH2023224,,,,,,,,,是,,,,OM,,OM,服务,委托运营,,委托运营,,,,,,,9,,2023,Q3
74,否,济源市城市污水处理厂提标改造工程,2立项策划,东部大区,郑州业务区,,C,污水,",,市政污水处理",,已暂停,0.52,,,,,,10,1.5,1.5,,,,,,,,,,,,,,,,,,,,,,,,,,,,2023-11-01 00:00:00,2024-12-30 00:00:00,2025-02-28 00:00:00,2025-02-28 00:00:00,2025-06-27 00:00:00,2025-09-30 00:00:00,2023-11-01 00:00:00,,,2025-02-27 00:00:00,,,,,投标增量,,,,9.11,18.66,,,,2025-02-27 00:00:00,2025-09-30 00:00:00,10,10,10,0,30,0,0,0.52,0,0,0,0,0,0,0,0,0,0.52,0,0,0,0,0,0,0,0,0,0,0,0,0,0,无,2024-03-29 00:00:00,,,,,,,,,,,,,,,,,,,,2024-03-29 00:00:00,2025-03-28 00:00:00,2024-06-28 00:00:00,,,,,,,,,否,YXCSH2023020,,,,,,,,,否,,,,BOT,1类-保履约,,,,,,,,,,,,,,2023,Q3
75,否,德力西污水并购项目中的乐清市翁垟污水处理厂,2立项策划,东部大区,台州区域公司,,C,污水,",,市政污水处理",,已终止,0,,,,,,22,22,0,,,,,,,,,,,,,,,,,,,,,,,,,,,,2023-11-01 00:00:00,2024-06-30 00:00:00,2024-08-26 00:00:00,2024-10-23 00:00:00,2024-08-01 00:00:00,2024-11-30 00:00:00,2023-11-01 00:00:00,,,,,,,,并购增量,,,,0,0,,,,,2024-11-30 00:00:00,16,20,15,15,66,0,0,0,0,0,0,0,0,0,0,0,0,0,0,0,0,0,0,0,0,0,0,0,0,0,0,,,,,,,,,,,,,,,,,,,,,,,,,,,,,,,,,,否,YXCSH2023093,,,,,,,0,,是,,,,并购,3类-空白区域,OM,服务,委托运营,,,,,,,,,23,,2023,Q3
76,否,汤岗子污水处理厂,2立项策划,北部大区,鞍山区域公司,,C,污水,",,市政污水处理, 市政污水处理",,执行中,0,,,,,,1.5,1.5,1.5,,,,,,,,,,,,,,,,,,,,,,,,,,,YXCSH2023196,,2024-07-18 00:00:00,2024-07-18 00:00:00,,2024-11-30 00:00:00,2024-12-31 00:00:00,,2024-07-18 00:00:00,2024-07-18 00:00:00,,,,,,非投标增量,,,,7,7,,,,,2024-12-31 00:00:00,1,1,1,0.25,3.25,0,0,0,0,0,0,0,0,0,0,0,0,0,0,0,0,0,0,0,0,0,0,0,0,0,0,,,,,,,,,,,,,,,,,,,,,,,,,,,,,,,,,,是,YXCSH2023196,,,,,,,,,是,,,,TOT,,OM,服务,委托运营,,,,,,,,,3,,2023,Q3
77,否,巨野河污水处理厂一期TOT项目,60,东部大区,济南区域公司,,C,污水,",,市政污水处理, 市政污水处理",,已完成（已签约）,0.2961,750,0,0,1750,461.67,1,1,1,2961.67,1.78,,,,,,,,,,,,,,,,,,,,,,,,1,YXCSH2023255,2023-09-30 00:00:00,2023-09-21 00:00:00,2023-11-17 00:00:00,2024-03-13 00:00:00,2024-02-05 00:00:00,2024-04-10 00:00:00,2023-09-30 00:00:00,2023-10-18 00:00:00,2023-11-29 00:00:00,2024-03-19 00:00:00,2024-02-05 00:00:00,2024-04-09 00:00:00,北控水务（中国）投资有限公司,,投标增量,,30,100,8.8,11.47,否,,,2024-03-19 00:00:00,2024-04-10 00:00:00,0,0,0,3,3,750,50,0,0,0,400,0,0,0,0,0,0,1200,1250,0,0,1250,0,0,0,0,0,0,0,0,2500,0,0,2023-12-29 00:00:00,,,,,,,,0,0,0,0,0,0,0,0,0,0,0,0,2025-11-30 00:00:00,2025-11-30 00:00:00,2024-11-30 00:00:00,2961.67,96.67,348,0.7,1.78,1.03,0,0,是,YXCSH2023255,3961.47,1211.47,1750,0,0,0,,否,否,,,,TOT,1类-保履约,,,,,我司于2023年6月30日中标巨野河污水处理厂二期BOT项目，巨野河污水处理厂二期项目与一期项目共用部分较多，且前期与甲方沟通巨野河污水处理厂时，双方达成一致意见，以巨野河污水处理厂一期以TOT模式进行合作；,其他,,,,,,,,2023,Q3
78,否,洛阳瀍东污水处理厂二期二阶段BOT建设项目,60,东部大区,洛阳区域公司,瀍东污水处理厂,C,污水,",,市政污水处理",,已完成（已签约）,1.8183,3636.79,0,0,14547.2,0,5,5,5,3636.79,1.22,,,,,,,,,,,,,,,,,,,,,,,,,YXCSH2023111,2023-11-01 00:00:00,2023-09-24 00:00:00,2023-11-20 00:00:00,,2024-02-15 00:00:00,2024-04-20 00:00:00,2023-11-01 00:00:00,2023-09-24 00:00:00,2023-11-20 00:00:00,2024-04-15 00:00:00,2023-04-03 00:00:00,2024-04-20 00:00:00,北控（洛阳）水务发展有限公司,北控（洛阳）水务发展有限公司,非投标增量,,70,70,9,10.2,否,,,2024-04-15 00:00:00,2024-04-20 00:00:00,3.75,3.75,3.75,3.75,15,0,0,0,0,0,0,0,0,0,0,0,0,0,0,0,0,0,0,0,0,0,0,0,0,0,0,0,无,2024-04-15 00:00:00,,,,,,,,18183.99,3636.9,0,0,0,0,18183.99,3636.9,0,0,0,0,2024-03-01 00:00:00,2025-03-01 00:00:00,2025-06-30 00:00:00,12439.64,80,,,,,0,0,否,YXCSH2023111,0,0,0,0,0,0,,否,否,,,,BOT,1类-保履约,,,,,,扩建,,,,,,,,2023,Q3
79,计划,山西省太原市北郊二期扩建委托运营项目,2立项策划,东部大区,太原区域公司,,B,污水,",,市政污水处理, 市政污水处理",,执行中,0,,,,,,5,5,0,,,,,,,,,,,,,,,,,,,,,,,,,,,YXCSH2023231,2023-11-01 00:00:00,2024-05-15 00:00:00,2024-07-11 00:00:00,2024-11-14 00:00:00,2024-11-29 00:00:00,2024-12-26 00:00:00,2023-11-01 00:00:00,,,2024-11-14 00:00:00,,,,,投标增量,,,,0,0,,,,2024-11-14 00:00:00,2024-12-26 00:00:00,2.7,2.7,4.05,4.05,13.5,0,0,0,0,0,0,0,0,0,0,0,0,0,0,0,0,0,0,0,0,0,0,0,0,0,0,,,,,,,,,,,,,,,,,,,,,,,,,,,,,,,,,,是,YXCSH2023231,,,,,,,,,是,,,,OM,,OM,服务,委托运营,,,,,,,,,23,,2023,Q3
80,计划,雪花啤酒厂污水处理委托运维项目,60,北部大区,三河区域公司,,C,污水,",,工业污水处理",,已完成（已签约）,0,0,0,0,0,0,0.5,0,0,0,0,,,,,,,,,,,,,,,,,,,,,,,,,YXCSH2023236,2024-01-01 00:00:00,2023-11-01 00:00:00,2023-12-28 00:00:00,,2023-12-20 00:00:00,2024-04-02 00:00:00,,2023-11-01 00:00:00,2023-12-28 00:00:00,,2023-12-20 00:00:00,2024-02-29 00:00:00,北京北控碧都水环境管理有限公司,,非投标增量,,100,100,0,0,否,,,,2024-04-02 00:00:00,1,1,1,1,4,0,0,0,0,0,0,0,0,0,0,0,0,0,0,0,0,0,0,0,0,0,0,0,0,0,0,,,,,,,,,,,0,0,0,0,0,0,0,0,0,0,0,0,,,,0,0,,,,,0,0,是,YXCSH2023236,0,0,0,0,0,0,,否,是,,,,OM,,OM,服务,委托运营,,,其他,,,,,,2,,2023,Q3
81,计划,辽宁省盘锦市辽滨经开区管网项目,1市场阶段,北部大区,盘锦区域公司,,C,"排水管网, 其他",",,",,执行中,0,,,,,,,,,,,,,,,,,16,16,,,,,,,,,,,,,,,,,XS2023112300597,2023-11-23 00:00:00,2024-07-30 00:00:00,2024-09-25 00:00:00,2024-11-22 00:00:00,2024-01-23 00:00:00,2024-12-30 00:00:00,2023-11-23 00:00:00,,,,,,,,投标增量,,,,0,0,,,,,2024-12-30 00:00:00,0.75,0.75,0.75,0.75,3,0,0,0,0,0,0,0,0,0,0,0,30,30,0,0,0,0,0,0,0,0,0,0,0,0,0,,,,,,,,,,,,,,,,,,,,,,,,,,,,,,,,,,否,YXXS2023112300597,,,,,,,,,是,,,,,,OM,服务,委托运营,,,,,,,,,22,,2023,Q3
82,计划,临安清凉峰污水厂项目,2立项策划,东部大区,杭湖区域公司,,C,污水,",,市政污水处理, 市政污水处理",,执行中,1.2,,,,,,0.4,0.3,0,,,0,0,0,,,,0,0,,,,,,0,0,0,,,0,0,,,,0,YXCSH2023257,2023-07-12 00:00:00,2024-08-30 00:00:00,2024-09-25 00:00:00,2024-11-22 00:00:00,2024-12-10 00:00:00,2024-12-30 00:00:00,2023-07-12 00:00:00,,,2024-12-05 00:00:00,,,,,投标增量,,,,0,0,,,,2024-12-05 00:00:00,2024-12-30 00:00:00,2,2,2,4,10,0,0,0,0,0,0,0,0,0,0,0,200,200,0,0,0,0,0,0,0,0,0,0,0,0,0,,,,,,,,,,,,,,,,,,,,,,,,,,,,,,,,,,否,YXCSH2023257,,,,,,,,,是,,,,BOT,,EPCO,服务,委托运营,,无,,,,,,,,,2023,Q3
83,计划,高新区西片区污水处理厂,2立项策划,东部大区,青岛区域公司,,C,污水,",,市政污水处理, 市政污水处理",,执行中,0,,,,,,10,5,5,,,,,,,,,,,,,,,,,,,,,,,,,,,YXCSH2023230,2023-05-15 00:00:00,2024-07-31 00:00:00,2024-09-26 00:00:00,2024-11-23 00:00:00,2024-12-20 00:00:00,2024-12-31 00:00:00,2023-05-31 00:00:00,,,2024-12-17 00:00:00,,,,,投标增量,,,,6,6.5,,,,2024-12-17 00:00:00,2024-12-31 00:00:00,0,0,0,16,16,0,0,0,0,0,0,0,0,0,0,0,500,500,0,0,0,0,0,0,0,0,0,0,0,0,0,,,,,,,,,,,,,,,,,,,,,,,,,,,,,,,,,,否,YXCSH2023230,,,,,,,,,是,,,,BOT,2类-存带增,EPCO,服务,委托运营,,,,,,,,,,,2023,Q3
84,否,德清环中水厂深度处理工程项目,1市场阶段,东部大区,杭湖区域公司,,C,供水,"制水,,",,执行中,0,,,,,,,,,,,12,12,0,,,,,,,,,,,,,,,,,,,,,,XS2023112000509,2023-11-27 00:00:00,2024-10-25 00:00:00,2024-12-16 00:00:00,,2025-02-05 00:00:00,2025-04-23 00:00:00,2023-11-27 00:00:00,,,,,,,,非投标增量,,,,0,0,,,,,2025-04-23 00:00:00,0.3,0.3,0.7,0.7,2,0,0,0,0,0,0,0,0,0,0,0,0,0,0,0,0,0,0,0,0,0,0,0,0,0,0,,,,,,,,,,,,,,,,,,,,,,,,,,,,,,,,,,是,YXXS2023112000509,,,,,,,,,是,,,,,,OM,服务,委托运营,,,,,,,,,5,,2023,Q3
85,计划,青岛高新区污水处理厂提标和二期扩建项目,3方案策划,东部大区,青岛区域公司,,A+,污水,",,市政污水处理, 市政污水处理",,执行中,0,0,0,0,0,0,18,18,0,0,,0,0,0,,,,0,0,,,,,,0,0,0,,,0,0,,,,0,,2023-05-15 00:00:00,2024-07-31 00:00:00,2024-09-26 00:00:00,2024-11-23 00:00:00,2024-08-30 00:00:00,2024-12-31 00:00:00,2023-05-15 00:00:00,2024-05-17 00:00:00,,,,,,,非投标增量,,,,14.21,14.21,,,,,2024-12-31 00:00:00,6,6,6,9,27,0,0,0,0,0,0,0,0,0,0,0,0,0,0,0,0,0,0,0,0,0,0,0,0,0,0,0,0,2024-06-28 00:00:00,,,,,,,,0,0,0,0,0,0,0,0,0,0,0,0,2023-09-22 00:00:00,2024-04-26 00:00:00,2024-05-30 00:00:00,,,,,,,,,是,YXCSH2023237,0,0,0,0,0,0,,是,是,,,,ROT,,OM,服务,委托运营,,,,,,,,,5,,2023,Q3
86,计划,揭东区磐东街道及月城镇污水干支管网扩延工程,3方案策划,南部大区,深汕区域公司,,C,排水管网,",,",,执行中,0,0,0,25794.97,0,0,,,,,,,,,,,,42.8,42.8,,25794.97,,,,,,,,,,,,,,清梳修复管网35公里,YXCSH2023265,2023-06-01 00:00:00,2023-07-13 00:00:00,2024-09-08 00:00:00,2024-11-05 00:00:00,2024-10-31 00:00:00,2024-12-13 00:00:00,2023-06-01 00:00:00,2023-07-13 00:00:00,,,,,,,投标增量,,,,0,0,,,,,2024-12-13 00:00:00,0,0,3,3,6,0,0,0,0,0,0,0,0,0,0,0,0,0,0,0,0,0,0,0,0,0,0,0,0,0,0,,,,,,,,,,,,,,,,,,,,,,,,,,,,,,,,,,否,YXCSH2023265,,,,,,,,否,是,,,,EPCO,,EPCO,服务,"工程设计, 工程建设, 委托运营",,暂定EPCO，待实施方案过会。,,,,,,,,,2023,Q3
87,计划,杨家埠污水厂,1市场阶段,东部大区,杭湖区域公司,,C,污水,",,市政污水处理, 市政污水处理",,执行中,0,,,,,,4.9,4.9,0,,,,,,,,,,,,,,,,,,,,,,,,,,,YXCSH2023025,2023-11-01 00:00:00,2024-07-24 00:00:00,2024-07-26 00:00:00,2024-08-20 00:00:00,2024-09-30 00:00:00,2024-10-30 00:00:00,2023-11-01 00:00:00,,,,,,,,投标增量,,,,0,0,,,,,2024-10-30 00:00:00,5,5,5,5,20,0,0,0,0,0,0,0,0,0,0,0,200,200,0,0,0,0,0,0,0,0,0,0,0,0,0,,,,,,,,,,,,,,,,,,,,,,,,,,,,,,,,,,是,YXCSH2023025,,,,,,,,,是,,,,OM,,OM,服务,委托运营,,无,,,,,,,5,,2023,Q3
88,计划,路桥区西部污水处理厂,2立项策划,东部大区,台州区域公司,,C,污水,",,市政污水处理, 市政污水处理",,执行中,0,,,,,,9,6,6,,,,,,,,,,,,,,,,,,,,,,,,,,,YXCSH2023214,2023-05-12 00:00:00,2025-08-15 00:00:00,2025-10-15 00:00:00,2025-11-18 00:00:00,2025-12-15 00:00:00,2025-12-30 00:00:00,2023-05-12 00:00:00,,,2024-12-10 00:00:00,,,,,投标增量,,,,0,0,,,,2024-12-10 00:00:00,2025-12-30 00:00:00,3,3,4,5,15,0,0,0,0,0,0,0,0,0,0,0,200,200,0,0,0,0,0,0,0,0,0,0,0,0,0,,,,,,,,,,,,,,,,,,,,,,,,,,,,,,,,,,是,YXCSH2023214,,,,,,,,,是,,,,BOT,,OM,服务,委托运营,,模式待定，业主可能专项债自行实施、分步招标，也可能特许经营公开招标。,,,,,,,5,,2023,Q3
89,计划,锦州市北镇市城市污水处理厂提标及二期,3方案策划,北部大区,锦州区域公司,,A,污水,",,市政污水处理, 市政污水处理",,执行中,0,1200,0,0,4800,0,2,2,2,6000,,0,0,0,0,,,0,0,,0,,,,0,0,0,,,0,0,,,,0,YXCSH2023031,2023-03-01 00:00:00,2024-06-30 00:00:00,2024-08-26 00:00:00,2024-10-23 00:00:00,2024-11-30 00:00:00,2024-12-31 00:00:00,2023-03-01 00:00:00,2023-03-14 00:00:00,,,,,,,投标增量,,,,0,0,,,,,2024-12-31 00:00:00,1,1,3.5,2,7.5,0,0,0,0,0,388,0,0,0,0,0,0,388,0,0,0,0,0,0,0,0,0,0,0,0,0,,,,,,,,,,,,,,,,,,,,,,,,,,,,,,,,,,否,YXCSH2023031,,,,,,,,,是,,,,TOT,,OM,服务,委托运营,,OM,,,,,,,3,,2023,Q3
90,计划,云南省昆明市空港南污水处理厂提标改造工程项目,3方案策划,西部大区,昆明区域公司,,B,污水,",,市政污水处理",,执行中,0.8383,2514.945,5868.205,0,0,0,7,7,7,8383.15,2.42,0,0,0,0,,,,,,,,,,,,,,,,,,,,无,YXCSH2023084,2021-12-31 00:00:00,2024-06-30 00:00:00,2024-08-26 00:00:00,,2024-11-15 00:00:00,2024-11-30 00:00:00,2021-12-15 00:00:00,2022-04-24 00:00:00,,,,,,,非投标增量,,,,7.5,9,,,,,2024-11-30 00:00:00,0,3,3,4.79,10.79,0,0,0,0,0,0,0,0,0,0,0,0,0,0,0,0,0,0,0,0,0,0,0,0,0,0,0,无,2025-01-01 00:00:00,,,,,,,,8383.15,2514.945,5868.205,0,0,0,0,0,0,0,0,0,2025-01-01 00:00:00,2025-12-31 00:00:00,2026-01-01 00:00:00,,,,,,,,,是,YXCSH2023084,0,0,0,0,0,0,,,否,,,,BOT,2类-存带增,,,,,在原BOT合同基础上签订补充协议,,,,,,,,,2023,Q3
91,计划,荆门市屈家岭污水厂扩建OM项目,3方案策划,南部大区,鄂赣业务区,,B,污水,",,市政污水处理, 市政污水处理, 工业污水处理",,执行中,0.6,0,0,6000,0,0,1,1,0,0,,,,,,,,,,,,,,,,,,,,,,,,,,YXCSH2023294,2022-11-01 00:00:00,2022-09-01 00:00:00,2024-09-30 00:00:00,2024-11-10 00:00:00,2024-12-10 00:00:00,2024-12-20 00:00:00,2023-11-01 00:00:00,2022-09-01 00:00:00,,2024-12-01 00:00:00,,,,,投标增量,,,,0,0,,,,2024-12-01 00:00:00,2024-12-20 00:00:00,0,1.5,1.5,0.5,3.5,0,0,0,0,0,0,0,0,0,0,0,0,0,0,0,0,0,0,0,0,0,0,0,0,0,0,,,,,,,,,,,,,,,,,,,,,,,2023-06-01 00:00:00,2024-08-31 00:00:00,2024-12-31 00:00:00,,,,,,,,,是,YXCSH2023294,,,,,,,,否,是,,,,OM,,OM,服务,委托运营,,,,,,,,,5,,2023,Q3
92,计划,新野县第二污水厂项目,60,东部大区,南阳区域公司,,A+,污水,",,工业污水处理",,已完成（已签约）,0,0,0,0,0,0,2,2,0,0,2,,,,,,,,,,,,,,,,,,,,,,,,,YXCSH2023109,2023-11-01 00:00:00,2023-12-15 00:00:00,2023-12-11 00:00:00,2024-01-04 00:00:00,2024-02-08 00:00:00,2024-04-26 00:00:00,2023-11-01 00:00:00,2023-09-06 00:00:00,2023-11-18 00:00:00,2024-01-04 00:00:00,2024-02-08 00:00:00,2024-01-24 00:00:00,北控水务（中国）投资有限公司,,投标增量,,100,100,12,0,否,,,2024-01-04 00:00:00,2024-04-26 00:00:00,0,0,0,6,6,200,0,0,0,0,0,0,0,0,0,0,0,200,0,0,0,0,0,0,0,0,0,0,0,0,0,0,无,2024-03-05 00:00:00,,,,,,,,0,0,0,0,0,0,0,0,0,0,0,0,2024-03-01 00:00:00,2024-02-07 00:00:00,2024-08-09 00:00:00,0,0,60,3,1.3,1.1,0,0,是,YXCSH2023109,0,0,0,0,0,0,,否,是,,,,OM,,OM,服务,委托运营,,,其他,,,,,,5,,2023,Q3
93,计划,大庆市东城区第一污水处理厂扩建特许经营项目,3方案策划,北部大区,大庆区域公司,,C,污水,",,市政污水处理, 市政污水处理",,执行中,5,12000,28000,0,0,0,9,9,9,40000,4,0,0,0,0,0,,0,0,,0,0,,,,,,,,,,,,,,,2023-03-01 00:00:00,2024-01-15 00:00:00,2024-01-15 00:00:00,2024-02-05 00:00:00,2024-02-26 00:00:00,2024-02-29 00:00:00,2023-02-15 00:00:00,2024-01-13 00:00:00,,,,,,,投标增量,,,,9,10,,,,,2024-02-29 00:00:00,3,3,3,3,12,0,0,0,0,0,0,0,0,0,0,3200,0,3200,0,0,0,0,0,0,0,0,0,0,0,0,0,,,,,0,0,0,0,0,0,0,0,0,0,0,0,20000,20000,12000,0,28000,0,2024-05-01 00:00:00,2025-05-31 00:00:00,2025-06-01 00:00:00,,,,,,,,,是,YXCSH2023030,0,0,0,0,0,0,,否,否,,北控水务(中国)投资有限公司,99,BOT,2类-存带增,,,,,特许经营模式，具体采用“设计-建设-融资-运营-移交(DBFOT)方式”,,,,,,,,,2023,Q3
94,实际,大庆市萨尔图区污水处理采购服务项目,60,北部大区,大庆区域公司,大庆市北控企业管理有限公司,A,污水,",,市政污水处理",,已完成（已签约）,0.2822,2822,0,0,0,0,5,5,3,2822.29,0.95,,,,,,,,,,,,,,,,,,,,,,,,,YXCSH2023207,,2023-08-11 00:00:00,2024-08-26 00:00:00,2024-10-23 00:00:00,2023-10-20 00:00:00,2024-11-30 00:00:00,,2023-08-01 00:00:00,2023-08-01 00:00:00,2024-02-05 00:00:00,2024-02-06 00:00:00,2024-02-29 00:00:00,其他,项目公司签约,投标增量,大庆市北控污水管理有限公司,100,100,11.08,11.08,否,,,2024-02-05 00:00:00,2024-11-30 00:00:00,15,0,0,0,15,0,0,0,0,0,0,0,0,0,0,0,0,0,0,0,0,0,0,0,0,0,0,0,0,0,0,0,无,2024-04-01 00:00:00,,,,,,,,2822.29,2822.29,2822.29,0,2822.29,0,0,0,0,0,0,0,2024-04-30 00:00:00,2024-10-31 00:00:00,2024-11-01 00:00:00,2822.29,80,96,0,0.95,0.4,0,0,否,YXCSH2023207,0,0,0,0,0,0,,否,否,,大庆市北控污水管理有限公司 和大庆市北控企业管理有限公司,100,BOO,2类-存带增,,,,,资产为北控集团所有，我司协调其同意扩建，委托我方运营及收费，我方向北控集团支付资产使用费。与政府签订政府购买服务协议，向其提供处理服务。,扩建,,,,,,,,2023,Q3
95,否,南宁那马水厂扩建二期工程,2立项策划,南部大区,百色区域公司,,C,供水,"水司, 制水, 水司(主营业务), 原水,,",,已暂停,0.18,20910,0,0,48790,0,0,0,0,0,,20,5.5,5.5,69700,100,,,,,,,,,,,,,,,,,,,,YXCSH2023303,2023-04-01 00:00:00,2024-02-01 00:00:00,2024-03-29 00:00:00,2024-05-26 00:00:00,2024-06-30 00:00:00,2024-07-03 00:00:00,2023-04-01 00:00:00,2023-05-31 00:00:00,2023-10-04 00:00:00,2025-05-22 00:00:00,,,北控水务（中国）投资有限公司,,投标增量,,30,100,8,8,否,,,2025-05-22 00:00:00,2024-07-03 00:00:00,15,15,15,15,60,0,0,0,0,0,0,500,0,0,400,0,500,1400,0,0,0,0,0,0,0,0,0,0,0,0,0,0,0,2023-11-28 00:00:00,,,,,,,,69700,20910,48790,0,0,0,0,0,0,0,0,0,2024-11-01 00:00:00,2030-12-31 00:00:00,2031-01-01 00:00:00,,,,,,,,,否,YXCSH2023303,0,0,0,0,0,0,,否,否,,,,BOT,1类-保履约,,,,,,,,,,,,,,2023,Q3
96,否,济南高新区水质净化一厂提标改造项目,6项目签约,东部大区,济南区域公司,济南中科成水厂（财务核算专用）,A+,污水,",,市政污水处理",,执行中,0.1994,1994,0,0,0,0,9,9,9,1991.33,0.18,,,,,,,,,,,,,,,,,,,,,,,,,XS2023111400428,2023-11-23 00:00:00,2023-11-30 00:00:00,2023-12-01 00:00:00,,2023-12-22 00:00:00,2024-12-31 00:00:00,2023-11-23 00:00:00,2023-11-01 00:00:00,2023-12-01 00:00:00,,2023-12-22 00:00:00,,北控水务（中国）投资有限公司,,非投标增量,,100,100,10.66,10.66,否,,,,2024-12-31 00:00:00,0,0,0,3,3,80,120,150,180,300,300,280,210,150,151.36,0,73.08,1994.44,0,0,0,0,0,0,0,0,0,0,0,0,0,0,0,2026-11-30 00:00:00,,,,,,,,0,0,0,0,0,0,0,0,0,0,0,0,2025-01-01 00:00:00,2025-12-31 00:00:00,2026-01-01 00:00:00,1991.33,80,244,8.45,0.18,0.06,0,0,是,YXXS2023111400428,1991.33,1991.33,0,0,0,0,,否,否,,,,BOT,1类-保履约,,,,,签署补充协议方式获取该项目,其他,,,,,,,,2023,Q3
97,计划,河南省开封市兰考富士康再生水项目,60,东部大区,郑州业务区,,B,再生水,",销售经营类ToB,",,已完成（已签约）,0,386,0,0,0,0,,,,,,,,,,,,,,,,,,,,,,,,1,0.6,,386,7.38,,YXCSH2023170,2023-12-20 00:00:00,2023-12-20 00:00:00,2024-02-15 00:00:00,2024-02-27 00:00:00,2024-02-05 00:00:00,2024-06-30 00:00:00,2023-12-20 00:00:00,2023-05-08 00:00:00,2024-02-15 00:00:00,2024-02-27 00:00:00,2024-02-05 00:00:00,,北控水务（中国）投资有限公司,,非投标增量,,100,100,19.67,19.67,否,,,2024-02-27 00:00:00,2024-06-30 00:00:00,0,0,0,3,3,0,0,0,0,0,0,0,0,0,0,0,400,400,0,0,0,0,0,0,0,0,0,0,0,0,0,0,0,2024-04-03 00:00:00,,,,,,,,0,0,0,0,0,0,386,386,0,0,0,0,2024-05-07 00:00:00,2024-10-30 00:00:00,2024-12-30 00:00:00,386,80,120,0.5,7.38,0.17,0,0,是,YXCSH2023170,0,0,0,0,0,0,,是,是,,,,售水,,OM,"服务, 产品",委托运营,运营技术产品,再生水,新建,,,,,,10,,2023,Q3
98,计划,济宁市任城区南张污水处理厂工程,2立项策划,东部大区,济宁区域公司,,C,污水,",,市政污水处理",,执行中,0,,,,,,4,2,2,,,,,,,,,,,,,,,,,,,,,,,,,,,XS2023111000406,2023-11-27 00:00:00,2024-04-30 00:00:00,2024-06-26 00:00:00,2024-08-23 00:00:00,2024-09-20 00:00:00,2024-09-30 00:00:00,2023-11-27 00:00:00,,,,,,,,投标增量,,,,7,8,,,,,2024-09-30 00:00:00,3,6,0.36,0,9.36,0,0,0,0,0,0,0,0,0,300,0,0,300,0,0,0,0,0,0,0,0,0,0,0,0,0,,,,,,,,,,,,,,,,,,,,,,,,,,,,,,,,,,否,YXXS2023111000406,,,,,,,,,是,,,,,,OM,服务,委托运营,,,,,,,,,10,,2023,Q3
99,计划,宁夏回族自治区银川市永宁县第一污水处理厂及村镇污水处理站委托运营项目,3方案策划,西部大区,银川区域公司,,A,污水,",,市政污水处理, 市政污水处理",,执行中,0,0,0,0,0,0,5,5,5,0,0,,,,,,,,,,,,,,,,,,,,,,,,,YXCSH2023075,2022-06-30 00:00:00,2022-10-21 00:00:00,2024-03-31 00:00:00,2025-07-31 00:00:00,2025-08-31 00:00:00,2025-09-30 00:00:00,2022-06-30 00:00:00,2022-10-17 00:00:00,2024-03-30 00:00:00,,,,,,投标增量,,,,8,8,,,,,2025-09-30 00:00:00,0,0,3,3.6,6.6,0,0,0,0,0,0,0,0,0,0,0,150,150,0,0,0,0,0,0,0,0,0,0,0,0,0,20,北控水务（中国）投资有限公司,2024-05-15 00:00:00,,,,,,,,,,,,,,,,,,,,2024-09-01 00:00:00,2025-05-01 00:00:00,2025-05-01 00:00:00,,,,,,,,,否,YXCSH2023075,,,,,,,,,是,,,,OM,,OM,"产品, 服务",委托运营,运营技术产品,无,,,,,,,10,,2023,Q3
100,计划,德清县乾元水厂运营管理项目,60,东部大区,杭湖区域公司,乾元德清达阔净水厂,A+,供水,"制水,,",,已完成（已签约）,0,500,0,12000,0,0,0,0,0,0,0,10,10,0,12500,4,0,0,0,,0,,,,,,,,,,,,,,,YXCSH2023100,2022-09-30 00:00:00,2022-11-08 00:00:00,2023-01-04 00:00:00,,2024-07-08 00:00:00,2024-07-10 00:00:00,2022-09-30 00:00:00,2022-11-08 00:00:00,2023-01-04 00:00:00,,2024-09-08 00:00:00,2024-08-20 00:00:00,其他,德清达阔制水有限公司,非投标增量,无,30,4,0,0,否,0,0,,2024-07-10 00:00:00,3,5,5,4,17,0,0,0,0,0,0,0,0,0,0,100,0,100,0,0,0,0,0,0,0,0,0,0,0,0,0,0,无,2024-08-01 00:00:00,,,,,,,,0,0,0,0,0,0,0,0,0,0,0,0,2023-10-20 00:00:00,2024-06-30 00:00:00,2024-08-01 00:00:00,0,0,12,0,,,0,0,是,YXCSH2023100,0,0,0,0,0,0,,是,是,,,,OM,,OM,服务,委托运营,,无,新建,,,,,,3,,2023,Q3
101,否,贵州省黔东南州剑河县城城景污水厂A标段,2立项策划,西部大区,直管运营群_贵州,,C,污水,",,市政污水处理",,执行中,0.0469,0,0,0.04,0,0,0.6,0.6,0.6,0.6,0.27,,,,,,,,,,,,,,,,,,,,,,,,,YXCSH2023290,2023-07-12 00:00:00,2024-09-30 00:00:00,2024-12-31 00:00:00,2025-01-31 00:00:00,2025-02-28 00:00:00,2025-03-31 00:00:00,2023-07-12 00:00:00,2024-08-30 00:00:00,,,,,其他,,非投标增量,,0,0,0,0,否,,,,2025-03-31 00:00:00,0,0,0.9,0,0.9,0,0,0,0,0,0,0,0,0,0,0,0,0,0,0,0,0,0,0,0,0,0,0,0,0,0,0,不涉及,2024-09-01 00:00:00,,,,,,,,0,0,0,0,0,0,0,0,0,0,0,0,2018-03-01 00:00:00,2018-09-30 00:00:00,2018-09-30 00:00:00,,,,,,,,,否,YXCSH2023290,0,0,0,0,0,0,,否,是,,,,OM,,OM,服务,委托运营,,对政府方污水处理标段进行委托运营,,,,,,,1,,2023,Q3
102,计划,陕西省咸阳市武功县武功镇污水处理厂委托运营项目,2立项策划,东部大区,西安区域公司,,A,污水,",,市政污水处理",,执行中,0,0,0,0,0,0,0.5,0.5,0,0,0,,,,,,,,,,,,,,,,,,,,,,,,,XS2023111700475,2023-11-01 00:00:00,2023-11-20 00:00:00,2024-01-16 00:00:00,2024-09-23 00:00:00,2024-09-30 00:00:00,2024-10-30 00:00:00,2023-11-01 00:00:00,2023-11-20 00:00:00,2024-01-16 00:00:00,,,,其他,非投标项目,投标增量,,0,0,0,0,否,,,,2024-10-30 00:00:00,0.47,0.47,0.71,0.73,2.38,0,0,0,0,0,0,0,0,0,0,0,0,0,0,0,0,0,0,0,0,0,0,0,0,0,0,0,0,2024-04-01 00:00:00,,,,,,,,0,0,0,0,0,0,0,0,0,0,0,0,2024-04-30 00:00:00,2024-07-25 00:00:00,2024-07-31 00:00:00,,,,,,,,,是,YXXS2023111700475,0,0,0,0,0,0,,是,是,,,,,,OM,服务,委托运营,,,,,,,,,3,,2023,Q3
103,否,盐城城南污水处理厂中水利用项目,2立项策划,东部大区,北京建工环境(公司),,C,污水,",,市政污水处理",,执行中,1.4,,,0,0,,10,10,10,,,,,,,,,,,,,,,,,,,,,15,15,,,,,YXCSH2023238,2023-11-30 00:00:00,2024-08-16 00:00:00,2024-08-30 00:00:00,,2024-11-29 00:00:00,2024-12-31 00:00:00,2023-11-28 00:00:00,,,,,,,,非投标增量,,,,7,8,,,,,2024-12-31 00:00:00,5,5,5,5,20,0,0,0,0,0,0,0,0,0,0,0,0,0,162,270,0,100,788,500,450,1550,1200,1200,1200,1580,9000,0,0,2024-11-06 00:00:00,,,,,,,,,,,,,,,,,,,,2024-09-01 00:00:00,2025-08-31 00:00:00,2025-12-31 00:00:00,,,,,,,,,是,YXCSH2023238,,,,,,,,,否,,,,BOT,2类-存带增,,,,,,,,,,,,,,2023,Q3
104,否,彭州市再生水厂建设项目,3方案策划,西部大区,蓉北区域公司,,B,污水,",,市政污水处理",,已暂停,0,15000,0,0,35000,0,3,3,3,0,0,6,3,3,0,,,0,0,,,,,,0,0,0,,,0,0,,,,0,YXCSH2023057,2023-04-23 00:00:00,2024-06-20 00:00:00,2024-11-28 00:00:00,2025-04-25 00:00:00,2025-06-12 00:00:00,2025-08-20 00:00:00,2023-04-23 00:00:00,2022-09-20 00:00:00,,,,,,,投标增量,,,,7,7.5,,,,,2025-08-20 00:00:00,3,3,2,1,9,0,0,0,0,0,0,0,0,0,0,1000,0,1000,0,0,0,0,0,0,0,0,0,0,0,0,0,,,,,,,,,,,,,,,,,,,,,,,,,,,,,,,,,,否,YXCSH2023057,,,,,,,,,是,,,,BOT,,EPCO,服务,委托运营,,项目拟采用特许经营模式,,,,,,,,,2023,Q3
105,否,云南省红河州建水县水务一体化项目,2立项策划,西部大区,西部大区,,C,"污水, 供水","制水,,市政污水处理",,已终止,0,,,,,,2,2,0,,,4,4,0,,,,,,,,,,,,,,,,,,,,,,YXCSH2023118,2023-05-31 00:00:00,2023-09-01 00:00:00,2024-06-30 00:00:00,2024-08-30 00:00:00,2023-06-23 00:00:00,2024-12-31 00:00:00,2023-11-01 00:00:00,,,,,,,,投标增量,,,,0,0,,,,,2024-12-31 00:00:00,8,6,4,0,18,0,0,0,0,0,0,0,0,0,0,0,0,0,0,0,0,0,0,0,0,0,0,0,0,0,0,,,,,,,,,,,,,,,,,,,,,,,,,,,,,,,,,,否,YXCSH2023118,,,,,,,,,是,,,,BOT,,OM,服务,委托运营,,,,,,,,,1,,2023,Q3
106,计划,增城区中新再生水厂OM项目,4中标策划,南部大区,广佛区域公司,,B,污水,",,市政污水处理, 市政污水处理",,执行中,0,0,0,0,0,0,5,5,0,0,0,,,,,,,,,,,,,,,,,,,,,,,,无,YXCSH2023157,2023-11-01 00:00:00,2023-03-06 00:00:00,2024-10-30 00:00:00,2024-11-25 00:00:00,2024-12-10 00:00:00,2024-12-15 00:00:00,2023-11-01 00:00:00,2023-03-06 00:00:00,2024-10-30 00:00:00,,,,北控水务（中国）投资有限公司,0,投标增量,,0,0,0,0,否,,,,2024-12-15 00:00:00,3.75,3.75,3.75,3.75,15,0,0,0,0,0,0,0,0,0,0,0,0,0,0,0,0,0,0,0,0,0,0,0,0,0,0,0,0,2024-12-31 00:00:00,,,,,,,,0,0,0,0,0,0,0,0,0,0,0,0,2023-01-01 00:00:00,2024-09-20 00:00:00,2024-12-06 00:00:00,,,,,,,,,是,YXCSH2023157,0,0,0,0,0,0,,是,是,,,,OM,,OM,服务,委托运营,,建设完成后，由排水公司委托双方成立的合资公司运维,,,,,,,3,,2023,Q3
107,计划,辽宁省锦州市太和区餐厨垃圾处理项目,1市场阶段,北部大区,锦州区域公司,,D,固体废物,",,",,,,,,,,,,,,,,,,,,,,,,,,,,,,,,,,,,,,,,,,,,,,2024-12-31 00:00:00,,,,,,,,,,,,,,,,,,,2024-12-31 00:00:00,1,2,2,1,6,0,0,0,0,0,0,0,0,0,0,0,0,0,0,0,0,0,0,0,0,0,0,0,0,0,0,,,,,,,,,,,,,,,,,,,,,,,,,,,,,,,,,,,XS2023112200592,,,,,,,,,,,,,,,,,,,,,,,,,,,,2023,Q3
108,计划,四川省绵阳市三台县城市污水项目二级泵站委托运营管理,1市场阶段,西部大区,绵广区域公司,,D,排水管网（污水管/雨水管/雨污合流流管/泵站）,",,",,,,,,,,,,,,,,,,,,,,,,,,,,,,,,,,,,,,,,,,,,,,2024-03-29 00:00:00,,,,,,,,,,,,,,,,,,,2024-03-29 00:00:00,3,0,0,0,3,0,0,0,0,0,0,0,0,0,0,0,0,0,0,0,0,0,0,0,0,0,0,0,0,0,0,,,,,,,,,,,,,,,,,,,,,,,,,,,,,,,,,,,XS2023111600460,,,,,,,,,,,,,,,,,,,,,,,,,,,,2023,Q3
109,计划,曲靖市西城、两江口污水处理厂提标改造及扩建项目,1市场阶段,西部大区,玉溪区域公司,,D,污水,",,",,,,,,,,,19,,,,,,,,,,,,,,,,,,,,,,,,,,,,,,,,,,,2024-06-30 00:00:00,,,,,,,,,,,,,,,,,,,2024-06-30 00:00:00,30,27,0,0,57,,,,,,,,,,,,,,,,,,,,,,,,,,,,,,,,,,,,,,,,,,,,,,,,,,,,,,,,,,,,,XS2023112800662,,,,,,,,,,,,,,,,,,,,,,,,,,,,2023,Q3
110,计划,四川省成都市温江区金马污水处理厂二期项目,1市场阶段,西部大区,西部大区,,D,污水,",,",,,,,,,,,,,,,,,,,,,,,,,,,,,,,,,,,,,,,,,,,,,,2024-12-31 00:00:00,,,,,,,,,,,,,,,,,,,2024-12-31 00:00:00,6,6,6,6,24,,,,,,,,,,,,,,,,,,,,,,,,,,,,,,,,,,,,,,,,,,,,,,,,,,,,,,,,,,,,,XS2023112200573,,,,,,,,,,,,,,,,,,,,,,,,,,,,2023,Q3
111,计划,四川省宜宾市三江新区白沙堰及管网项目,1市场阶段,西部大区,宜宾区域公司,,D,排水管网（污水管/雨水管/雨污合流流管/泵站）,",,",,,,,,,,,,,,,,,,,,,,,,,,,,,,,,,,,,,,,,,,,,,,2024-04-30 00:00:00,,,,,,,,,,,,,,,,,,,2024-04-30 00:00:00,1,1,1,1,4,0,0,0,200,0,0,0,0,0,0,0,0,200,,,,,,,,,,,,,,,,,,,,,,,,,,,,,,,,,,,,,,,,,,,,,,,,XS2023111600472,,,,,,,,,,,,,,,,,,,,,,,,,,,,2023,Q3
112,计划,云南绿色低碳示范产业园供水工程项目,1市场阶段,西部大区,玉溪区域公司,,D,供水,",,",,,,,,,,,,,,,,,,,,,,,,,,,,,,,,,,,,,,,,,,,,,,2024-06-30 00:00:00,,,,,,,,,,,,,,,,,,,2024-06-30 00:00:00,8,7,0,0,15,,,,,,,,,,,,,,,,,,,,,,,,,,,,,,,,,,,,,,,,,,,,,,,,,,,,,,,,,,,,,XS2023112800659,,,,,,,,,,,,,,,,,,,,,,,,,,,,2023,Q3
113,计划,易门县污水处理厂深度处理运营项目,1市场阶段,西部大区,玉溪区域公司,,D,污水,",,",,,,,,,,,1,,,,,,,,,,,,,,,,,,,,,,,,,,,,,,,,,,,2024-02-29 00:00:00,,,,,,,,,,,,,,,,,,,2024-02-29 00:00:00,3,0,0,0,3,0,0,0,0,0,0,0,0,0,0,0,0,0,0,0,0,0,0,0,0,0,0,0,0,0,0,,,,,,,,,,,,,,,,,,,,,,,,,,,,,,,,,,,XS2023111400433,,,,,,,,,,,,,,,,,,,,,,,,,,,,2023,Q3
114,计划,四川省宜宾市江安县乡镇污水处理厂运营管理项目,1市场阶段,西部大区,宜宾区域公司,,D,污水,",,",,,,,,,,,1.25,,,,,,,,,,,,,,,,,,,,,,,,,,,,,,,,,,,2024-01-31 00:00:00,,,,,,,,,,,,,,,,,,,2024-01-31 00:00:00,1,1,1,0.75,3.75,100,0,0,0,0,0,0,0,0,0,0,0,100,0,0,0,0,0,0,0,0,0,0,0,0,0,,,,,,,,,,,,,,,,,,,,,,,,,,,,,,,,,,,XS2023111600471,,,,,,,,,,,,,,,,,,,,,,,,,,,,2023,Q3
115,计划,新疆维吾尔自治区克孜勒苏柯尔克孜自治州阿图什市城区二期污水处理项目,1市场阶段,西部大区,新疆业务区,,D,污水,",,",,,,,,,,,2,,,,,,,,,,,,,,,,,,,,,,,,,,,,,,,,,,,2024-10-31 00:00:00,,,,,,,,,,,,,,,,,,,2024-10-31 00:00:00,1,2,2,1,6,0,0,0,0,0,0,0,0,0,50,50,0,100,0,0,0,0,0,0,0,0,0,0,0,0,0,,,,,,,,,,,,,,,,,,,,,,,,,,,,,,,,,,,XS2023111400432,,,,,,,,,,,,,,,,,,,,,,,,,,,,2023,Q3
116,计划,四川省眉山市高新技术产业园区污水处理厂三期项目,1市场阶段,西部大区,西部大区,,D,污水,",,",,,,,,,,,3,,,,,,,,,,,,,,,,,,,,,,,,,,,,,,,,,,,2024-06-30 00:00:00,,,,,,,,,,,,,,,,,,,2024-06-30 00:00:00,4,5,0,0,9,,,,,,,,,,,,,,,,,,,,,,,,,,,,,,,,,,,,,,,,,,,,,,,,,,,,,,,,,,,,,XS2023110700208,,,,,,,,,,,,,,,,,,,,,,,,,,,,2023,Q3
117,计划,贺兰县城污（雨）水提升泵站运维管理服务项目,1市场阶段,西部大区,西部大区,,D,其他,",,",,,,,,,,,,,,,,,,,,,,,,,,,,,,,,,,,,,,,,,,,,,,2024-11-30 00:00:00,,,,,,,,,,,,,,,,,,,2024-11-30 00:00:00,0,0,2,1,3,,,,,,,,,,,,,,,,,,,,,,,,,,,,,,,,,,,,,,,,,,,,,,,,,,,,,,,,,,,,,XS2023110700134,,,,,,,,,,,,,,,,,,,,,,,,,,,,2023,Q3
118,计划,贵州省贵阳市南明区五里冲污水处理厂（二期）&红岩污水处理厂项目,1市场阶段,西部大区,贵阳区域公司,,D,污水,",,",,,,,,,,,5,,,,,,,,,,,,,,,,,,,,,,,,,,,,,,,,,,,2024-04-26 00:00:00,,,,,,,,,,,,,,,,,,,2024-04-26 00:00:00,2,2,1,0,5,,,,,,,,,,,,,,,,,,,,,,,,,,,,,,,,,,,,,,,,,,,,,,,,,,,,,,,,,,,,,XS2023111300417,,,,,,,,,,,,,,,,,,,,,,,,,,,,2023,Q3
119,计划,成都市双流区三支六斗委托运营项目,1市场阶段,西部大区,成都区域公司（停）,,D,污水,",,",,,,,,,,,,,,,,,,,,,,,,,,,,,,,,,,,,,,,,,,,,,,2024-04-30 00:00:00,,,,,,,,,,,,,,,,,,,2024-04-30 00:00:00,1,0.5,0,0,1.5,,,,,,,,,,,,,,,,,,,,,,,,,,,,,,,,,,,,,,,,,,,,,,,,,,,,,,,,,,,,,XS2023112100567,,,,,,,,,,,,,,,,,,,,,,,,,,,,2023,Q3
120,计划,云南省怒江傈僳族自治州兰坪白族普米族自治县,1市场阶段,西部大区,直管项目工作组,,D,污水,",,",,,,,,,,,,,,,,,,,,,,,,,,,,,,,,,,,,,,,,,,,,,,2024-06-30 00:00:00,,,,,,,,,,,,,,,,,,,2024-06-30 00:00:00,1.5,1.5,0,0,3,,,,,,,,,,,,,,,,,,,,,,,,,,,,,,,,,,,,,,,,,,,,,,,,,,,,,,,,,,,,,XS2023112900677,,,,,,,,,,,,,,,,,,,,,,,,,,,,2023,Q3
121,计划,山东省烟台市龙口市第一污水处理厂扩建、提标项目及雨污分流项目,1市场阶段,东部大区,东部大区,,D,"污水, 排水管网（污水管/雨水管/雨污合流流管/泵站）",",,",,,,,,,,,6.00,,,,,,,,,,,,,,,,,,,,,,,,,,,,,,,,,,,2024-06-20 00:00:00,,,,,,,,,,,,,,,,,,,2024-06-20 00:00:00,6,4,4,4,18,0,0,0,0,0,0,2400,2400,2400,0,0,0,7200,0,0,0,0,0,0,0,0,0,0,0,0,0,,,,,,,,,,,,,,,,,,,,,,,,,,,,,,,,,,,XS2023110700198,,,,,,,,,,,,,,,,,,,,,,,,,,,,2023,Q3
122,计划,浙江省湖州市南浔区织里东郊污水厂扩建工程,1市场阶段,东部大区,杭湖区域公司,,D,污水,",,",,,,,,,,,8.00,,,,,,,,,,,,,,,,,,,,,,,,,,,,,,,,,,,2024-12-20 00:00:00,,,,,,,,,,,,,,,,,,,2024-12-20 00:00:00,6,6,6,6,24,,,,,,,,,,,,,,,,,,,,,,,,,,,,,,,,,,,,,,,,,,,,,,,,,,,,,,,,,,,,,XS2023112600639,,,,,,,,,,,,,,,,,,,,,,,,,,,,2023,Q3
123,计划,浙江省湖州市南浔区练市镇新建污水厂项目委托运营,1市场阶段,东部大区,杭湖区域公司,,D,污水,",,",,,,,,,,,3,,,,,,,,,,,,,,,,,,,,,,,,,,,,,,,,,,,2024-12-20 00:00:00,,,,,,,,,,,,,,,,,,,2024-12-20 00:00:00,2.25,2.25,2.25,2.25,9,,,,,,,,,,,,,,,,,,,,,,,,,,,,,,,,,,,,,,,,,,,,,,,,,,,,,,,,,,,,,XS2023112600640,,,,,,,,,,,,,,,,,,,,,,,,,,,,2023,Q3
124,计划,南通市北高新区集成电路工业处理厂工程,1市场阶段,东部大区,北京建工环境,,D,污水,",,",,,,,,,,,5.00,,,,,,,,,,,,,,,,,,,,,,,,,,,,,,,,,,,2024-12-31 00:00:00,,,,,,,,,,,,,,,,,,,2024-12-31 00:00:00,6,3,3,3,15,0,0,0,0,0,0,0,0,0,0,0,1000,1000,,,,,,,,,,,,,,,,,,,,,,,,,,,,,,,,,,,,,,,,,,,,,,,,XS2023110700212,,,,,,,,,,,,,,,,,,,,,,,,,,,,2023,Q3
125,计划,徐州存量项目提标和扩建项目合作,1市场阶段,东部大区,北京建工环境,,D,污水,",,",,,,,,,,,9.00,,,,,,,,,,,,,,,,,,,,,,,,,,,,,,,,,,,2024-11-01 00:00:00,,,,,,,,,,,,,,,,,,,2024-11-01 00:00:00,6,8,8,5,27,0,0,0,0,0,0,0,0,0,0,1428,1428,2856,0,0,0,0,0,0,0,0,0,0,0,0,0,,,,,,,,,,,,,,,,,,,,,,,,,,,,,,,,,,,XS2023112000552,,,,,,,,,,,,,,,,,,,,,,,,,,,,2023,Q3
126,计划,山西省太原市中北高新区污水处理厂提标委托运营项目,1市场阶段,东部大区,太原管理中心,,D,污水,",,",,,,,,,,,1,,,,,,,,,,,,,,,,,,,,,,,,,,,,,,,,,,,2024-09-01 00:00:00,,,,,,,,,,,,,,,,,,,2024-09-01 00:00:00,0.5,1,1.5,0,3,0,0,0,0,0,0,0,0,0,0,10,6,16,0,0,0,0,0,0,0,0,0,0,0,0,0,,,,,,,,,,,,,,,,,,,,,,,,,,,,,,,,,,,XS2023112200583,,,,,,,,,,,,,,,,,,,,,,,,,,,,2023,Q3
127,计划,北京市通州区减河北综合资源利用中心（一期）委托运营项目,1市场阶段,东部大区,北京建工环境,,D,污水,",,",,,,,,,,,7.00,,,,,,,,,,,,,,,,,,,,,,,,,,,,,,,,,,,2024-10-31 00:00:00,,,,,,,,,,,,,,,,,,,2024-10-31 00:00:00,2,1,1,2,6,0,0,0,0,0,0,0,0,0,0,200,300,500,0,0,0,0,0,0,0,0,0,0,0,0,0,,,,,,,,,,,,,,,,,,,,,,,,,,,,,,,,,,,XS2023111700485,,,,,,,,,,,,,,,,,,,,,,,,,,,,2023,Q3
128,计划,江苏省盐城市经济技术开发区污水厂提标改造项目,1市场阶段,东部大区,北京建工环境,,D,污水,",,",,,,,,,,,2.00,,,,,,,,,,,,,,,,,,,,,,,,,,,,,,,,,,,2024-06-30 00:00:00,,,,,,,,,,,,,,,,,,,2024-06-30 00:00:00,2,1,1,2,6,26,65,0,26.2,30,41.72,71.72,130.32,43.44,43.44,43.44,130.32,651.6,,,,,,,,,,,,,,,,,,,,,,,,,,,,,,,,,,,,,,,,,,,,,,,,XS2023111700487,,,,,,,,,,,,,,,,,,,,,,,,,,,,2023,Q3
129,计划,山西省朔州市怀仁市,1市场阶段,东部大区,太原管理中心,,D,"污水, 环卫",",,",,,,,,,,,5.00,,,,,,,,,,,,,,,,,,,,,,,,,,,,,,,,,,,2024-11-09 00:00:00,,,,,,,,,,,,,,,,,,,2024-11-09 00:00:00,3,5,5,2,15,0,0,0,0,0,0,0,0,0,0,100,50,150,,,,,,,,,,,,,,,,,,,,,,,,,,,,,,,,,,,,,,,,,,,,,,,,XS2023112300617,,,,,,,,,,,,,,,,,,,,,,,,,,,,2023,Q3
130,计划,邹平市城南地表水厂二期扩建,1市场阶段,东部大区,滨州区域公司,,D,供水,",,",,,,,,,,,,,,,,3,,,,,,,,,,,,,,,,,,,,,,,,,,,,,,2024-10-01 00:00:00,,,,,,,,,,,,,,,,,,,2024-10-01 00:00:00,2,3,2,2,9,,,,,,,,,,,,,,,,,,,,,,,,,,,,,,,,,,,,,,,,,,,,,,,,,,,,,,,,,,,,,XS2023112200575,,,,,,,,,,,,,,,,,,,,,,,,,,,,2023,Q3
131,计划,福建省泉州市晋江市泉州安平供水有限公司内坑水厂盘活项目,1市场阶段,南部大区,厦漳泉区域公司,,D,供水,",,",,,,,,,,,,,,,,10,,,,,,,,,,,,,,,,,,,,,,,,,,,,,,2024-07-31 00:00:00,,,,,,,,,,,,,,,,,,,2024-07-31 00:00:00,10,10,5,5,30,,,,,,,,,,,,,,,,,,,,,,,,,,,,,,,,,,,,,,,,,,,,,,,,,,,,,,,,,,,,,XS2023112300600,,,,,,,,,,,,,,,,,,,,,,,,,,,,2023,Q3
132,计划,黄山市徽州区净水厂工程,1市场阶段,东部大区,南京区域公司,,D,污水,",,",,,,,,,,,2.00,,,,,,,,,,,,,,,,,,,,,,,,,,,,,,,,,,,2024-09-15 00:00:00,,,,,,,,,,,,,,,,,,,2024-09-15 00:00:00,2,2,2,0,6,0,0,0,0,0,0,0,0,100,0,0,0,100,,,,,,,,,,,,,,,,,,,,,,,,,,,,,,,,,,,,,,,,,,,,,,,,XS2023112300602,,,,,,,,,,,,,,,,,,,,,,,,,,,,2023,Q3
133,计划,山西省太原市九河复流项目,1市场阶段,东部大区,太原管理中心,,D,再生水,",,",,,,,,,,,,,,,,,,,,,,,,,,,,,,,,,,11.2,,,,,,,,,,,,2024-08-31 00:00:00,,,,,,,,,,,,,,,,,,,2024-08-31 00:00:00,8.3,8.3,9,8,33.6,0,0,0,0,0,0,300,380,400,400,400,400,2280,,,,,,,,,,,,,,,,,,,,,,,,,,,,,,,,,,,,,,,,,,,,,,,,XS2023112300619,,,,,,,,,,,,,,,,,,,,,,,,,,,,2023,Q3
134,计划,北京北京市大兴区北京安定生物质能源有限公司,1市场阶段,北部大区,北京业务区,,D,再生水,",,",,,,,,,,,,,,,,,,,,,,,,,,,,,,,,,,0.4,,,,,,,,,,,,2024-12-31 00:00:00,,,,,,,,,,,,,,,,,,,2024-12-31 00:00:00,0.3,0.3,0.3,0.3,1.2,,,,,,,,,,,,,,,,,,,,,,,,,,,,,,,,,,,,,,,,,,,,,,,,,,,,,,,,,,,,,XS2023112800655,,,,,,,,,,,,,,,,,,,,,,,,,,,,2023,Q3
135,计划,河北省邢台市南和区郝桥污水处理厂委托运营项目,1市场阶段,北部大区,邢台区域公司,,D,污水,",,",,,,,,,,,1.5,,,,,,,,,,,,,,,,,,,,,,,,,,,,,,,,,,,2024-12-05 00:00:00,,,,,,,,,,,,,,,,,,,2024-12-05 00:00:00,0,0,0,2,2,0,0,0,0,0,0,0,0,0,0,0,0,0,0,0,0,0,0,0,0,0,0,0,0,0,0,,,,,,,,,,,,,,,,,,,,,,,,,,,,,,,,,,,XS2023112200581,,,,,,,,,,,,,,,,,,,,,,,,,,,,2023,Q3
136,计划,盘锦田家污水处理厂委托运营项目,1市场阶段,北部大区,盘锦区域公司,,D,污水,",,",,,,,,,,,2.5,,,,,,,,,,,,,,,,,,,,,,,,,,,,,,,,,,,2024-10-10 00:00:00,,,,,,,,,,,,,,,,,,,2024-10-10 00:00:00,2,2,3.5,0,7.5,0,0,0,0,0,0,0,0,0,100,0,0,100,0,0,0,0,0,0,0,0,0,0,0,0,0,,,,,,,,,,,,,,,,,,,,,,,,,,,,,,,,,,,XS2023112200579,,,,,,,,,,,,,,,,,,,,,,,,,,,,2023,Q3
137,计划,盘锦奇正天一农药废水处理委托运营项目,1市场阶段,北部大区,盘锦区域公司,,D,污水,",,",,,,,,,,,0.01,,,,,,,,,,,,,,,,,,,,,,,,,,,,,,,,,,,2024-10-31 00:00:00,,,,,,,,,,,,,,,,,,,2024-10-31 00:00:00,1,1,1,0,3,0,0,0,0,0,0,0,0,0,0,0,0,0,0,0,0,0,0,0,0,0,0,0,0,0,0,,,,,,,,,,,,,,,,,,,,,,,,,,,,,,,,,,,XS2023112200580,,,,,,,,,,,,,,,,,,,,,,,,,,,,2023,Q3
138,计划,河北省邢台市南宫市地表水厂二期项目,1市场阶段,北部大区,邢台区域公司,,D,供水,",,",,,,,,,,,,,,,,3.75,,,,,,,,,,,,,,,,,,,,,,,,,,,,,,2024-09-30 00:00:00,,,,,,,,,,,,,,,,,,,2024-09-30 00:00:00,3.75,3.75,3.75,0,11.25,0,0,0,0,0,0,0,0,0,0,0,0,0,0,0,0,0,0,0,0,0,0,0,0,0,0,,,,,,,,,,,,,,,,,,,,,,,,,,,,,,,,,,,XS2023112100560,,,,,,,,,,,,,,,,,,,,,,,,,,,,2023,Q3
139,计划,广西壮族自治区贺州市江南污水处理厂,1市场阶段,南部大区,南部大区,,D,污水,",,",,,,,,,,,6,,,,,,,,,,,,,,,,,,,,,,,,,,,,,,,,,,,2024-12-31 00:00:00,,,,,,,,,,,,,,,,,,,2024-12-31 00:00:00,4.5,4.5,4.5,4.5,18,,,,,,,,,,,,,,,,,,,,,,,,,,,,,,,,,,,,,,,,,,,,,,,,,,,,,,,,,,,,,XS2023110700009,,,,,,,,,,,,,,,,,,,,,,,,,,,,2023,Q3
140,计划,永州市冷水滩区河东污水处理厂委托运营项目,1市场阶段,南部大区,永州区域公司,,D,污水,",,",,,,,,,,,5,,,,,,,,,,,,,,,,,,,,,,,,,,,,,,,,,,,2024-12-31 00:00:00,,,,,,,,,,,,,,,,,,,2024-12-31 00:00:00,3,5,4,3,15,0,0,0,0,0,0,0,0,0,0,0,0,0,0,0,0,0,0,0,0,0,0,0,0,0,0,,,,,,,,,,,,,,,,,,,,,,,,,,,,,,,,,,,XS2023111600456,,,,,,,,,,,,,,,,,,,,,,,,,,,,2023,Q3
141,计划,湖北省孝感市安陆市西城新区污水厂EPC+O项目,1市场阶段,南部大区,武汉城市代表处（停）,,D,污水,",,",,,0.00,,,,,,3,,,,,,,,,,,,,,,,,,,,,,,,,,,,,,,,,,,2024-11-01 00:00:00,,,,,,,,,,,,,,,,,,,2024-11-01 00:00:00,3,3,2,1,9,0,0,0,0,0,0,0,0,0,0,100,100,200,0,0,0,0,0,0,0,0,0,0,0,0,0,,,,,,,,,,,,,,,,,,,,,,,,,,,,,,,,,,,XS2023111300422,,,,,,,,,,,,,,,,,,,,,,,,,,,,2023,Q3
142,计划,福安市管网委托运维项目,1市场阶段,南部大区,福州区域公司,,D,管网,",,",,,,,,,,,,,,,,,,,,,,,,,,,,,,,,,,,,,,,,,,,,,,2024-04-01 00:00:00,,,,,,,,,,,,,,,,,,,2024-04-01 00:00:00,2,2,2,2,8,,,,,,,,,,,,,,,,,,,,,,,,,,,,,,,,,,,,,,,,,,,,,,,,,,,,,,,,,,,,,XS2023112000540,,,,,,,,,,,,,,,,,,,,,,,,,,,,2023,Q3
143,计划,湖北省武汉市东西湖区豹澥污水厂二期委托运维项目,1市场阶段,南部大区,武汉城市代表处（停）,,D,污水,",,",,,0.00,,,,,,11,,,,,,,,,,,,,,,,,,,,,,,,,,,,,,,,,,,2024-11-01 00:00:00,,,,,,,,,,,,,,,,,,,2024-11-01 00:00:00,9,9,9,6,33,0,0,0,0,0,0,0,0,0,0,100,100,200,0,0,0,0,0,0,0,0,0,0,0,0,0,,,,,,,,,,,,,,,,,,,,,,,,,,,,,,,,,,,XS2023111000409,,,,,,,,,,,,,,,,,,,,,,,,,,,,2023,Q3
144,计划,济南市起步区绿色循环产业园综合污水处理厂,1市场阶段,东部大区,济南区域公司,,D,污水,",,",,,,,,,,,4.00,,,,,,,,,,,,,,,,,,,,,,,,,,,,,,,,,,,2024-11-30 00:00:00,,,,,,,,,,,,,,,,,,,2024-11-30 00:00:00,2,3,4,3,12,,,,,,,,,,,,,,,,,,,,,,,,,,,,,,,,,,,,,,,,,,,,,,,,,,,,,,,,,,,,,XS2023112000529,,,,,,,,,,,,,,,,,,,,,,,,,,,,2023,Q3
145,计划,山东省济南市起步区绿色循环产业园工业污水处理厂,1市场阶段,东部大区,济南区域公司,,D,污水,",,",,,,,,,,,8.00,,,,,,,,,,,,,,,,,,,,,,,,,,,,,,,,,,,2024-12-31 00:00:00,,,,,,,,,,,,,,,,,,,2024-12-31 00:00:00,6,5,4,9,24,,,,,,,,,,,,,,,,,,,,,,,,,,,,,,,,,,,,,,,,,,,,,,,,,,,,,,,,,,,,,XS2023112000513,,,,,,,,,,,,,,,,,,,,,,,,,,,,2023,Q3
146,计划,山东省东营市利津县再生水项目,1市场阶段,东部大区,滨州区域公司,,D,再生水,",,",,,,,,,,,,,,,,,,,,,,,,,,,,,,,,,,3,,,,,,,,,,,,2024-11-01 00:00:00,,,,,,,,,,,,,,,,,,,2024-11-01 00:00:00,2,2,3,2,9,,,,,,,,,,,,,,,,,,,,,,,,,,,,,,,,,,,,,,,,,,,,,,,,,,,,,,,,,,,,,XS2023112000525,,,,,,,,,,,,,,,,,,,,,,,,,,,,2023,Q3
147,计划,新野县城乡一体化供水项目,1市场阶段,东部大区,南阳区域公司,,D,供水,",,",,,,,,,,,,,,,,7,,,,,,,,,,,,,,,,,,,,,,,,,,,,,,2024-04-16 00:00:00,,,,,,,,,,,,,,,,,,,2024-04-16 00:00:00,5,5,5,6,21,0,0,0,0,100,0,0,0,0,0,0,0,100,,,,,,,,,,,,,,,,,,,,,,,,,,,,,,,,,,,,,,,,,,,,,,,,XS2023111300411,,,,,,,,,,,,,,,,,,,,,,,,,,,,2023,Q3
148,计划,广东省揭阳市榕城区空港经济区污水处理厂扩建工程EPCO项目,1市场阶段,南部大区,深汕惠区域公司,,D,污水,",,",,,,,,,,,1.5,,,,,,,,,,,,,,,,,,,,,,,,,,,,,,,,,,,2024-12-31 00:00:00,,,,,,,,,,,,,,,,,,,2024-12-31 00:00:00,1.5,1.5,1.5,1.5,6,0,0,0,0,0,0,0,0,0,0,0,0,0,0,0,0,0,0,0,0,0,0,0,0,0,0,,,,,,,,,,,,,,,,,,,,,,,,,,,,,,,,,,,XS2023111700477,,,,,,,,,,,,,,,,,,,,,,,,,,,,2023,Q3
149,计划,广东省江门市新会区七堡污水处理厂项目,1市场阶段,南部大区,南部大区,,D,污水,",,",,,,,,,,,2.5,,,,,,,,,,,,,,,,,,,,,,,,,,,,,,,,,,,2024-09-30 00:00:00,,,,,,,,,,,,,,,,,,,2024-09-30 00:00:00,10.005,10.005,10.005,10.005,40.02,8.34,8.34,8.34,8.34,8.33,8.33,8.33,8.33,8.33,8.33,8.33,8.33,100,0,0,0,0,0,0,0,0,0,0,0,0,0,,,,,,,,,,,,,,,,,,,,,,,,,,,,,,,,,,,XS2023111700505,,,,,,,,,,,,,,,,,,,,,,,,,,,,2023,Q3
150,计划,青岛蓝谷大任河污水处理厂扩建项目,1市场阶段,东部大区,青岛区域公司,,D,污水,",,",,,,,,,,,6.00,,,,,,,,,,,,,,,,,,,,,,,,,,,,,,,,,,,2024-12-31 00:00:00,,,,,,,,,,,,,,,,,,,2024-12-31 00:00:00,6,6,6,0,18,0,0,0,0,0,0,0,0,0,0,0,200,200,,,,,,,,,,,,,,,,,,,,,,,,,,,,,,,,,,,,,,,,,,,,,,,,XS2023112100570,,,,,,,,,,,,,,,,,,,,,,,,,,,,2023,Q3
151,计划,四川省成都市彭州市第一污水处理厂中水回用项目,1市场阶段,西部大区,成都区域公司（停）,,D,再生水,",,",,,,,,,,,,,,,,,,,,,,,,,,,,,,,,,,2,,,,,,,,,,,,2024-04-30 00:00:00,,,,,,,,,,,,,,,,,,,2024-04-30 00:00:00,4,2,0,0,6,0,0,0,0,0,0,0,0,0,0,0,0,0,0,0,0,0,0,0,0,0,0,0,0,0,0,,,,,,,,,,,,,,,,,,,,,,,,,,,,,,,,,,,XS2023112000510,,,,,,,,,,,,,,,,,,,,,,,,,,,,2023,Q3
152,计划,辽宁省阜新市海州区,1市场阶段,北部大区,东北业务区,,D,污水,",,",,,0.34,,,,,,2.5,,,,,,,,,,,,,,,,,,,,,,,,,,,,,,,,,,,2024-11-30 00:00:00,,,,,,,,,,,,,,,,,,,2024-11-30 00:00:00,1.9,1.9,1.9,1.8,7.5,0,0,0,0,0,0,0,0,0,0,0,1020,1020,0,0,0,0,0,0,0,0,0,0,0,3400,3400,,,,,,,,,,,,,,,,,,,,,,,,,,,,,,,,,,,XS2023112100557,,,,,,,,,,,,,,,,,,,,,,,,,,,,2023,Q3
153,计划,成都市双流区公兴片区再生水项目,1市场阶段,西部大区,成都区域公司（停）,,D,再生水,",,",,,0.47,,,,,,,,,,,,,,,,,,,,,,,,,,,,,1.5,,,,,,,,,,,,2024-11-30 00:00:00,,,,,,,,,,,,,,,,,,,2024-11-30 00:00:00,2,1.5,1,0,4.5,0,0,0,940,0,0,0,0,0,0,0,0,940,,,,,,,,,,,,,,,,,,,,,,,,,,,,,,,,,,,,,,,,,,,,,,,,XS2023112100566,,,,,,,,,,,,,,,,,,,,,,,,,,,,2023,Q3
154,计划,河北省邢台市信都区,1市场阶段,北部大区,邢台区域公司,,D,"供水, 污泥",",,",,,0.11,,,,,,,,,,,19,,,,,,,,,,,,,19,,,,,,,,,,,,,,,,,2024-03-29 00:00:00,,,,,,,,,,,,,,,,,,,2024-03-29 00:00:00,3,0,0,0,3,0,0,0,0,0,0,0,0,0,0,0,0,0,0,0,0,0,0,0,0,0,0,0,0,0,0,,,,,,,,,,,,,,,,,,,,,,,,,,,,,,,,,,,XS2023112100559,,,,,,,,,,,,,,,,,,,,,,,,,,,,2023,Q3
155,计划,河北省秦皇岛市北戴河新区污水处理厂提标扩建工程,1市场阶段,北部大区,秦皇岛区域公司,,D,污水,",,",,,0.35,,,,,,5,,,,,,,,,,,,,,,,,,,,,,,,,,,,,,,,,,,2024-12-31 00:00:00,,,,,,,,,,,,,,,,,,,2024-12-31 00:00:00,4,4,4,3,15,0,0,0,0,0,0,0,0,0,0,0,1000,1000,,,,,,,,,,,,,,,,,,,,,,,,,,,,,,,,,,,,,,,,,,,,,,,,XS2023112200571,,,,,,,,,,,,,,,,,,,,,,,,,,,,2023,Q3
156,否,海口市长流片区排水“厂网一体化”项目,1市场阶段,南部大区,海口城市代表处（停）,,D,"污水, 排水管网（污水管/雨水管/雨污合流流管/泵站）",",,",,,,,,,,,5,,,,,,,,,,,,,,,,,,,,,,,,,,,,,,,,,,,2024-11-30 00:00:00,,,,,,,,,,,,,,,,,,,2024-11-30 00:00:00,3.75,3.75,3.75,3.75,15,0,0,,,,,,,,,,,0,0,0,0,0,0,0,0,0,0,0,0,3000,3000,,,,,,,,,,,,,,,,,,,,,,,,,,,,,,,,,,,XS2023112100553,,,,,,,,,,,,,,,,,,,,,,,,,,,,2023,Q3
157,否,宜宾菜坝污水处理厂项目,1市场阶段,西部大区,宜宾区域公司,,D,污水,",,",,,,,,,,,2.5,,,,,,,,,,,,,,,,,,,,,,,,,,,,,,,,,,,2025-01-31 00:00:00,,,,,,,,,,,,,,,,,,,2025-01-31 00:00:00,4.5,4.5,4.5,4.5,18,0,0,0,0,0,0,0,0,0,0,0,0,0,0,0,0,0,0,0,0,0,0,0,0,0,0,,,,,,,,,,,,,,,,,,,,,,,,,,,,,,,,,,,XS2023112100568,,,,,,,,,,,,,,,,,,,,,,,,,,,,2023,Q3
158,否,平果市城镇污水处理系统工程,1市场阶段,南部大区,南部大区,,D,污水,",,",,,0.90,,,,,,4.1,,,,,,,,,,,,,,,,,,,,,,,,,,,,,,,,,,,2024-11-30 00:00:00,,,,,,,,,,,,,,,,,,,2024-11-30 00:00:00,3.1,3.1,3.1,3,12.3,0,0,0,0,0,0,0,0,0,0,0,1125,1125,,,,,,,,,,,,,,,,,,,,,,,,,,,,,,,,,,,,,,,,,,,,,,,,XS2023110700020,,,,,,,,,,,,,,,,,,,,,,,,,,,,2023,Q3
159,否,四川省宜宾市叙州区南岸污水处理厂技改项目（排口改建）,1市场阶段,西部大区,宜宾区域公司,,D,"污水, 排水管网（污水管/雨水管/雨污合流流管/泵站）",",,",,,,,,,,,5,,,,,,,,,,,,,,,,,,,,,,,,,,,,,,,,,,,2024-07-01 00:00:00,,,,,,,,,,,,,,,,,,,2024-07-01 00:00:00,1,1,1,1,4,,,,,,,,,,,,,,,,,,,,,,,,,,,,,,,,,,,,,,,,,,,,,,,,,,,,,,,,,,,,,XS2023112100565,,,,,,,,,,,,,,,,,,,,,,,,,,,,2023,Q3
160,否,福建省泉州市清濛污水处理厂技改项目,1市场阶段,南部大区,厦漳泉区域公司,,D,污水,",,",,,,,,,,,,,,,,,,,,,,,,,,,,,,,,,,,,,,,,,,,,,,2024-06-30 00:00:00,,,,,,,,,,,,,,,,,,,2024-06-30 00:00:00,2,2,1,1,6,,,,,,,,,,,,,,,,,,,,,,,,,,,,,,,,,,,,,,,,,,,,,,,,,,,,,,,,,,,,,XS2023112300601,,,,,,,,,,,,,,,,,,,,,,,,,,,,2023,Q3
161,否,盘锦唐家污水处理厂委托运营项目,1市场阶段,北部大区,盘锦区域公司,,D,污水,",,",,,,,,,,,1,,,,,,,,,,,,,,,,,,,,,,,,,,,,,,,,,,,2024-12-31 00:00:00,,,,,,,,,,,,,,,,,,,2024-12-31 00:00:00,0,0,1,2,3,0,0,0,0,0,0,0,0,0,0,0,50,50,0,0,0,0,0,0,0,0,0,0,0,0,0,,,,,,,,,,,,,,,,,,,,,,,,,,,,,,,,,,,XS2023112200578,,,,,,,,,,,,,,,,,,,,,,,,,,,,2023,Q3
162,否,河北省廊坊市三河市燕郊西污水厂三期扩建工程,1市场阶段,北部大区,三河区域公司,,D,污水,",,",,,,,,,,,5,,,,,,,,,,,,,,,,,,,,,,,,,,,,,,,,,,,2024-12-25 00:00:00,,,,,,,,,,,,,,,,,,,2024-12-25 00:00:00,0,0,10,5,15,0,0,0,0,0,0,0,0,0,0,0,3600,3600,0,0,0,0,0,0,0,0,0,0,0,0,0,,,,,,,,,,,,,,,,,,,,,,,,,,,,,,,,,,,XS2023112300610,,,,,,,,,,,,,,,,,,,,,,,,,,,,2023,Q3
163,否,辽宁省营口市鲅鱼圈区熊岳污水厂二期项目,1市场阶段,北部大区,东北业务区,,D,污水,",,",,,,,,,,,3,,,,,,,,,,,,,,,,,,,,,,,,,,,,,,,,,,,2024-12-31 00:00:00,,,,,,,,,,,,,,,,,,,2024-12-31 00:00:00,2,2,2,3,9,0,0,0,0,0,0,0,0,0,0,0,500,500,0,0,0,0,0,0,0,0,0,0,0,0,0,,,,,,,,,,,,,,,,,,,,,,,,,,,,,,,,,,,XS2023112200591,,,,,,,,,,,,,,,,,,,,,,,,,,,,2023,Q3
164,否,辽宁省营口市鲅鱼圈区污水厂三期建设项目,1市场阶段,北部大区,东北业务区,,D,污水,",,",,,,,,,,,,,,,,,,,,,,,,,,,,,,,,,,,,,,,,,,,,,,2024-12-31 00:00:00,,,,,,,,,,,,,,,,,,,2024-12-31 00:00:00,3.75,3.75,3.75,3.75,15,0,0,0,0,0,0,0,0,0,0,0,0,0,0,0,0,0,0,0,0,0,0,0,0,0,0,,,,,,,,,,,,,,,,,,,,,,,,,,,,,,,,,,,XS2023112200590,,,,,,,,,,,,,,,,,,,,,,,,,,,,2023,Q3
165,否,黑龙江省大庆市大同区污水处理厂,1市场阶段,北部大区,大庆区域公司,,D,污水,",,",,,,,,,,,1.4,,,,,,,,,,,,,,,,,,,,,,,,,,,,,,,,,,,2024-12-31 00:00:00,,,,,,,,,,,,,,,,,,,2024-12-31 00:00:00,1,1,1,1.2,4.2,0,0,0,0,0,0,0,0,0,0,0,1200,1200,0,0,0,0,0,0,0,0,0,0,0,0,0,,,,,,,,,,,,,,,,,,,,,,,,,,,,,,,,,,,XS2023112100558,,,,,,,,,,,,,,,,,,,,,,,,,,,,2023,Q3
166,否,河北省唐山市曹妃甸区,1市场阶段,北部大区,河北业务区,,D,供水,",,",,,,,,,,,,,,,,,,,,,,,,,,,,,,,,,,,,,,,,,,,,,,2024-06-30 00:00:00,,,,,,,,,,,,,,,,,,,2024-06-30 00:00:00,9,9,9,9,36,0,0,0,0,0,1414.1,0,0,0,0,0,0,1414.1,0,0,0,0,0,0,0,0,0,0,0,0,0,,,,,,,,,,,,,,,,,,,,,,,,,,,,,,,,,,,XS2023112200582,,,,,,,,,,,,,,,,,,,,,,,,,,,,2023,Q3
167,否,汤河子经济开发区污水厂,1市场阶段,北部大区,锦州区域公司,,D,污水,",,",,,,,,,,,,,,,,,,,,,,,,,,,,,,,,,,,,,,,,,,,,,,2024-12-31 00:00:00,,,,,,,,,,,,,,,,,,,2024-12-31 00:00:00,0.825,0.825,0.825,0.825,3.3,0,0,0,0,0,0,0,0,0,0,0,0,0,0,0,0,0,0,0,0,0,0,0,0,0,0,,,,,,,,,,,,,,,,,,,,,,,,,,,,,,,,,,,XS2023112200589,,,,,,,,,,,,,,,,,,,,,,,,,,,,2023,Q3
168,否,河北省邢台市南宫市水司项目合作,1市场阶段,北部大区,邢台区域公司,,D,供水,",,",,,,,,,,,,,,,,4,,,,,,,,,,,,,,,,,,,,,,,,,,,,,,2024-12-10 00:00:00,,,,,,,,,,,,,,,,,,,2024-12-10 00:00:00,3,3,3,3,12,0,0,0,0,0,0,0,0,0,0,0,0,0,0,0,0,0,0,0,0,0,0,0,0,0,0,,,,,,,,,,,,,,,,,,,,,,,,,,,,,,,,,,,XS2023112300599,,,,,,,,,,,,,,,,,,,,,,,,,,,,2023,Q3
169,否,内蒙古自治区呼和浩特市和林格尔县,1市场阶段,北部大区,内蒙古业务区,,D,污水,",,",,,,,,,,,1.6,,,,,,,,,,,,,,,,,,,,,,,,,,,,,,,,,,,2024-09-30 00:00:00,,,,,,,,,,,,,,,,,,,2024-09-30 00:00:00,0.8,0.8,0.8,0,2.4,0,0,0,0,0,0,0,0,0,100,0,0,100,,,,,,,,,,,,,,,,,,,,,,,,,,,,,,,,,,,,,,,,,,,,,,,,XS2023112200587,,,,,,,,,,,,,,,,,,,,,,,,,,,,2023,Q3
170,否,四川省宜宾市长宁县城市生活污水处理厂,1市场阶段,西部大区,宜宾区域公司,,D,污水,",,",,,,,,,,,3,,,,,,,,,,,,,,,,,,,,,,,,,,,,,,,,,,,2024-09-01 00:00:00,,,,,,,,,,,,,,,,,,,2024-09-01 00:00:00,2.25,2.25,2.25,2.25,9,0,0,0,0,0,0,0,0,200,0,0,0,200,0,0,0,0,0,0,0,0,0,0,0,0,0,,,,,,,,,,,,,,,,,,,,,,,,,,,,,,,,,,,XS2023111600470,,,,,,,,,,,,,,,,,,,,,,,,,,,,2023,Q3
171,否,四川省宜宾市兴文县经开区供排水一体化项目,1市场阶段,西部大区,西部大区,,D,污水,",,",,,,,,,,,1.6,,,,,,,,,,,,,,,,,,,,,,,,,,,,,,,,,,,2024-06-01 00:00:00,,,,,,,,,,,,,,,,,,,2024-06-01 00:00:00,5,5,5,4.5,19.5,0,0,0,0,0,500,0,0,0,0,0,0,500,0,0,0,0,0,0,0,0,0,0,0,0,0,,,,,,,,,,,,,,,,,,,,,,,,,,,,,,,,,,,XS2023110800402,,,,,,,,,,,,,,,,,,,,,,,,,,,,2023,Q3
172,否,眉山高新技术产业园区供水委托运营项目,1市场阶段,西部大区,成都区域公司（停）,,D,供水,",,",,,,,,,,,,,,,,5,,,,,,,,,,,,,,,,,,,,,,,,,,,,,,2024-06-30 00:00:00,,,,,,,,,,,,,,,,,,,2024-06-30 00:00:00,7,8,0,0,15,,,,,,,,,,,,,,,,,,,,,,,,,,,,,,,,,,,,,,,,,,,,,,,,,,,,,,,,,,,,,XS2023112000543,,,,,,,,,,,,,,,,,,,,,,,,,,,,2023,Q3
173,否,成都市双流区公兴二期项目,1市场阶段,西部大区,成都区域公司（停）,,D,污水,",,",,,3.47,,,,,,5,,,,,,,,,,,,,,,,,,,,,,,,,,,,,,,,,,,2024-11-30 00:00:00,,,,,,,,,,,,,,,,,,,2024-11-30 00:00:00,4,4,4,3,15,0,0,0,0,0,0,0,0,0,0,8000,0,8000,,,,,,,,,,,,,,,,,,,,,,,,,,,,,,,,,,,,,,,,,,,,,,,,XS2023110700272,,,,,,,,,,,,,,,,,,,,,,,,,,,,2023,Q3
174,否,宜宾一曼污水处理厂,1市场阶段,西部大区,宜宾区域公司,,D,污水,",,",,,,,,,,,5,,,,,,,,,,,,,,,,,,,,,,,,,,,,,,,,,,,2024-11-01 00:00:00,,,,,,,,,,,,,,,,,,,2024-11-01 00:00:00,3.75,3.75,3.75,3.75,15,0,0,0,0,0,0,0,0,0,0,500,0,500,0,0,0,0,0,0,0,0,0,0,0,0,0,,,,,,,,,,,,,,,,,,,,,,,,,,,,,,,,,,,XS2023112100569,,,,,,,,,,,,,,,,,,,,,,,,,,,,2023,Q3
175,否,江门市蓬江区城乡排水设施完善工程,1市场阶段,南部大区,江门区域公司,,D,排水管网（污水管/雨水管/雨污合流流管/泵站）,",,",,,,,,,,,,,,,,,,,,,,,,,,,,,,,,,,,,,,,,,,,,,,2024-09-30 00:00:00,,,,,,,,,,,,,,,,,,,2024-09-30 00:00:00,10.005,10.005,10.005,10.005,40.02,8.34,8.34,8.34,8.34,8.33,8.33,8.33,8.33,8.33,8.33,8.33,8.33,100,0,0,0,0,0,0,0,0,0,0,0,0,0,,,,,,,,,,,,,,,,,,,,,,,,,,,,,,,,,,,XS2023111700507,,,,,,,,,,,,,,,,,,,,,,,,,,,,2023,Q3
176,否,皖江江南新兴产业集中区起步区中水回用工程DBO项目,1市场阶段,东部大区,南京区域公司,,D,再生水,",,",,,,,,,,,,,,,,,,,,,,,,,,,,,,,,,,2,,,,,,,,,,,,2024-07-10 00:00:00,,,,,,,,,,,,,,,,,,,2024-07-10 00:00:00,2,2,2,0,6,0,0,0,0,0,0,100,0,0,0,0,0,100,,,,,,,,,,,,,,,,,,,,,,,,,,,,,,,,,,,,,,,,,,,,,,,,XS2023112300603,,,,,,,,,,,,,,,,,,,,,,,,,,,,2023,Q3
177,计划,山西省太原市龙城污水处理厂工程,1市场阶段,东部大区,太原管理中心,北控水务（中国）投资有限公司,D,污水,"制水,销售经营类ToB,市政污水处理",,执行中,0,0,0,0,0,0,20,0,0,0,0,0,0,0,0,0,0,0,0,0,0,0,0,0,0,0,0,0,0,0,0,0,0,0,,,,2024-02-29 00:00:00,2024-04-01 00:00:00,2024-08-01 00:00:00,2024-09-11 00:00:00,2024-12-31 00:00:00,,2024-01-01 00:00:00,2024-01-01 00:00:00,2024-01-01 00:00:00,2024-01-01 00:00:00,2024-01-01 00:00:00,北控水务（中国）投资有限公司,,非投标增量,,0,0,0,0,否,,,2024-01-01 00:00:00,2024-12-31 00:00:00,25,25,10,0,60,0,0,0,0,0,0,0,386,0,0,0,0,386,0,0,0,0,0,0,0,0,0,0,0,0,0,0,0,2024-07-03 00:00:00,,0,,,,,,0,0,0,0,0,0,0,0,0,0,0,0,2025-03-01 00:00:00,2025-12-31 00:00:00,2026-01-01 00:00:00,0,0,0,0,0,0,0,0,否,XS2023112200586,0,0,0,0,0,0,,否,,0,,,,,,,,,,,,,,,,1,,2023,Q3
178,否,平邑县东城污水处理厂,3方案策划,东部大区,临沂区域公司,,B,污水,",,市政污水处理, 市政污水处理",,已暂停,0,0,0,0,0,0,6,6,0,0,,,,,,,,,,,,,,,,,,,,,,,,,,,,,,,2024-04-17 00:00:00,,,2023-08-02 00:00:00,,,,,,,投标增量,,,,0,0,,,,,,4.5,4.5,4.5,4.5,18,0,0,0,0,0,100,0,0,0,0,0,0,100,0,0,0,0,0,0,0,0,0,0,0,0,0,0,无,2023-11-28 00:00:00,,,,,,,,,,,,,,,,,,,,2024-06-17 00:00:00,2024-12-17 00:00:00,2024-12-18 00:00:00,,,,,,,,,否,YXCSH2023009,,,,,,,,否,是,,,,TOT,2类-存带增,OM,服务,委托运营,,,,,,,,,30,,2023,Q3
179,计划,贵州省黔东南州黎平县城第三污水处理厂,60,西部大区,直管运营群_贵州,黎平北控水务有限公司,C,污水,",,市政污水处理, 市政污水处理",,已完成（已签约）,0,0,0,0,0,0,1,1,1,0,0,,,,,,,,,,,,,,,,,,,,,,,,,,2023-04-28 00:00:00,2023-12-15 00:00:00,2023-12-31 00:00:00,2023-12-11 00:00:00,2024-02-15 00:00:00,2024-06-30 00:00:00,2023-04-28 00:00:00,2023-12-11 00:00:00,2024-01-30 00:00:00,2024-02-01 00:00:00,2024-02-07 00:00:00,2024-06-24 00:00:00,北控水务（中国）投资有限公司,,非投标增量,,0,0,0,0,否,,,2024-02-01 00:00:00,2024-06-30 00:00:00,0,0,0,3,3,0,0,0,0,0,0,0,0,0,0,0,0,0,0,0,0,0,0,0,0,0,0,0,0,0,0,0,0,2024-06-25 00:00:00,,0,,,,,,0,0,0,0,0,0,0,0,0,0,0,0,2022-12-23 00:00:00,2024-07-15 00:00:00,2024-07-15 00:00:00,0,0,,,,,0,0,是,YXCSH2023188,0,0,0,0,0,0,,否,是,,,,TOT,,OM,服务,委托运营,,对政府方污水厂进行委托运营,新建,,,,,,1,,2023,Q3
180,否,20240112测试项目-编辑,2立项策划,,,,A,污水,",,市政污水处理",,执行中,,,,,,,,,,,,,,,,,,,,,,,,,,,,,,,,,,,,,,,,,,,,,,,,,,,投标增量,,,,,,,,,,,,,,,,,,,,,,,,,,,,,,,,,,,,,,,,,,,,,,,,,,,,,,,,,,,,,,,,,,,,,,,,,,,是,20240112,,,,,,,,,是,,,,,,,产品,,运营技术产品,,,,,,,,,,2023,Q3
181,否,20240112测试地址,2立项策划,,,,A+,污水,",,市政污水处理",,执行中,,,,,,,,,,,,,,,,,,,,,,,,,,,,,,,,,,,,,,,,,,,,,,,,,,,投标增量,,,,,,,,,,,,,,,,,,,,,,,,,,,,,,,,,,,,,,,,,,,,,,,,,,,,,,,,,,,,,,,,,,,,,,,,,,,是,YXXSGL0112,,,,,,,,,是,,,,,,,产品,,运营技术产品,,,,,,,,,,2023,Q3
182,否,四川省成都市郫都区唐昌第二污水处理厂委托运营项目,2立项策划,西部大区,蓉北区域公司,,C,污水,",,市政污水处理",,已终止,0.35,,,,,,1,1,0,,,,,,,,,,,,,,,,,,,,,,,,,,,XS2024011900758,,2024-01-23 00:00:00,2024-01-23 00:00:00,2024-01-29 00:00:00,2024-02-26 00:00:00,2024-03-30 00:00:00,2024-01-19 20:16:25,,,2024-01-29 00:00:00,,,,,投标增量,,,,0,0,,,,2024-01-29 00:00:00,2024-03-30 00:00:00,,,,,,,,,,,,,,,,,,,,,,,,,,,,,,,,,,,,,,,,,,,,,,,,,,,,,,,,,,,,,,,,,是,YXXS2024011900758,,,,,,,,,是,,,,,,OM,服务,委托运营,,,,,,,,,3,,2023,Q3
183,否,新疆维吾尔自治区昌吉回族自治州昌吉市城北污水处理厂委托运营项目,2立项策划,西部大区,新疆业务区,,C,污水,",,市政污水处理",,已终止,3.2,,,,,,5,5,5,,,,,,,,,,,,,,,,,,,,,,,,,,,XS2024022200791,2024-02-26 00:00:00,2024-02-28 00:00:00,2024-03-08 00:00:00,2024-03-14 00:00:00,2024-03-08 00:00:00,2024-03-29 00:00:00,2024-02-26 18:09:03,,,2024-03-14 00:00:00,,,,,投标增量,,,,0,0,,,,2024-03-14 00:00:00,2024-03-29 00:00:00,,,,,,,,,,,,,,,,,,,,,,,,,,,,,,,,50,北控水务（中国）投资有限公司,2024-03-11 00:00:00,,,,,,,,,,,,,,,,,,,,2022-01-01 00:00:00,2024-04-30 00:00:00,2024-05-01 00:00:00,,,,,,,,,是,YXXS2024022200791,,,,,,,,,是,,,,,,OM,服务,委托运营,,,,,,,,,5,,2023,Q3
184,否,山西省太原市中北高新区污水处理厂提标委托运营项目,3方案策划,东部大区,太原区域公司,,C,污水,",,工业污水处理",,已暂停,0,,,,,,1,1,0,,,,,,,,,,,,,,,,,,,,,,,,,,,XS2023112200583,2023-12-05 00:00:00,2024-08-08 00:00:00,2024-10-18 00:00:00,,2024-12-12 00:00:00,2025-01-30 00:00:00,2023-12-05 00:00:00,,,,,,,,非投标增量,,,,0,0,,,,,2025-01-30 00:00:00,,,,,,,,,,,,,,,,,,,,,,,,,,,,,,,,5,北控水务（中国）投资有限公司,2024-12-19 00:00:00,,,,,,,,,,,,,,,,,,,,2024-12-19 00:00:00,2025-05-14 00:00:00,2025-07-16 00:00:00,,,,,,,,,否,YXXS2023112200583,,,,,,,,,是,,,,,,OM,服务,委托运营,,,,,,,,,1,,2023,Q3
185,否,邹平市城南地表水厂二期扩建,3方案策划,东部大区,东营滨州区域公司,,C,供水,"制水,,",,执行中,0,,,,,,,,,,,3,3,0,,,,,,,,,,,,,,,,,,,,,,XS2023112200575,2023-12-01 00:00:00,2024-09-30 00:00:00,,,2024-10-25 00:00:00,,2023-12-01 00:00:00,,,,,,,,投标增量,,,,0,0,,,,,,,,,,,,,,,,,,,,,,,,,,,,,,,,,,,,,,,,,,,,,,,,,,,,,,,,,,,,,,,,,,,,,,否,YXXS2023112200575,,,,,,,,,是,,,,,,OM,服务,委托运营,,,,,,,,,10,,2023,Q3
186,计划,广东梅州高新技术产业园区水质净化厂(含湿地公园、污水提升泵站、中水回用水池)委托运营管理项目,7已签约,南部大区,广佛区域公司,,C,污水,",,工业污水处理",,已完成（已签约）,0,,,,,,1.8,1.3,0,,,,,,,,,,,,,,,,,,,,,,,,,,,XS2023120100681,2023-11-17 00:00:00,2023-12-13 00:00:00,2023-12-15 00:00:00,2024-01-08 00:00:00,2024-02-05 00:00:00,2024-02-08 00:00:00,2023-11-25 00:00:00,2023-12-13 00:00:00,2023-12-15 00:00:00,2024-01-08 00:00:00,2024-02-05 00:00:00,2024-01-25 00:00:00,,,投标增量,,,,0,0,,,,2024-01-08 00:00:00,2024-02-08 00:00:00,4.07,0,0,0,4.07,200,0,0,0,0,0,0,0,0,0,0,0,200,,,,,,,,,,,,,,,,,,,,,,,,,,,,,,,,,,,,,,,,,,,,,,,是,YXXS2023120100681,,,,,,,,,是,,,,,,OM,服务,委托运营,,业主通过公开招标选定北控水务承接本项目运维，运维期2年。,,,,,,,2,,2023,Q3
187,否,北京北京市大兴区北京安定生物质能源有限公司,3方案策划,北部大区,北京业务区,,C,污水,",,市政污水处理",,执行中,,,,,,,,,,,,,,,,,,,,,,,,,,,,,,,,,,,,XS2023112800655,2024-01-19 00:00:00,,,,,,2024-01-19 00:00:00,,,,,,,,,,,,,,,,,,,,,,,,,,,,,,,,,,,,,,,,,,,,,,,,,,,,,,,,,,,,,,,,,,,,,,,,,,,,,,,,,,,,YXXS2023112800655,,,,,,,,,是,,,,,,,,,,,,,,,,,,,2023,Q3
188,计划,广东省广州市增城排水公司合资合作项目-正果厂、派潭厂运营咨询项目,1市场阶段,南部大区,广佛区域公司,,C,其他,",,",,执行中,0,,,,,,,,,,,,,,,,,,,,,,,,,,,,,,,,,,,XS2024012600788,2024-03-12 00:00:00,2024-09-06 00:00:00,2024-10-10 00:00:00,,2024-11-15 00:00:00,2024-11-30 00:00:00,2024-03-12 00:00:00,,,,,,,,非投标增量,,,,0,0,,,,,2024-11-30 00:00:00,0.5,0.5,0.5,0.5,2,0,0,0,0,0,0,0,0,0,0,0,0,0,,,,,,,,,,,,,,,,,,,,,,,,,,,,,,,,,,,,,,,,,,,,,,,是,YXXS2024012600788,,,,,,,,,是,,,,,,其他,服务,技术咨询,,,,,,,,,1,,2023,Q3
189,计划,四川省绵阳市三台县城市污水项目二级泵站委托运营管理,3方案策划,西部大区,绵阳区域公司,,C,其他,",,",,执行中,0,,,,,,,,,,,,,,,,,,,,,,,,,,,,,,,,,,,XS2023111600460,2023-11-30 00:00:00,2024-06-28 00:00:00,2024-07-31 00:00:00,2024-09-30 00:00:00,2024-10-31 00:00:00,2024-11-30 00:00:00,2023-12-01 00:00:00,,,,,,,,非投标增量,,,,10,10,,,,,2024-11-30 00:00:00,0,0,0.27,0,0.27,0,0,0,0,0,0,0,0,0,0,0,0,0,,,,,,,,,,,,,,,,,,,,,,,,,,,,,,,,,,,,,,,,,,,,,,,是,YXXS2023111600460,,,,,,,,,是,,,,,,OM,服务,委托运营,,,,,,,,,1,,2023,Q3
190,计划,四川省成都市彭州市第一污水处理厂中水回用项目,6项目签约,西部大区,蓉北区域公司,,C,再生水,",销售经营类ToB,",,执行中,0,,,,,,,,,,,,,,,,,,,,,,,,,,,,,0.3,0.3,,,,,XS2023112000510,2023-05-10 00:00:00,2024-05-30 00:00:00,2024-07-15 00:00:00,,2024-08-30 00:00:00,2024-10-30 00:00:00,2023-12-01 00:00:00,,,,,,,,非投标增量,,,,0,0,,,,,2024-10-30 00:00:00,,,,,,,,,,,,,,,,,,,,,,,,,,,,,,,,,,,,,,,,,,,,,,,,,,,,,,,,,,,,,,,,,是,YXXS2023112000510,,,,,,,,,是,,,,,,EPCO,服务,委托运营,,,,,,,,,,,2023,Q3
191,计划,成都市双流区三支六斗委托运营项目,2立项策划,西部大区,蓉南区域公司,,C,污水,",,市政污水处理",,执行中,0.0042,,,,,,0.5,0.5,0,,,,,,,,,,,,,,,,,,,,,,,,,,,XS2023112100567,,2024-01-26 00:00:00,2024-03-23 00:00:00,2024-05-20 00:00:00,2024-03-21 00:00:00,2024-06-27 00:00:00,2023-11-29 19:16:18,,,,,,,,投标增量,,,,1,1,,,,,2024-06-27 00:00:00,,,,,,,,,,,,,,,,,,,,,,,,,,,,,,,,,,,,,,,,,,,,,,,,,,,,,,,,,,,,,,,,,是,YXXS2023112100567,,,,,,,,,是,,,,,,OM,服务,委托运营,,,,,,,,,2,,2023,Q3
192,否,贺兰县城污（雨）水提升泵站运维管理服务项目新增泵站,2立项策划,西部大区,银川区域公司,,C,其他,",,",,已终止,0,,,,,,,,,,,,,,,,,,,,,,,,,,,,,,,,,,,,2024-05-30 00:00:00,2024-06-03 00:00:00,2024-08-30 00:00:00,2024-09-30 00:00:00,2024-10-20 00:00:00,2024-10-30 00:00:00,2024-05-30 00:00:00,,,2024-09-30 00:00:00,,,,,投标增量,,,,8,8,,,,2024-09-30 00:00:00,2024-10-30 00:00:00,,,,,,,,,,,,,,,,,,,,,,,,,,,,,,,,,,,,,,,,,,,,,,,,,,,,,,,,,,,,,,,,,是,YXCSH2023289,,,,,,,,,是,,,,OM,,OM,服务,委托运营,,2022年，我司中标贺兰县城污（雨）水提升泵站运维管理服务项目，与综合执法局签署运维合同，贺兰县新增桃源路泵站、五小所泵站，综合执法局指定由我司继续负责新增泵站的管理运维，通过签署补充协议的形式承接该项目；,,,,,,,2,,2023,Q3
193,计划,双牌县污水处理厂一期提标改造委托运营项目,3方案策划,南部大区,永州区域公司,,B,污水,",,市政污水处理",,执行中,0,,,,,,1,1,1,,,,,,,,,,,,,,,,,,,,,,,,,,,XS2023120500683,2024-03-25 00:00:00,2024-03-19 00:00:00,2024-07-31 00:00:00,2024-10-31 00:00:00,2024-12-11 00:00:00,2024-12-31 00:00:00,2024-03-25 00:00:00,2024-03-19 00:00:00,2024-07-31 00:00:00,2024-10-31 00:00:00,,,,,投标增量,,,,0,0,,,,2024-10-31 00:00:00,2024-12-31 00:00:00,0,0,0.78,0,0.78,0,0,0,0,0,0,0,0,0,0,0,0,0,,,,,,,,,,,,,,0,暂无,2024-10-24 00:00:00,,,,,,,,,,,,,,,,,,,,2021-07-31 00:00:00,2023-08-01 00:00:00,2023-10-01 00:00:00,,,,,,,,,是,YXXS2023120500683,,,,,,,,,是,,,,,,OM,服务,委托运营,,,,,,,,,8,,2023,Q3
194,计划,山东省东营市利津县再生水项目,3方案策划,东部大区,东营滨州区域公司,,C,再生水,",销售经营类ToB,",,执行中,0,,,,,,,,,,,,,,,,,,,,,,,,,,,,,3,3,,,,,XS2023112000525,2023-12-04 00:00:00,2024-09-28 00:00:00,2024-11-26 00:00:00,2024-12-17 00:00:00,2024-12-20 00:00:00,2024-12-31 00:00:00,2023-12-04 00:00:00,,,2024-12-17 00:00:00,,,,,投标增量,,,,12,0,,,,2024-12-17 00:00:00,2024-12-31 00:00:00,0,0,5,5,10,0,0,0,0,0,0,0,0,0,0,0,0,0,,,,,,,,,,,,,,,,,,,,,,,,,,,,,,,,,,,,,,,,,,,,,,,否,YXXS2023112000525,,,,,,,,,是,,,,,,OM,服务,委托运营,,,,,,,,,8,,2023,Q3
195,否,江苏省盐城市区第Ⅲ防洪区水环境综合治理PPP项目存量部分委托运营项目,3方案策划,东部大区,北京建工环境(公司),,C,"水环境综合治理, 排水管网",",,",,执行中,0,,,,,,,,,,,,,,,,,594.79,594.79,,,,,,,,,,,,,,,,雨污水管网594.79公里，泵站23座，河道37.08公里,XS2023112100554,2023-12-31 00:00:00,2024-07-30 00:00:00,2024-09-25 00:00:00,,2024-09-30 00:00:00,2024-12-30 00:00:00,2023-12-04 00:00:00,,,,,,,,非投标增量,,,,0,0,,,,,2024-12-30 00:00:00,,,,,,,,,,,,,,,,,,,,,,,,,,,,,,,,,,,,,,,,,,,,,,,,,,,,,,,,,,,,,,,,,是,YXXS2023112100554,,,,,,,,,是,,,,,,OM,服务,委托运营,,,,,,,,,15,,2023,Q3
196,计划,河北省秦皇岛市北戴河新区污水处理厂提标扩建工程,3方案策划,北部大区,秦皇岛区域公司,,C,污水,",,市政污水处理",,执行中,,,,,,,,,,,,,,,,,,,,,,,,,,,,,,,,,,,,XS2023112200571,2024-01-17 00:00:00,2024-07-31 00:00:00,2024-09-26 00:00:00,2024-11-23 00:00:00,,2024-12-31 00:00:00,2024-01-17 00:00:00,,,,,,,,,,,,,,,,,,2024-12-31 00:00:00,,,,,,,,,,,,,,,,,,,,,,,,,,,,,,,,,,,,,,,,,,,,,,,,,,,,,,,,,,,,,,,,,,YXXS2023112200571,,,,,,,,,否,,,,,,,,,,,,,,,,,,,2023,Q3
197,计划,盘锦奇正天一农药废水处理委托运营项目,60,北部大区,盘锦区域公司,,C,污水,",,工业污水处理",,已完成（已签约）,0,0,0,0,0,0,0.01,0,0,0,0,,,,,,,,,,,,,,,,,,,,,,,,,XS2023112200580,2023-11-30 00:00:00,2024-07-31 00:00:00,2024-08-12 00:00:00,,2024-08-31 00:00:00,2024-09-30 00:00:00,2023-11-30 00:00:00,2024-05-01 00:00:00,2024-06-04 00:00:00,,2024-07-01 00:00:00,2023-12-01 00:00:00,北控水务集团,,非投标增量,,0,0,0,0,否,,,,2024-09-30 00:00:00,0.75,0.75,0.75,0.75,3,0,0,0,0,0,0,0,0,0,0,0,18.75,18.75,,,,,,,,,,,,,,0,0,2024-07-10 00:00:00,,,,,,,,0,0,0,0,0,0,0,0,0,0,0,0,2024-07-23 00:00:00,2024-07-03 00:00:00,2024-07-31 00:00:00,0,0,0,0,0,0,0,0,是,YXXS2023112200580,0,0,0,0,0,0,,是,是,,,,,,OM,服务,委托运营,,,其他,,,,,,1,,2023,Q3
198,否,盘锦田家污水处理厂委托运营项目,1市场阶段,北部大区,盘锦区域公司,,C,污水,",,市政污水处理",,执行中,0,,,,,,2.5,2.5,2.5,,,,,,,,,,,,,,,,,,,,,,,,,,,XS2023112200579,2023-12-01 00:00:00,2024-07-30 00:00:00,2024-09-25 00:00:00,2024-11-22 00:00:00,2024-12-28 00:00:00,2024-12-30 00:00:00,2023-12-01 00:00:00,,,,,,,,投标增量,,,,0,0,,,,,2024-12-30 00:00:00,2.25,2.25,2.25,2.25,9,0,0,0,0,0,0,0,0,0,0,0,100,100,,,,,,,,,,,,,,,,,,,,,,,,,,,,,,,,,,,,,,,,,,,,,,,否,YXXS2023112200579,,,,,,,,,是,,,,,,OM,服务,委托运营,,,,,,,,,3,,2023,Q3
199,否,河北省邢台市南宫市地表水厂二期项目,3方案策划,北部大区,邢台区域公司,,C,供水,"制水,,",,执行中,0.17,,,,,,,,,,,3.75,3.75,0,,,,,,,,,,,,,,,,,,,,,,XS2023112100560,2023-11-29 00:00:00,2024-07-30 00:00:00,2024-09-25 00:00:00,,2024-07-01 00:00:00,2024-12-30 00:00:00,2023-11-29 00:00:00,,,,,,,,非投标增量,,,,0,0,,,,,2024-12-30 00:00:00,3.75,3.75,3.75,0,11.25,0,0,0,0,0,0,0,0,0,100,0,0,100,0,0,0,0,0,0,0,0,0,0,0,0,0,,,,,,,,,,,,,,,,,,,,,,,,,,,,,,,,,,否,YXXS2023112100560,,,,,,,,,是,,,,,,,服务,委托运营,,,,,,,,,,,2023,Q3
200,计划,辽宁省锦州市太和区餐厨垃圾处理项目,3方案策划,北部大区,锦州区域公司,,C,"固体废物, 其他",",,",,执行中,0.6,,,,,,,,,,,,,,,,,,,,,,,,,,,,,,,,,,,XS2023112200592,2023-11-29 00:00:00,2024-06-30 00:00:00,2024-08-26 00:00:00,2024-10-23 00:00:00,2024-11-30 00:00:00,2024-12-31 00:00:00,2023-11-29 00:00:00,,,,,,,,投标增量,,,,0,0,,,,,2024-12-31 00:00:00,1,2,5,2,10,0,0,0,0,0,0,0,0,0,0,0,0,0,0,0,0,0,0,0,0,0,0,0,0,0,0,,,,,,,,,,,,,,,,,,,,,,,,,,,,,,,,,,否,YXXS2023112200592,,,,,,,,,是,,,,BOT,2类-存带增,OM,服务,委托运营,,暂定威保特投资。,,,,,,,30,,2023,Q3
201,计划,河北省邢台市南和区郝桥污水处理厂委托运营项目,60,北部大区,邢台区域公司,,C,综合技术解决方案,",,",,已完成（已签约）,0,0,0,0,0,0,,,,,,,,,,,,,,,,,,,,,,,,,,,,,,XS2023112200581,2024-01-31 00:00:00,2023-12-10 00:00:00,2023-12-20 00:00:00,,2024-01-01 00:00:00,2024-01-10 00:00:00,2024-01-26 00:00:00,2023-11-14 00:00:00,2023-12-01 00:00:00,,2023-12-12 00:00:00,2024-01-01 00:00:00,其他,,非投标增量,,0,0,0,0,否,,,,2024-01-10 00:00:00,0.03,0.03,0.03,0.03,0.12,0,0,0,0,0,0,0,0,0,0,0,0,0,,,,,,,,,,,,,,,,,,,,,,,,0,0,0,0,0,0,0,0,0,0,0,0,,,,0,0,,,,,0,0,是,YXXS2023112200581,0,0,0,0,0,0,,否,是,,,,,,其他,服务,技术咨询,,,其他,,,,,,1,,2023,Q3
202,计划,河北省邢台市信都区,1市场阶段,北部大区,邢台区域公司,,C,供水,"制水,,",,执行中,0.11,,,,,,,,,,,19,0,0,,,,,,,,,,,,,,,,,,,,,,XS2023112100559,,2024-03-15 00:00:00,2024-05-11 00:00:00,,2024-02-29 00:00:00,2024-08-15 00:00:00,2023-11-27 13:44:22,,,,,,,,,,,,8,8,,,,,2024-08-15 00:00:00,3,0,0,0,3,0,0,0,0,0,0,0,0,0,0,0,0,0,0,0,0,0,0,0,0,0,0,0,0,0,0,0,无,2023-12-30 00:00:00,,,,,,,,,,,,,,,,,,,,2025-02-15 00:00:00,2024-05-15 00:00:00,2024-06-15 00:00:00,,,,,,,,,是,YXXS2023112100559,,,,,,,,,否,,,,BOT,1类-保履约,,,,,,,,,,,,,,2023,Q3
203,计划,湖北省孝感市安陆市西城新区污水厂EPC+O项目,1市场阶段,南部大区,鄂赣业务区,,C,污水,",,市政污水处理",,执行中,2.5,,,,,,3,3,0,,,,,,,,,,,,,,,,,,,,,,,,,,,XS2023111300422,2023-11-28 00:00:00,2024-07-31 00:00:00,2024-09-30 00:00:00,2024-10-24 00:00:00,2024-11-24 00:00:00,2024-12-25 00:00:00,2023-11-28 00:00:00,,,2024-11-01 00:00:00,,,,,投标增量,,,,0,0,,,,2024-11-01 00:00:00,2024-12-25 00:00:00,0,0,3,3,6,0,0,0,0,0,0,0,0,0,0,0,0,0,,,,,,,,,,,,,,,,,,,,,,,,,,,,,,,,,,,,,,,,,,,,,,,是,YXXS2023111300422,,,,,,,,,是,,,,,,EPCO,服务,委托运营,,,,,,,,,,,2023,Q3
204,计划,湖北省武汉市东西湖区豹澥污水厂二期委托运维项目,1市场阶段,南部大区,武汉城市公司,,C,,",,",,,,,,,,,,,,,,,,,,,,,,,,,,,,,,,,,,,,,,XS2023111000409,,2024-07-01 00:00:00,2024-08-27 00:00:00,2024-10-24 00:00:00,,2024-12-01 00:00:00,2023-11-27 09:58:00,,,,,,,,,,,,,,,,,,2024-12-01 00:00:00,,,,,,,,,,,,,,,,,,,,,,,,,,,,,,,,,,,,,,,,,,,,,,,,,,,,,,,,,,,,,,,,,,YXXS2023111000409,,,,,,,,,,,,,,,,,,,,,,,,,,,,2023,Q3
205,计划,永州市冷水滩区河东污水处理厂委托运营项目,4中标策划,南部大区,永州区域公司,,C,污水,",,市政污水处理",,执行中,0,0,0,0,0,0,5,5,0,0,,,,,,,,,,,,,,,,,,,,,,,,,,XS2023111600456,2024-02-29 00:00:00,2024-03-14 00:00:00,2024-06-30 00:00:00,2024-09-16 00:00:00,2024-10-28 00:00:00,2024-11-28 00:00:00,2024-02-29 00:00:00,2024-03-14 00:00:00,2024-06-30 00:00:00,,,,其他,,投标增量,,0,0,0,0,否,,,,2024-11-28 00:00:00,2,0,3.93,0,5.93,0,0,0,0,0,0,0,0,0,0,0,0,0,,,,,,,,,,,,,,30,北控水务（中国）投资有限公司,2024-08-26 00:00:00,,,,,,,,0,0,0,0,0,0,0,0,0,0,0,0,2021-10-01 00:00:00,2023-09-30 00:00:00,2024-12-01 00:00:00,,,,,,,,,是,YXXS2023111600456,0,0,0,0,0,0,,否,是,,,,,,OM,服务,委托运营,,,,,,,,,2,,2023,Q3
206,否,成都市双流区公兴片区再生水项目,1市场阶段,西部大区,蓉南区域公司,,C,再生水,",销售经营类ToB,",,已暂停,0.6,,,,,,,,,,,,,,,,,,,,,,,,,,,,,1.5,1.5,,,,,XS2023112100566,2023-12-31 00:00:00,2024-08-30 00:00:00,2024-07-31 00:00:00,2024-10-31 00:00:00,2024-12-01 00:00:00,2025-01-31 00:00:00,2023-12-01 00:00:00,,,2024-10-31 00:00:00,,,,,投标增量,,,,7,7,,,,2024-10-31 00:00:00,2025-01-31 00:00:00,1,1,1,1,4,0,0,0,0,0,0,0,0,0,0,0,0,0,,,,,,,,,,,,,,,,,,,,,,,,,,,,,,,,,,,,,,,,,,,,,,,否,YXXS2023112100566,,,,,,,,,否,,,,BOT,2类-存带增,,,,,,,,,,,,,,2023,Q3
207,计划,山东省济南市起步区绿色循环产业园工业污水处理厂,1市场阶段,东部大区,济南区域公司,,C,污水,",,工业污水处理",,执行中,0,,,,,,8,8,8,,,,,,,,,,,,,,,,,,,,,,,,,,,XS2023112000513,2023-11-01 00:00:00,2025-03-01 00:00:00,2025-03-31 00:00:00,2025-04-30 00:00:00,2025-06-03 00:00:00,2025-06-30 00:00:00,2023-11-27 13:59:29,,,2025-05-09 00:00:00,,,,,投标增量,,,,0,0,,,,2025-05-09 00:00:00,2025-06-30 00:00:00,6,6,6,6,24,0,0,0,0,0,0,0,0,0,0,0,0,0,0,0,0,0,0,0,0,0,0,0,0,0,0,,,,,,,,,,,,,,,,,,,,,,,,,,,,,,,,,,否,YXXS2023112000513,,,,,,,,,是,,,,,,OM,服务,委托运营,,,,,,,,,8,,2023,Q3
208,否,南通市北高新区集成电路工业处理厂工程,3方案策划,东部大区,北京建工环境,,C,污水,",,工业污水处理",,执行中,0,,,,,,5,5,0,,,,,,,,,,,,,,,,,,,,,,,,,,,XS2023110700212,2023-12-04 00:00:00,2024-07-30 00:00:00,2024-09-25 00:00:00,2024-11-22 00:00:00,2024-07-31 00:00:00,2024-12-30 00:00:00,2023-12-04 00:00:00,,,,,,,,投标增量,,,,10,10,,,,,2024-12-30 00:00:00,,,,,,,,,,,,,,,,,,,,,,,,,,,,,,,,,,,,,,,,,,,,,,,,,,,,,,,,,,,,,,,,,否,YXXS2023110700212,,,,,,,,,是,,,,,,OM,服务,委托运营,,,,,,,,,5,,2023,Q3
209,计划,北京市通州区减河北综合资源利用中心（一期）委托运营项目,1市场阶段,东部大区,北京建工环境(公司),,C,污水,",,市政污水处理",,执行中,0,,,,,,7,7,0,,,,,,,,,,,,,,,,,,,,,,,,,,,XS2023111700485,2023-12-01 00:00:00,2024-10-10 00:00:00,2024-10-25 00:00:00,2024-10-24 00:00:00,2024-12-06 00:00:00,2024-12-27 00:00:00,2023-12-01 00:00:00,,,2024-10-24 00:00:00,,,,,非投标增量,,,,0,0,,,,2024-10-24 00:00:00,2024-12-27 00:00:00,3,2,2,3,10,0,0,0,0,0,0,0,0,0,0,0,0,0,,,,,,,,,,,,,,,,,,,,,,,,,,,,,,,,,,,,,,,,,,,,,,,是,YXXS2023111700485,,,,,,,,,是,,,,,,OM,服务,委托运营,,,,,,,,,5,,2023,Q3
210,计划,浙江省湖州市南浔区练市镇新建污水厂项目委托运营,1市场阶段,东部大区,杭湖区域公司,,C,污水,",,市政污水处理",,执行中,0,,,,,,3,3,0,,,,,,,,,,,,,,,,,,,,,,,,,,,XS2023112600640,2023-11-30 00:00:00,2024-10-15 00:00:00,2024-12-01 00:00:00,2025-03-14 00:00:00,2025-03-31 00:00:00,2025-04-15 00:00:00,2023-11-29 00:00:00,,,2025-03-25 00:00:00,,,,,投标增量,,,,0,0,,,,2025-03-25 00:00:00,2025-04-15 00:00:00,3,4,4,6,17,0,0,0,0,0,0,0,0,0,100,0,0,100,0,0,0,0,0,0,0,0,0,0,0,0,0,,,,,,,,,,,,,,,,,,,,,,,,,,,,,,,,,,否,YXXS2023112600640,,,,,,,,,是,,,,,,OM,服务,委托运营,,无,,,,,,,5,,2023,Q3
211,否,徐州存量项目提标和扩建项目合作,3方案策划,东部大区,北京建工环境,,C,污水,",,市政污水处理",,已暂停,0,,,,,,9,9,9,,,,,,,,,,,,,,,,,,,,,,,,,,,XS2023112000552,2023-11-29 00:00:00,2024-06-30 00:00:00,2024-08-26 00:00:00,,2024-10-08 00:00:00,2024-11-30 00:00:00,2023-11-29 00:00:00,,,,,,,,非投标增量,,,,0,0,,,,,2024-11-30 00:00:00,6,8,8,5,27,0,0,0,0,0,0,0,0,0,0,0,0,0,0,0,0,0,0,0,0,0,0,0,0,0,0,,,,,,,,,,,,,,,,,,,,,,,,,,,,,,,,,,否,YXXS2023112000552,,,,,,,,,是,,,,,,OM,服务,委托运营,,,,,,,,,5,,2023,Q3
212,否,新野县城乡一体化供水项目,3方案策划,东部大区,南阳区域公司,,C,供水,"水司(主营业务),,",,已暂停,0,,,,,,,,,,,7,1.5,0,,,,,,,,,,,,,,,,,,,,,,XS2023111300411,2023-12-05 00:00:00,2024-06-20 00:00:00,2024-08-16 00:00:00,2024-10-13 00:00:00,2024-10-30 00:00:00,2024-11-20 00:00:00,2023-12-05 00:00:00,,,2024-05-01 00:00:00,,,,,投标增量,,,,15,0,,,,2024-05-01 00:00:00,2024-11-20 00:00:00,,,,,,,,,,,,,,,,,,,,,,,,,,,,,,,,,,,,,,,,,,,,,,,,,,,,,,,,,,,,,,,,,否,YXXS2023111300411,,,,,,,,,是,,,,,,OM,服务,委托运营,,,,,,,,,5,,2023,Q3
213,否,黄山市徽州区净水厂工程,3方案策划,东部大区,苏皖业务区,,C,污水,",,市政污水处理",,执行中,0,,,,,,2,1,0,,,,,,,,,,,,,,,,,,,,,,,,,,,XS2023112300602,2023-12-20 00:00:00,2024-11-01 00:00:00,2024-11-20 00:00:00,2024-11-30 00:00:00,2024-12-20 00:00:00,2024-12-31 00:00:00,2023-12-20 00:00:00,,,2024-11-30 00:00:00,,,,,投标增量,,,,8,9,,,,2024-11-30 00:00:00,2024-12-31 00:00:00,,,,,,,,,,,,,,,,,,,,,,,,,,,,,,,,0,暂无,2024-11-30 00:00:00,,,,,,,,,,,,,,,,,,,,,,,,,,,,,,,否,YXXS2023112300602,,,,,,,,,是,,,,,,OM,服务,委托运营,,,,,,,,,5,,2023,Q3
214,计划,山西省太原市龙城污水处理厂工程,3方案策划,东部大区,太原区域公司,,C,污水,",,市政污水处理",,执行中,17.9,,,,,,20,20,20,,,,,,,,,,,,,,,,,,,,,,,,,,,XS2023112200586,2023-12-05 00:00:00,2024-08-23 00:00:00,2024-09-27 00:00:00,2024-10-31 00:00:00,2024-11-14 00:00:00,2024-12-11 00:00:00,2023-12-05 00:00:00,,,2024-10-31 00:00:00,,,,,投标增量,,,,6,7,,,,2024-10-31 00:00:00,2024-12-11 00:00:00,7.3,7.3,10.95,10.95,36.5,0,0,0,0,0,0,0,0,0,0,0,0,0,,,,,,,,,,,,,,,,,,,,,,,,,,,,,,,,,,,,,,,,,,,,,,,是,YXXS2023112200586,,,,,,,,,是,,,,,,OM,服务,委托运营,,项目是BOT模式，我公司主要与资方进行合作。,,,,,,,3,,2023,Q3
215,否,江苏省盐城市经济技术开发区污水厂提标改造项目,60,东部大区,北京建工环境(公司),盐城建工环境水务有限公司,C,污水,",,市政污水处理",,已完成（已签约）,0.14,1400,0,0,0,0,2,2,2,1400,0.59,,,,,,,,,,,,,,,,,,,,,,,,,XS2023111700487,2023-09-08 00:00:00,2024-01-29 00:00:00,2024-03-26 00:00:00,,2024-06-28 00:00:00,2024-07-31 00:00:00,2023-12-08 00:00:00,2024-01-29 00:00:00,2024-03-26 00:00:00,,2024-06-26 00:00:00,2024-07-12 00:00:00,其他,由盐城建工公司以自有资金进行投资。盐城建工为北京建工环境公司全资子公司，北控水务控股建工环境公司60%股权。,非投标增量,,100,60,7.8,9.65,否,,,,2024-07-31 00:00:00,2,2,2,2,8,0,0,0,0,0,0,0,0,0,0,0,0,0,,,,,,,,,,,,,,0,无需支付,2024-07-12 00:00:00,,,,,,,,1400,1400,0,0,0,0,1400,1400,0,0,0,0,2024-09-30 00:00:00,2025-09-30 00:00:00,2025-12-31 00:00:00,1400.57,76.91,,,,,0,0,是,YXXS2023111700487,1400,1400,0,0,0,0,,否,否,,,,BOT,2类-存带增,,,,,政府明确发函要求我方以BOT模式实施,技改,,,,,,,,2023,Q3
216,计划,江苏省淮安市盱眙县第二污水处理厂二期扩建EPCO项目,60,东部大区,苏皖业务区,盱眙县维桥河流域水环境综合治理PPP项目部,C,污水,",,市政污水处理",,已完成（已签约）,1.7,0,0,0,0,0,2,2,2,0,1.38,,,,,,,,,,,,,,,,,,,,,,,,,XS2023122700736,2024-01-02 00:00:00,2024-01-29 00:00:00,2024-02-04 00:00:00,2024-03-14 00:00:00,2024-07-30 00:00:00,2024-08-28 00:00:00,2024-01-02 00:00:00,2024-01-29 00:00:00,2024-02-04 00:00:00,2024-03-14 00:00:00,2024-09-30 00:00:00,2024-08-28 00:00:00,北控水务（中国）投资有限公司,,投标增量,中交北水（盱眙）生态环境有限公司,0,1,16,0,否,,,2024-03-14 00:00:00,2024-08-28 00:00:00,0.8,1.2,0.5,1.9,4.4,0,0,0,0,0,0,0,0,0,0,0,0,0,,,,,,,,,,,,,,0,无,2024-09-30 00:00:00,,,,,,,,0,0,0,0,0,0,0,0,0,0,0,0,2024-08-31 00:00:00,2025-12-31 00:00:00,2026-03-01 00:00:00,15503,86,,,,,0,0,是,YXXS2023122700736,0,0,0,0,0,0,,否,是,,中交北水（盱眙）生态环境有限公司,98,,,EPCO,服务,委托运营,,,扩建,,,,,,3,,2023,Q3
217,计划,江苏省盐城市阜宁县阜宁县城镇污水处理厂委托运营项目,60,东部大区,苏皖业务区,,C,污水,",,市政污水处理",,已完成（已签约）,0,,,,,,4.39,4.39,0,,,,,,,,,,,,,,,,,,,,,,,,,,,XS2024012500760,2024-02-18 00:00:00,2024-03-20 00:00:00,2024-03-31 00:00:00,2024-04-05 00:00:00,2024-04-20 00:00:00,2024-04-30 00:00:00,2024-02-18 00:00:00,2024-03-11 00:00:00,2024-03-31 00:00:00,2024-04-08 00:00:00,2024-04-03 00:00:00,2024-04-16 00:00:00,,,投标增量,,,,0,0,,,,2024-04-08 00:00:00,2024-04-30 00:00:00,,,,,,,,,,,,,,,,,,,,,,,,,,,,,,,,,,,,,,,,,,,,,,,,,,,,,,,,,,,,,,,,,是,YXXS2024012500760,,,,,,,,,是,,,,,,OM,服务,委托运营,,,,,,,,,1,,2023,Q3
218,计划,江苏省南京市六合区雄州污水处理二厂中水二期工程,3方案策划,东部大区,苏皖业务区,,C,污水,",,市政污水处理",,执行中,624.1,,,,,,2,2,2,,,,,,,,,,,,,,,,,,,,,,,,,,,XS2024030700823,2024-03-15 00:00:00,2024-03-29 00:00:00,2024-07-10 00:00:00,2024-04-18 00:00:00,2024-10-22 00:00:00,2024-11-30 00:00:00,2024-03-15 00:00:00,2024-04-02 00:00:00,2024-04-10 00:00:00,,,,,,非投标增量,,,,8,8,,,,,2024-11-30 00:00:00,0,0,0,0,0,0,0,0,0,0,0,0,0,0,0,0,0,0,,,,,,,,,,,,,,,,,,,,,,,,,,,,,,,,,,,,,,,,,,,,,,,是,YXXS2024030700823,,,,,,,,,否,,,,BOT,1类-保履约,,,,,,,,,,,,24,,2023,Q3
219,实际,东营西城南污水处理厂再生水项目BOT一期,6项目签约,东部大区,东营滨州区域公司,滨州北控西海供水水司,A+,再生水,",销售经营类ToB,",,已完成（已签约）,1.21,1200,6000,1800,6000,3000,,,,,,,,,,,,,,,,,,,,,,,,3,3,,12100,5.9949,无,,2023-05-12 00:00:00,2022-07-20 00:00:00,2022-08-17 00:00:00,2021-12-31 00:00:00,2023-04-17 00:00:00,2023-05-12 00:00:00,2022-04-13 00:00:00,2022-09-03 00:00:00,2022-09-14 00:00:00,2023-03-30 00:00:00,2023-04-17 00:00:00,2023-05-30 00:00:00,北控水务（中国）投资有限公司,无,非投标增量,无,25,40,16.7,38,否,0,0,2023-03-30 00:00:00,2023-05-12 00:00:00,1,3,0,0,4,0,0,0,0,0,400,0,0,0,0,0,0,400,0,0,0,0,0,0,0,0,0,0,0,0,0,,无,,,,,,,,,12000,1200,6000,1800,6000,3000,0,0,0,0,0,0,2023-07-28 00:00:00,2024-12-27 00:00:00,2024-03-15 00:00:00,0,0,0,0,,2.7287,0,0,是,YXCSH2023143,0,0,0,0,0,0,,,否,,,,BOT,3类-空白区域,,,,,与地方国有水务公司组成合资公司，我方占股40%,新建,,,,,,,,2023,Q3
220,实际,邹平众信水务项目,6项目签约,东部大区,东营滨州区域公司,,A+,供水,",,",,已完成（已签约）,0,,,,,,,,,,,,,,,,,,,,,,,,,,,,,,,,,,,,,,,,,,,,,,,,,,,,,,,,,,,,,,,,,,,,,,,,,,,,,,,,,,,,,,,,,,,,,,,,,,,,,,,,,,,,,,,,,,,,,,,,,,,,,,YXCSH2023033,,,,,,,,,,,,,OM,,,,,,,,,,,,,,,2023,Q3
221,实际,山东省济南市高新区遥墙中水站委托运营项目,6项目签约,东部大区,济南区域公司,,A+,污水,",,",,已完成（已签约）,0,,,,,,,,,,,,,,,,,,,,,,,,,,,,,,,,,,,,,,,,,,,,,,,,,,,,,,,,,,,,,,,,,,,,,,,,,,,,,,,,,,,,,,,,,,,,,,,,,,,,,,,,,,,,,,,,,,,,,,,,,,,,,,YXCSH2023038,,,,,,,,,,,,,OM,,,,,,,,,,,,,,,2023,Q3
222,实际,山东省济南市高新区汉峪金谷中水站委托运营项目,6项目签约,东部大区,济南区域公司,,A+,污水,",,",,已完成（已签约）,0,,,,,,,,,,,,,,,,,,,,,,,,,,,,,,,,,,,,,,,,,,,,,,,,,,,,,,,,,,,,,,,,,,,,,,,,,,,,,,,,,,,,,,,,,,,,,,,,,,,,,,,,,,,,,,,,,,,,,,,,,,,,,,YXCSH2023035,,,,,,,,,,,,,OM,,,,,,,,,,,,,,,2023,Q3
223,实际,青啤配套污水处理站项目,6项目签约,东部大区,济南区域公司,,A+,污水,",,市政污水处理",,已完成（已签约）,0,,,,,,0.5,0.5,0,,,,,,,,,,,,,,,,,,,,,,,,,,,,,2022-12-23 00:00:00,2023-01-13 00:00:00,2023-02-14 00:00:00,2023-02-28 00:00:00,2023-05-26 00:00:00,,,,,,,,,投标增量,,,,0,0,,,,,2023-05-26 00:00:00,0,0,0,0,0,0,0,0,0,0,0,0,0,0,0,0,0,0,0,0,0,0,0,0,0,0,0,0,0,0,0,,,,,,,,,,,,,,,,,,,,,,,,,,,,,,,,,,是,YXCSH2023036,,,,,,,,,是,,,,OM,,,服务,委托运营,,,,,,,,,,,2023,Q3
224,实际,夏津县九龙口人工湿地及下游河道提升改造工程,6项目签约,东部大区,济南区域公司,,A+,水环境综合治理,",,",,已完成（已签约）,0.25,,,,,,6,6,6,2500,0.222,6,6,6,2500,,,,,,,,,,,,,,,,,,,,,,,2023-05-06 00:00:00,2023-05-13 00:00:00,2023-06-30 00:00:00,2023-05-25 00:00:00,2023-04-30 00:00:00,,,,2023-11-30 00:00:00,2023-08-25 00:00:00,2023-06-30 00:00:00,,,投标增量,,,,8.5,8.5,,,,2023-11-30 00:00:00,2023-04-30 00:00:00,1.5,1.5,1.5,1.5,6,,,,,,,,,,,,,0,,,,,,,,,,,,,0,,,,,,,,,,,,,,,,,,,,,,,,,,,,,,,,,,,YXCSH2023163,,,,,,,,,,,,,BOT,,,,,,,,,,,,,,,2023,Q3
225,实际,临清市碧水污水处理厂ROT项目,6项目签约,东部大区,聊城区域公司,,A+,污水,",,市政污水处理",,已完成（已签约）,1.848,8280,10200,0,0,0,6,6,6,18500,2.32,6,6,6,18500,,,,,,,,,,,,,,,,,,,,,,2022-06-01 00:00:00,2022-07-31 00:00:00,2023-10-31 00:00:00,2022-11-01 00:00:00,2023-03-01 00:00:00,2023-03-29 00:00:00,2022-06-30 00:00:00,2022-10-31 00:00:00,2022-11-30 00:00:00,2022-12-09 00:00:00,2023-04-17 00:00:00,2023-03-30 00:00:00,北控水务（中国）投资有限公司,,投标增量,北控水务（中国）投资有限公司,47,100,8.43,11.05,否,,,2022-12-09 00:00:00,2023-03-29 00:00:00,,,,,0,5520,2760,,,,,,,,,,,8280,,,5520,,,,2760,,,,,,8280,,临清市财政局,,,,,,,,,0,,,,,,,,,,,,2023-04-30 00:00:00,2024-04-30 00:00:00,2024-04-30 00:00:00,19336.77,40,25,5.4,,,,,,YXCSH2023210,18500,18500,10220,0,,,,,,,,,ROT,,,,,,,技改,,,,,,,,2023,Q3
226,实际,淄博市淄川区范阳河污水处理厂及配套管网EPCO项目,6项目签约,东部大区,聊城区域公司,,A+,污水,",,市政污水处理, 市政污水处理",,已完成（已签约）,0,0,0,13000,0,0,1,1,0,0,1.67,,,,,,,,,,,,,,,,,,,,,,,,无,,2022-03-10 00:00:00,2022-04-20 00:00:00,2022-04-28 00:00:00,2023-02-02 00:00:00,2023-04-17 00:00:00,2023-05-31 00:00:00,2022-03-10 00:00:00,2022-04-20 00:00:00,2022-04-28 00:00:00,2023-02-02 00:00:00,2023-04-17 00:00:00,2023-05-31 00:00:00,北控水务（中国）投资有限公司,无,投标增量,北控水务（中国）投资有限公司、山东淄建集团有限公司、南京市市政设计研究院和山东天为工程技术有限公司联合体,0,0,0,0,否,0,0,2023-02-02 00:00:00,2023-05-31 00:00:00,0,0,0,0,0,0,0,0,0,0,0,0,0,0,0,0,0,0,0,0,0,0,0,0,0,0,0,0,0,0,0,,无,,,,,,,,,0,0,0,0,0,0,0,0,0,0,0,0,2023-08-01 00:00:00,2025-06-30 00:00:00,2025-01-01 00:00:00,0,0,5,0.9,,1.2,0,0,是,YXCSH2023211,0,0,0,0,0,0,,,是,,,,EPCO,,,服务,"工程建设, 委托运营",,,新建,,,,,,,,2023,Q3
227,实际,日照市北经济开发区中水回用OM项目,6项目签约,东部大区,青岛区域公司,,A+,污水,",,再生水污水处理ToG",,已完成（已签约）,0,,,,,,3,0.6,0,,,0.6,0.6,0,,,,0,0,,,,,,0,0,0,,,0.6,0.6,,,,无,,2023-05-15 00:00:00,2023-05-15 00:00:00,2023-05-31 00:00:00,2023-06-15 00:00:00,2023-06-17 00:00:00,2023-11-30 00:00:00,2023-06-30 00:00:00,,,,,,,,非投标增量,,,,0,0,,,,,2023-11-30 00:00:00,3,3,3,3,12,0,0,0,0,0,0,0,0,0,0,0,0,0,0,0,0,0,0,0,0,0,0,0,0,0,0,,,,,,,,,,,,,,,,,,,,,,,,,,,,,,,,,,是,YXCSH2023152,,,,,,,,,是,,,,OM,,OM,服务,委托运营,,,,,,,,,30,,2023,Q3
228,实际,岚山区污水处理提质增效项目-污泥子项,6项目签约,东部大区,青岛区域公司,日照市岚山云通水务有限公司（待停）,A+,污泥,",,",,已完成（已签约）,0.4664,1866,0,0,2798,0,,,,,,,,,,,,,,,,,,,80,80,80,4664.67,418,,,,,,无,,,,,,,,,2023-07-18 00:00:00,,2023-04-24 00:00:00,2023-04-17 00:00:00,2023-04-28 00:00:00,其他,水晶水务直投岚山云通水务有限公司,投标增量,,40,,,,,,,2023-04-24 00:00:00,,,,,,0,,,,,,,,,,,,,0,,,,,,,,,,,,,0,,,,,,,,,,,,,,,,,,,,,,,,,,,,,,,,,,,YXCSH2023244,,,,,,,,,,,,,BOT,,,,,,,,,,,,,,,2023,Q3
229,实际,龙口市城市公共服务市场化政府采购服务项目,60,东部大区,烟威区域公司,,A+,其他,",,",,已完成（已签约）,0.135,,,150,,,,,,,,,,,,,,,,,,,,,,,,,,,,,,,,,,2023-02-01 00:00:00,2023-02-28 00:00:00,2023-05-24 00:00:00,2023-06-02 00:00:00,2023-06-07 00:00:00,,2023-02-01 00:00:00,2023-02-28 00:00:00,2023-05-24 00:00:00,2023-06-02 00:00:00,2023-06-09 00:00:00,,,投标增量,中铁十局集团物业发展有限公司,,0,0,0,,,,2023-05-24 00:00:00,2023-06-07 00:00:00,,,,,,,,,,,,,,,,,,,,,,,,,,,,,,,,,,,,,,,,,,,,,,,,,,,,,,,,,,,,,,,,,是,YXCSH2023250,,,,,,,,,是,,,,,,其他,服务,委托运营,,政府购买服务,,,,,,,6,,2023,Q3
230,实际,鄄城县污水处理厂再生水项目,6项目签约,东部大区,菏泽区域公司,鄄城县污水处理厂,A+,污水,",,",,已完成（已签约）,0.3687,737,2950,0,0,0,,,,,,,,,,,,,,,,,,,,,,,,6,6,,3687.83,0.31,,,,,,,,,,,,,,,,,,,,,,,,,,,,,,,,0,,,,,,,,,,,,,0,,,,,,,,,,,,,0,,,,,,,,,,,,,,,,,,,,,,,,,,,,,,,,,,,YXCSH2023241,,,,,,,,,,,,,BOT,,,,,,投资、建设、运营,,,,,,,,,2023,Q3
231,实际,山东省菏泽市第一污水处理厂提标及再生水项目,6项目签约,东部大区,菏泽区域公司,菏泽市污水处理厂,A+,污水,",,",,已完成（已签约）,1.3876,2775,11101,0,0,0,,,,,,,,,,,,,,,,,,,,,,,,16,16,,13876.17,0.51,,,,,,,,,,,,,,,,,,,,,,,,,,,,,,,,0,,,,,,,,,,,,,0,,,,,,,,,,,,,0,,,,,,,,,,,,,,,,,,,,,,,,,,,,,,,,,,,YXCSH2023240,,,,,,,,,,,,,BOT,,,,,,投资、建设、运营,,,,,,,,,2023,Q3
232,实际,山东省济宁市邹城鲁西发电有限公司供水管网工程 BOO 项目,6项目签约,东部大区,枣庄区域公司,,A+,排水管网,",,",,已完成（已签约）,0.144271,,,,,,,,,,,,,,,,,,,,,,,,,,,,,,,,,,,,,,,,,,,,,,,,,,,,,,,,,,,,,,,,,0,,,,,,,,,,,,,0,,,,,,,,,,,,,0,,,,,,,,,,,,,,,,,,,,,,,,,,,,,,,,,,,YXCSH2023034,,,,,,,,,,,,,BOO,,,,,,,,,,,,,,,2023,Q3
233,实际,枣庄市台儿庄区污水处理厂TOT项目,6项目签约,东部大区,枣庄区域公司,,A+,污水,",,市政污水处理",,已完成（已签约）,1,,,,,,4,4,4,,,0,0,0,,,,0,0,,,,,,0,0,0,,,0,0,,,,0,,2023-05-18 00:00:00,2023-05-16 00:00:00,2023-05-31 00:00:00,2023-06-30 00:00:00,2023-06-01 00:00:00,2023-06-30 00:00:00,2023-06-30 00:00:00,,,,,,,,,,,,7,9,,,,,2023-06-30 00:00:00,2,2,2,2,8,5600,,,,,,,,,,,,5600,,,,,,,,,,,,,0,,,,,,,,,,,,,,,,,,,,,,,,,,,,,,,,,,,YXCSH2023249,,,,,,,,,,,,,TOT,,,,,,,,,,,,,,,2023,Q3
234,实际,江苏省扬州市仪征市5座乡镇污水处理厂委托运营项目A,6项目签约,东部大区,南京区域公司,南京北控环保水处理有限公司,A+,污水,",,市政污水处理",,已完成（已签约）,0,0,0,0,0,0,1.3,1.3,0,0,1.62,0,0,0,0,,,0,0,,,,,,0,0,0,,,0,0,,0,,0,,2022-10-06 00:00:00,2022-11-28 00:00:00,2022-12-10 00:00:00,2022-12-28 00:00:00,2023-01-19 00:00:00,2022-01-20 00:00:00,2022-10-06 00:00:00,2022-11-28 00:00:00,2022-12-10 00:00:00,2022-12-28 00:00:00,2023-01-19 00:00:00,2023-01-20 00:00:00,,,,,,,,,,,,2022-12-28 00:00:00,2022-01-20 00:00:00,,,,,0,,,,,,,,,,,,,0,,,,,,,,,,,,,0,,,,,,,,,,,,,,,,,,,,,,,,,,,,,,,,,,,YXCSH2023247,,,,,,,,,,,,,OM,,,,,,OM,,,,,,,,,2023,Q3
235,实际,南京市六合区雄州污水处理二厂PPP项目二期污水扩建工程,60,东部大区,苏皖业务区,六合区雄州第二污水处理厂,A+,污水,",,市政污水处理",,已完成（已签约）,1.2881,4278.75,4.283,225.42,8372.845,0,4,4,4,12881.3,1.598,,,,,,,0,0,,0,0,0,0,,,,,,0,0,,0,0,0,,2021-05-22 00:00:00,2023-02-24 00:00:00,2023-03-20 00:00:00,2023-03-30 00:00:00,2023-04-28 00:00:00,2023-05-10 00:00:00,2021-05-22 00:00:00,2023-02-24 00:00:00,2023-03-20 00:00:00,2023-03-30 00:00:00,2023-04-15 00:00:00,2023-05-10 00:00:00,北控水务（中国）投资有限公司,一期一致,非投标增量,中国投,35,95,7,9,否,0,0,2023-03-30 00:00:00,2023-05-10 00:00:00,1,1,1,1,4,0,0,0,0,240.15,824.18,1292.23,1323.01,599.18,0,0,0,4278.75,0,0,0,0,0,0,0,0,0,0,0,0,0,,0,,,,,,,,,12296.91,4275.75,4.28,225.42,0,0,0,0,0,0,0,0,,,,10105.22,69,,,,,0,0,是,YXCSH2023129,0,0,0,0,0,0,,否,否,,无,0,BOT,1类-保履约,,,,,PPP,扩建,,,,,,,,2023,Q3
236,实际,枞阳县城污水处理厂扩建工程建设运营一体化项目,60,东部大区,苏皖业务区,苏皖区域投资团队,A+,污水,",,市政污水处理",,已完成（已签约）,0,0,0,0,0,0,4,4,0,0,0.85,0,,,,,,,,,,,,,,,,,,,,,,,,,,2023-02-08 00:00:00,2023-02-20 00:00:00,2023-04-26 00:00:00,2023-05-26 00:00:00,2023-06-01 00:00:00,,2023-02-08 00:00:00,2023-02-20 00:00:00,2023-06-22 00:00:00,2024-06-25 00:00:00,2024-06-28 00:00:00,北控水务（中国）投资有限公司,,投标增量,北控水务（中国）投资有限公司,0,0,16,16,否,,,2023-06-22 00:00:00,2023-06-01 00:00:00,,,,,0,,,,,,,,,,,,,0,,,,,,,,,,,,,0,,,,,,,,,,,0,0,0,0,0,0,0,0,0,0,0,0,,,,0,0,,,,,0,0,是,YXCSH2023066,0,0,0,0,0,0,,否,是,,中铁上海工程局集团有限公司,0,EPCO,,EPCO,服务,委托运营,,,扩建,,,,,,,,2023,Q3
237,实际,阎良航空基地污水泵站委托运营项目,60,东部大区,西安区域公司,东部大区,B,污水,",,市政污水处理, 市政污水处理",,已完成（已签约）,0,0,0,0,0,0,8,4,0,0,0,,,,,,,0,0,,0,12,0,0,0,0,0,0,0,0,0,,0,0,0,,2023-04-01 00:00:00,2023-04-07 00:00:00,2023-04-24 00:00:00,2023-06-15 00:00:00,2023-09-26 00:00:00,2023-09-26 00:00:00,2023-04-01 00:00:00,2023-04-07 00:00:00,2023-04-24 00:00:00,2023-07-27 00:00:00,2023-10-08 00:00:00,2023-10-30 00:00:00,其他,不涉及投资,非投标增量,,0,0,0,0,否,0,0,2023-07-27 00:00:00,2023-09-26 00:00:00,0,0,0,3,3,0,0,0,0,0,0,0,0,0,0,0,0,0,0,0,0,0,0,0,0,0,0,0,0,0,0,,,,,0,0,0,0,0,0,0,0,0,0,0,0,0,0,0,0,0,0,,,,0,0,24,4,0,0,112.6,0,是,YXCSH2023011,0,0,0,0,0,0,,否,是,,,,OM,,OM,服务,委托运营,,政府委托第三方运营污水提升泵站,其他,,,,,,2,,2023,Q3
238,实际,宁波市奉化区环境卫生管理处城区道路等环卫项目6个标段OM,6项目签约,东部大区,台州区域公司,,A+,其他,",,",,已完成（已签约）,0,0,0,0,0,0,0,0,0,0,0,0,0,0,0,0,0,0,0,,0,0,0,0,0,0,0,0,0,0,0,,0,0,0,,2023-04-23 00:00:00,2023-04-23 00:00:00,2023-04-23 00:00:00,2023-01-17 00:00:00,2023-01-17 00:00:00,2023-01-31 00:00:00,2023-04-23 00:00:00,2023-04-23 00:00:00,2023-04-23 00:00:00,2023-01-17 00:00:00,2023-01-17 00:00:00,2023-01-31 00:00:00,其他,北控城市环境服务集团有限公司,投标增量,,,,0,0,,,0,2023-01-17 00:00:00,2023-01-31 00:00:00,0,0,0,0,0,0,0,0,0,0,0,0,0,0,0,0,0,0,0,0,0,0,0,0,0,0,0,0,0,0,0,,,,,,,,,,,,,,,,,,,,,,,,,,,,,,,,,,是,YXCSH2023133,,,,,,,,,是,,,,OM,,,服务,委托运营,,委托运营,,,,,,,,,2023,Q3
239,实际,余杭污水处理厂四期二阶段扩容及提标改造项目,6项目签约,东部大区,杭湖区域公司,余杭四期污水处理厂,A+,污水,",,市政污水处理",,已完成（已签约）,2.0442,,,,,,15,15,15,106925.42,3.267,0,0,0,0,0,0,0,0,,0,0,0,0,0,0,0,0,0,0,0,,0,0,0,,2023-05-12 00:00:00,2023-05-12 00:00:00,2023-05-12 00:00:00,2023-05-12 00:00:00,2023-05-12 00:00:00,2023-05-12 00:00:00,2023-05-12 00:00:00,2023-05-12 00:00:00,2023-05-12 00:00:00,2023-05-12 00:00:00,2023-05-12 00:00:00,2023-05-12 00:00:00,北控水务（中国）投资有限公司,,非投标增量,,,,5.8,8.35,,,0,2023-05-12 00:00:00,2023-05-12 00:00:00,0,0,0,0,0,0,0,2440,2320,0,600,0,400,0,240,0,0,6000,0,0,0,0,0,0,0,0,0,0,0,0,0,0,0,2023-11-17 00:00:00,,,,,,,,,,,,,,,,,,,,2022-11-30 00:00:00,2023-07-31 00:00:00,2023-08-01 00:00:00,,,,,,,,,是,YXCSH2023216,,,,,,,,,否,,,,BOT,1类-保履约,,,,,PPP项目BOT模式,,,,,,,,,2023,Q3
240,实际,南浔区污水泵站运营管理项目,6项目签约,东部大区,杭湖区域公司,,A+,污水,",,市政污水处理",,已完成（已签约）,0,0,0,0,0,0,7.5,2.5,0,0,0,0,0,0,0,0,,,,,,,,,,,,,,,,,,,,,,2022-10-18 00:00:00,2022-10-18 00:00:00,2023-04-30 00:00:00,2023-06-20 00:00:00,2023-06-30 00:00:00,,2022-10-18 00:00:00,,,,,,,非投标增量,,,,0,0,,,,,2023-06-30 00:00:00,0,0.3,0,0,0.3,0,0,0,0,0,0,0,0,0,0,0,0,0,0,0,0,0,0,0,0,0,0,0,0,0,0,,,,,,,,,,,,0,0,0,0,0,0,0,0,0,0,0,,,,,,,,,,,,是,YXCSH2023097,0,0,0,0,0,0,,,是,,,,OM,,,服务,委托运营,,无,,,,,,,,,2023,Q3
241,实际,泰州市第二城南污水处理厂（北厂）二期改造工程委托运营项目,2立项策划,东部大区,苏皖业务区,,C,污水,",,市政污水处理",,已完成（已签约）,0,,,,,,2.5,2.5,0,,,,,,,,,,,,,,,,,,,,,,,,,,,XS2024010200740,,2023-12-01 00:00:00,2023-12-10 00:00:00,2023-12-20 00:00:00,2023-12-23 00:00:00,2023-12-26 00:00:00,2024-01-10 16:29:52,,,,,,,,非投标增量,,,,7,8,,,,,2023-12-26 00:00:00,,,,,,,,,,,,,,,,,,,,,,,,,,,,,,,,0,无,2024-01-10 00:00:00,,,,,,,,,,,,,,,,,,,,2024-01-03 00:00:00,2024-01-11 00:00:00,2024-01-15 00:00:00,,,,,,,,,是,YXXS2024010200740,,,,,,,,,是,,,,,,,服务,委托运营,,,,,,,,,,,2023,Q3
242,实际,河南省洛阳市西工区河南省洛阳市洛阳涧西、瀍东、新区、伊滨提标改造项目,6项目签约,东部大区,洛阳区域公司,瀍东污水处理厂,A+,污水,",,市政污水处理",,已完成（已签约）,3.992,11976,0,0,27944,0,80,80,80,39920,0.1793,0,0,0,0,,,,,,,,,,,,,,,,,,,,,,2022-05-20 00:00:00,2022-05-31 00:00:00,2022-09-01 00:00:00,2022-09-29 00:00:00,2022-11-15 00:00:00,2023-01-04 00:00:00,2022-05-20 00:00:00,2022-05-31 00:00:00,2022-09-01 00:00:00,2022-09-29 00:00:00,2022-11-15 00:00:00,2023-01-04 00:00:00,,,,,,,,,,,,2022-09-29 00:00:00,2023-01-04 00:00:00,,,,,0,,,,,,,,,,,,,0,,,,,,,,,,,,,0,,,,,,,,,,,,,,,,,,,,,,,,,,,,,,,,,,,YXCSH2023239,,,,,,,,,,,,,BOT,,,,,,BOT,,,,,,,,,2023,Q3
243,实际,洛阳市伊滨污水处理厂一期二阶段建设项目,60,东部大区,洛阳区域公司,伊滨污水处理厂,A+,污水,",,市政污水处理, 市政污水处理",,已完成（已签约）,1.39,9700,0,0,3800,0.417,5,5,5,1.39,1.2262,0,0,0,0,0,0,0,0,,0,0,0,,0,0,0,0,0,0,0,,0,0,0,,2023-04-25 00:00:00,2023-03-25 00:00:00,2023-05-25 00:00:00,2023-06-20 00:00:00,2023-06-30 00:00:00,2023-07-05 00:00:00,2023-05-05 00:00:00,2023-03-25 00:00:00,2023-06-01 00:00:00,2023-06-15 00:00:00,2023-07-18 00:00:00,2023-06-30 00:00:00,北控水务（中国）投资有限公司,,非投标增量,0,30,70,8.48,14.88,否,0,0,2023-06-15 00:00:00,2023-07-05 00:00:00,3.75,3.75,3.75,3.75,15,0,0,0,0,0,0,0,0,0,0,0,0,0,0,0,0,0,0,0,0,0,0,0,0,0,0,0,0,2024-06-28 00:00:00,,,,,,,,10780.68,4197.24,6583.44,0,0,0,0,0,0,0,0,0,2023-07-31 00:00:00,2024-12-31 00:00:00,2024-12-31 00:00:00,10780.68,83.6,,,,,0,0,是,YXCSH2023099,0,0,0,0,0,0,,否,否,,,,BOT,1类-保履约,,,,,特许经营,扩建,,,,,,,,2023,Q3
244,实际,徐州龙亭污水处理厂二期工程委托运营项目,6项目签约,东部大区,北京建工环境,南望净水厂,A+,污水,",,市政污水处理, 市政污水处理",,已完成（已签约）,0,0,0,0,0,0,4.5,4.5,4.5,0,0.7,,,,,,,,,,,,,,,,,,,,,,,,,,,2023-05-01 00:00:00,2023-10-30 00:00:00,2023-10-30 00:00:00,2023-11-30 00:00:00,2023-12-15 00:00:00,,,,,,2023-01-01 00:00:00,北控中科成环保集团有限公司,不涉及,非投标增量,不涉及,,,10,10,,,,,2023-12-15 00:00:00,5,5,3,0,13,0,0,0,0,0,0,0,0,0,0,0,0,0,0,0,0,0,0,0,0,0,0,0,0,0,0,,不涉及,,,,,,,,,,,,,,,,,,,,,,,,,1,1,0,,0.4491,,,是,YXCSH2023228,,,,,,,,,是,,,,OM,,OM,服务,委托运营,,,,,,,,,1,,2023,Q3
245,实际,晋城市污泥干化项目,60,东部大区,晋临区域公司,,A+,污泥,",,",,已完成（已签约）,0,,,,,,,,,,,,,,,,,,,,,,,,100,70,0,,,,,,,,污泥100吨/日,,,2023-05-18 00:00:00,2023-05-19 00:00:00,2023-06-05 00:00:00,2023-06-19 00:00:00,2023-06-30 00:00:00,,2023-05-22 00:00:00,,,,,,,非投标增量,,,,0,0,,,,,2023-06-30 00:00:00,,,,,0,,,,,,,,,,,,,0,,,,,,,,,,,,,0,,,,,,,,,,,,,,,,,,,,,,,,,,,,,,,,,,是,YXCSH2023081,,,,,,,,,是,486.3,,,OM,,OM,服务,委托运营,,,,,,,,,28,,2023,Q3
246,实际,霍州市第二生活污水处理厂委托运营项目,60,东部大区,晋临区域公司,霍州第二生活污水处理厂委托运营项目,A+,污水,",,市政污水处理, 市政污水处理",,已完成（已签约）,0,0,0,0,0,0,2,1,0,0,1.77,,,,,,,,,,,,,,,,,,,,,,,,,,,2023-08-09 00:00:00,2023-08-11 00:00:00,2023-08-14 00:00:00,2023-09-08 00:00:00,2023-09-29 00:00:00,,2023-06-25 00:00:00,2023-07-20 00:00:00,2023-08-29 00:00:00,2023-10-18 00:00:00,2023-10-25 00:00:00,北控水务（中国）投资有限公司,,投标增量,,100,100,8,9,否,,,2023-08-29 00:00:00,2023-09-29 00:00:00,0,1,2,2,5,0,0,0,0,0,0,0,0,0,0,10,150,160,0,0,0,0,0,0,0,0,0,0,0,0,0,6,北控水务（中国）投资有限公司,2023-08-25 00:00:00,,,,,,,,0,0,0,0,0,0,0,0,0,0,0,0,2023-11-08 00:00:00,2023-11-08 00:00:00,2024-03-01 00:00:00,0,0,96,0,1.77,1.4,0,0,是,YXCSH2023248,0,0,0,0,0,0,,否,是,,,,OM,,OM,服务,委托运营,,,新建,,,,,,8,,2023,Q3
247,实际,华宁县城污水处理厂二期BOT项目,6项目签约,西部大区,玉溪区域公司,华宁县污水处理厂,A+,污水,",,市政污水处理",,已完成（已签约）,0.3599,1079.61,0,0,2519.09,0,1,1,0,0,1.75,0,0,0,0,,,,,,,,,,,,,,,,,,,,,,2022-02-01 00:00:00,2022-04-30 00:00:00,2022-05-01 00:00:00,,2022-12-01 00:00:00,2022-12-31 00:00:00,2022-02-01 00:00:00,2023-04-22 00:00:00,2023-05-30 00:00:00,,2023-01-06 00:00:00,2023-03-06 00:00:00,北控水务（中国）投资有限公司,华宁北控环保水务有限公司,非投标增量,无,30,100,7.47,9.07,否,0,0,,2022-12-31 00:00:00,0,4500,6000,8000,18500,20,120,80,140.28,367.28,295.45,244.02,0,0,0,0,0,1267.03,0,0,0,0,0,0,0,0,0,0,0,0,0,,无,,,,,,,,,3598.7,1079.61,0,2519.09,0,0,0,0,0,0,0,0,2023-01-05 00:00:00,2023-11-05 00:00:00,2023-12-30 00:00:00,3036.12,80,30,0.5,,0.872,0,0,,YXCSH2023056,0,0,0,0,0,0,,,,,,,BOT,,,,,,BOT,新建,,,,,,,,2023,Q3
248,实际,宣威市污水处理厂深度处理项目,6项目签约,西部大区,玉溪区域公司,宣威污水处理厂,A+,污水,",,市政污水处理",,已完成（已签约）,0,0,0,0,0,0,6,6,0,0,0.305,0,0,0,0,,,,,,,,,,,,,,,,,,,,,,2022-02-01 00:00:00,2022-03-31 00:00:00,2022-04-01 00:00:00,,2022-12-01 00:00:00,2022-12-31 00:00:00,2022-02-01 00:00:00,2023-03-17 00:00:00,2023-04-30 00:00:00,,2023-01-06 00:00:00,2023-02-28 00:00:00,北控水务（中国）投资有限公司,宣威北控清弘水务有限公司,非投标增量,无,0,0,0,0,否,0,0,,2022-12-31 00:00:00,0,3500,5000,6000,14500,0,0,0,0,0,0,0,0,0,0,0,0,0,0,0,0,0,0,0,0,0,0,0,0,0,0,,无,,,,,,,,,0,0,0,0,0,0,0,0,0,0,0,0,,,2022-05-01 00:00:00,0,0,30,6,,0,0,0,,YXCSH2023055,0,0,0,0,0,0,,,,,,,OM,,,,,,委托运营,其他,,,,,,,,2023,Q3
249,实际,云南省昆明市云南水务投资股份有限公司持有项目公司股权收购项目,6项目签约,西部大区,玉溪区域公司,红河州水务产业投资有限公司,A+,污水,",,市政污水处理",,已完成（已签约）,3.8853,18370,0,0,20483,0,18.6,18.6,17,38853,1.06,0,0,0,0,0,0,0,0,,0,0,0,0,0,0,0,0,0,0,0,,0,0,0,,2021-08-10 00:00:00,2022-11-21 00:00:00,2022-11-21 00:00:00,2022-12-28 00:00:00,2022-12-27 00:00:00,2023-02-28 00:00:00,2021-10-18 00:00:00,2022-11-21 00:00:00,2022-11-21 00:00:00,2022-12-28 00:00:00,2022-12-27 00:00:00,2023-02-28 00:00:00,北控水务（中国）投资有限公司,,并购增量,北控水务（中国）投资有限公司,47,100,6.99,6.99,否,0,0,2022-12-28 00:00:00,2023-02-28 00:00:00,0,0,0,0,0,0,0,0,0,0,0,0,0,0,0,0,0,0,0,0,0,0,0,0,0,0,0,0,0,0,0,,北控水务（中国）投资有限公司,,,,,,,,,0,0,0,0,0,0,18370,18370,0,0,0,0,2023-01-01 00:00:00,2023-01-01 00:00:00,2023-01-01 00:00:00,38853,0,22,15.5,,0.629,0,0,,YXCSH2023017,0,0,0,0,0,0,,,,,,,并购,,,,,,股权收购,其他,,,,,,,,2023,Q3
250,实际,龙泉驿区芦溪河污水处理二厂项目,6项目签约,西部大区,蓉北区域公司,龙泉驿区芦溪河污水处理厂,A+,污水,",,市政污水处理",,已完成（已签约）,0,,,,,,6,6,0,,0.869,6,6,,,,,,,,,,,,,,,,,,,,,,,,2023-04-28 00:00:00,2023-06-12 00:00:00,2023-06-15 00:00:00,2023-06-25 00:00:00,2023-06-12 00:00:00,2023-06-27 00:00:00,2023-04-28 00:00:00,2023-06-13 00:00:00,2023-06-15 00:00:00,2023-06-25 00:00:00,2023-06-13 00:00:00,2023-06-27 00:00:00,,,投标增量,,,,0,0,,,,2023-06-25 00:00:00,2023-06-27 00:00:00,,,,,0,,,,,,,,,,,,,0,,,,,,,,,,,,,0,,,,,,,,,,,,,,,,,,,,,,,,,,,,,,,,,,否,YXCSH2023184,,,,,,,,,是,,,,OM,,OM,服务,委托运营,,政府拥有的污水处理设施委托我方负责运营,,,,,,,3,,2023,Q3
251,实际,三台县生活污泥无害化处置项目,60,西部大区,绵阳区域公司,,A+,污泥,",,",,已完成（已签约）,0.413,1240.12,0,0,2890,0,0,0,0,0,0,,,,,,,,,,,,,,50,50,50,4128,99.99,,,,,,,,,2023-03-09 00:00:00,2023-03-08 00:00:00,2023-04-12 00:00:00,2023-05-06 00:00:00,2023-07-20 00:00:00,,2023-03-09 00:00:00,2023-03-08 00:00:00,2023-04-20 00:00:00,2023-05-15 00:00:00,2023-12-25 00:00:00,北控中科成环保集团有限公司,实际投资主体为“四川蜀洲水业有限公司”,非投标增量,不涉及,30,100,9.55,14.95,否,0,0,2023-04-20 00:00:00,2023-07-20 00:00:00,2,0,0,0,2,0,0,1238,0,0,0,0,0,0,0,0,0,1238,0,0,0,0,0,0,0,0,0,0,0,0,0,0,无需缴纳保证金,2023-04-01 00:00:00,,1894.64,,,,,,3728.01,1238,0,0,2889,0,0,0,0,0,0,0,2023-08-01 00:00:00,2024-06-30 00:00:00,2024-04-30 00:00:00,3860.36,80,25,0.0045,99.99,99.99,0,0,是,YXCSH2023024,0,1238,0,0,0,0,,否,否,745,,,BOT,2类-存带增,,,,,,新建,,,,,,,,2023,Q3
252,实际,绵阳市污泥处置中心建设项目,60,西部大区,绵阳区域公司,,A+,污泥,",,",,已完成（已签约）,0.99,2999.69,0,0,6892.44,0,0,0,0,0,0,,,,,,,,,,,,,,150,150,150,9892.13,320,,,,,,,,,2021-08-21 00:00:00,2021-08-18 00:00:00,2023-05-01 00:00:00,2023-05-06 00:00:00,2023-07-20 00:00:00,,2021-08-21 00:00:00,2021-08-18 00:00:00,,2023-05-15 00:00:00,,北控中科成环保集团有限公司,,非投标增量,不涉及,30,100,8.87,12.88,否,0,0,,2023-07-20 00:00:00,2,0,0,0,2,3000,0,0,0,0,0,0,0,0,0,0,0,3000,0,0,0,0,0,0,0,0,0,0,0,0,0,,无需缴纳保证金,,,4946.065,,,,,,9685.01,2905.5,0,0,6779.51,0,0,0,0,0,0,0,2023-10-15 00:00:00,2024-07-30 00:00:00,2024-06-30 00:00:00,9848.78,78,30,0.01,,268.15,,,是,YXCSH2023021,0,3000,0,0,0,0,,,否,1728,,,BOT,1类-保履约,,,,,,新建,,,,,,,,2023,Q3
253,实际,叶城县第一污水处理厂扩容项目,6项目签约,西部大区,新疆业务区,叶城北控水务有限公司,A+,污水,",,市政污水处理",,已完成（已签约）,0.9896,2968.68,0,0,6926.92,0,1.5,1.5,1.5,9895.5,2.92,0,0,0,0,0,0,0,0,,0,0,0,0,0,0,0,0,0,0,0,,0,0,无,,2022-03-20 00:00:00,2022-04-25 00:00:00,2022-08-15 00:00:00,2023-01-12 00:00:00,2023-03-10 00:00:00,2023-03-25 00:00:00,2022-03-15 00:00:00,2022-04-25 00:00:00,2022-07-26 00:00:00,2023-02-16 00:00:00,2023-04-17 00:00:00,2023-05-04 00:00:00,北控水务（中国）投资有限公司,独资，股权占比100%,投标增量,不涉及,30,100,8.74,11.66,否,0,0,2023-02-16 00:00:00,2023-03-25 00:00:00,0.5,0.5,0,0,1,0,0,0,0,0,0,0,469,500,1000,0,0,1969,0,0,0,0,0,0,0,0,0,0,0,0,0,,待定,,,,,,,,,8431,2424,0,0,6007,0,0,0,0,0,0,0,2023-08-10 00:00:00,2025-03-30 00:00:00,2025-05-30 00:00:00,8738.78,6693,28,1.05,,1.4786,0,0,,YXCSH2023037,0,0,0,0,0,0,,,,,,,BOT,,,,,,投资-建设-运营,扩建,,,,,,,,2023,Q3
254,实际,恩平锦江河综合治理EPCO项目,60,南部大区,江门区域公司,,A+,水环境综合治理,",,",,已完成（已签约）,0,0,0,65000,0,0,0,0,0,,,,,,,,,,,,,,,,,,,,,,,,,,,,2022-08-01 00:00:00,2022-08-15 00:00:00,2022-09-15 00:00:00,2023-03-24 00:00:00,2023-05-29 00:00:00,2023-06-30 00:00:00,2022-05-18 00:00:00,2022-08-15 00:00:00,2022-09-15 00:00:00,,,,北控水务（中国）投资有限公司,无,投标增量,否,0,0,0,0,否,0,0,,2023-06-30 00:00:00,1,2,2,,5,0,0,0,0,0,0,0,0,0,0,0,0,0,0,0,0,0,0,0,0,0,0,0,0,0,0,,,,,,,,,,,0,0,0,0,0,0,0,0,0,0,0,0,,,,,,,,,,,,是,YXCSH2023071,0,0,0,0,0,0,,,是,,,,EPCO,,EPCO,服务,委托运营,,,,,,,,,,,2023,Q3
255,实际,江门市蓬江区水环境综合治理项目 (一期)、(二期),60,南部大区,江门区域公司,,A+,水环境综合治理,",,",,已完成（已签约）,0,0,0,0,0,0,0,0,0,,,,,,,,,,,,,,,,,,,,,,,,,,,,2022-12-01 00:00:00,2022-12-15 00:00:00,2023-01-16 00:00:00,2023-03-17 00:00:00,2023-05-22 00:00:00,2023-06-30 00:00:00,2022-12-15 00:00:00,2022-12-15 00:00:00,2023-01-16 00:00:00,,,,北控水务（中国）投资有限公司,无,投标增量,否,0,0,0,0,否,0,0,,2023-06-30 00:00:00,1,3,3,,7,0,0,0,0,0,0,0,0,0,0,0,0,0,0,0,0,0,0,0,0,0,0,0,0,0,0,,,,,,,,,,,0,0,0,0,0,0,0,0,0,0,0,0,,,,,,,,,,,,是,YXCSH2023072,0,0,0,0,0,0,,,是,,,,OM,,OM,服务,委托运营,,,,,,,,,3,,2023,Q3
256,实际,广东省揭阳市普宁市占陇污水处理厂（一期）提标改造委托运营项目,60,南部大区,深汕区域公司,普宁市占陇镇污水处理厂,A+,污水,",,市政污水处理",,已完成（已签约）,0,0,0,2698.3,0,0,5,5,0,0,0.1835,,,,,,,,,,,,,,,,,,,,,,,,无,,2022-03-31 00:00:00,2022-04-28 00:00:00,2022-10-31 00:00:00,2022-12-05 00:00:00,2023-12-29 00:00:00,2023-01-31 00:00:00,2022-02-21 00:00:00,2022-04-02 00:00:00,2022-10-14 00:00:00,2023-12-01 00:00:00,2022-12-15 00:00:00,2023-01-09 00:00:00,北控水务（中国）投资有限公司,中国投为签约主体,非投标增量,不涉及,1,1,37.42,37.42,否,0,0,2023-12-01 00:00:00,2023-01-31 00:00:00,0,0,0,0,0,0,0,0,0,0,0,0,0,0,0,0,0,0,0,0,0,0,0,0,0,0,0,0,0,0,0,0,不涉及,2023-01-01 00:00:00,,,,,,,,,,,,,,,,,,,,2023-01-01 00:00:00,2023-01-01 00:00:00,2023-01-01 00:00:00,,,24,0,,0.1148,0,0,是,YXCSH2023266,,,,,,,,,是,,,,OM,,其他,服务,委托运营,,政府通过EPCO模式实施提标项目，我方获取提标项目委托运营,,,,,,,23,,2023,Q3
257,实际,海口市白沙门污水处理厂（二期）技改暨扩容项目,60,南部大区,海口城市代表处（停）,北控水务集团（海南）有限公司,A+,污水,",,市政污水处理",,已完成（已签约）,1.05,450,0,0,10050,0,6,6,6,1500,0.678,0,0,0,0,,,0,0,,0,,,,0,0,0,0,,0,0,,0,,0,,2023-02-28 00:00:00,2023-04-13 00:00:00,2023-05-26 00:00:00,2023-05-31 00:00:00,2023-08-30 00:00:00,2023-08-31 00:00:00,2023-02-28 00:00:00,2023-04-13 00:00:00,2023-05-26 00:00:00,2023-05-31 00:00:00,2023-08-16 00:00:00,,北控水务（中国）投资有限公司,,非投标增量,,,,10.28,54.48,,,,2023-05-31 00:00:00,2023-08-31 00:00:00,0,0,0,0,0,,,,,,,,,,,,,0,,,,,,,,,,,,,0,,,,,,,,,,,,,,,,,,,,,,,,,,,,,,,,,,是,YXCSH2023095,,,,,,,,,否,,,,BOT,1类-保履约,,,,,原位扩容,,,,,,,,,2023,Q3
258,实际,湖北省武汉市新洲区湖北省武汉市邾城污水厂股权收购项目,60,南部大区,武汉城市公司,武汉市邾城污水处理厂,A+,污水,",,市政污水处理",,已完成（已签约）,1.3,6593.19,0,0,6406.81,0,4,4,4,1.3,1.66,,,,,,,,,,,,,,,,,,,,,,,,,,2022-01-12 00:00:00,2022-02-28 00:00:00,2022-04-29 00:00:00,2022-12-01 00:00:00,2023-03-22 00:00:00,2023-06-30 00:00:00,2022-01-12 00:00:00,2022-02-28 00:00:00,2022-04-29 00:00:00,2022-12-01 00:00:00,2023-03-22 00:00:00,2023-03-31 00:00:00,北控水务（中国）投资有限公司,实际为：北控水务（广州南沙）投资有限公司,并购增量,北控水务（广州南沙）投资有限公司,40,100,6.8,7.9,否,0,0,2022-12-01 00:00:00,2023-06-30 00:00:00,2,2,2,2,8,0,0,0,0,0,0,0,0,0,0,0,0,0,0,0,2135.6,0,0,5339.01,0,0,0,0,0,0,7474.61,,不涉及,,,,,,,,,0,0,0,0,0,0,10678.01,4271.2,0,0,6406.81,0,2023-04-30 00:00:00,2023-05-31 00:00:00,2017-08-01 00:00:00,13000,0,19,0,,0.884,0,0,是,YXCSH2023027,0,0,0,0,0,0,13000,,否,,,,并购,2类-存带增,,,,,股权收购,其他,,,,,,,,2023,Q3
259,实际,海城市腾鳌镇污水处理厂特许经营项目,6项目签约,北部大区,鞍山区域公司,,A+,污水,",,市政污水处理",,已完成（已签约）,1.8,3600,0,0,14400,0,3.5,3.5,3.5,18000,5,0,0,0,0,,,,,,,,,,,,,,,,,,,,,,2023-01-10 00:00:00,2023-02-01 00:00:00,2023-03-01 00:00:00,2023-03-28 00:00:00,2023-03-28 00:00:00,2023-03-29 00:00:00,2023-01-10 00:00:00,2023-02-01 00:00:00,2023-03-01 00:00:00,2023-03-27 00:00:00,2023-03-24 00:00:00,2023-03-29 00:00:00,北控水务（中国）投资有限公司,北控水务（中国）投资有限公司（1%）、北控水务（广州南沙）投资有限公司（99%）联合体,投标增量,北控水务（中国）投资有限公司,20,100,8.4,17,否,0,0,2023-03-27 00:00:00,2023-03-29 00:00:00,17.5,0,0,0,17.5,0,0,0,3600,0,0,0,0,0,0,0,0,3600,0,0,15000,0,0,0,0,0,0,0,0,0,15000,,北控水务（中国）投资有限公司,,,2192,0,730,730,730,0,0,0,0,0,0,0,15000,15000,3600,0,14400,0,2024-04-01 00:00:00,2024-10-31 00:00:00,2023-07-01 00:00:00,17975,80,30,1.75,,3.36,0,0,,YXCSH2023050,15000,3600,0,0,0,0,,,,,,,TOT,,,,,,常规污水厂TOT项目,技改,,,,,,,,2023,Q3
260,实际,南和地表水厂扩建工程,6项目签约,北部大区,邢台区域公司,南和县地表水厂二期,A+,供水,"制水,,",,已完成（已签约）,0,0,0,0,0,0,,,,,,3,3,3,0,0,,,,,,,,,,,,,,,,,,,,,2022-04-20 00:00:00,2023-05-30 00:00:00,2023-06-30 00:00:00,2023-07-25 00:00:00,2023-08-30 00:00:00,2023-09-10 00:00:00,2023-04-20 00:00:00,2023-05-30 00:00:00,2023-06-15 00:00:00,,2023-06-21 00:00:00,,其他,外资投资，北控水务青岛环境投资有限公司,投标增量,,,100,9.84,0,否,,,,2023-09-10 00:00:00,2.63,2.63,2.63,2.63,10.52,,,,,,,,,,,,,0,,,,,,,,,,,,,0,,,,,,,,,,,,,,,,,,,,,,,,,,,,,,,,,,,YXCSH2023002,,,,,,,,,,,,,OM,,,,,,无,,,,,,,,,2023,Q3
261,实际,北京市通州区水环境治理项目（包外）,6项目签约,,市场投资部,,A+,供水,"原水,,",,已终止,28.89,10.25,6.83,11.81,0,0,,,,,,0,0,0,0,0,0,,,,,,,,,,,,,,,,,,,1129000000111539,,2014-08-19 00:00:00,2014-08-19 00:00:00,2014-08-19 00:00:00,2014-08-19 00:00:00,2014-08-19 00:00:00,,2014-08-19 00:00:00,2014-08-19 00:00:00,2014-08-19 00:00:00,2014-08-19 00:00:00,2014-08-19 00:00:00,北控水务（中国）投资有限公司,,,,60,100,0,0,否,,,2014-08-19 00:00:00,2014-08-19 00:00:00,1,1,1,1,4,1,1,1,1,1,1,1,1,1,1,1,1,12,1,1,1,1,1,1,1,1,1,1,1,1,12,,,,,0,,,,,,288957,102517.2,0,118095,68344.8,0,0,0,0,0,0,0,,,,0,0,0,0,0,0,0,0,是,1129000000111539,0,0,0,0,0,0,,否,否,,,,BT,2类-存带增,,,,,,新建,,,,,,,,2023,Q3
262,否,山西省朔州市怀仁市环卫项目,1市场阶段,东部大区,太原区域公司,,C,环卫,",,",,执行中,0,,,,,,,,,,,,,,,,,,,,,,,,,,,,,,,,,,,XS2024030700804,,2024-07-10 00:00:00,2024-07-18 00:00:00,2024-09-12 00:00:00,2024-09-30 00:00:00,2024-10-20 00:00:00,2024-04-03 11:32:27,,,2024-09-20 00:00:00,,,,,投标增量,,,,6,8,,,,2024-09-20 00:00:00,2024-10-20 00:00:00,1,1,12,12,26,0,0,0,0,0,0,0,0,0,0,0,0,0,,,,,,,,,,,,,,,,,,,,,,,,,,,,,,,,,,,,,,,,,,,,,,,是,YXXS2024030700804,,,,,,,,,是,,,,,,OM,服务,委托运营,,,,,,,,,3,,2023,Q3
263,否,重庆重庆市云阳县县城污水处理厂迁（扩）建项目,2立项策划,西部大区,西部大区,,C,污水,",,市政污水处理",,已终止,5.8079,,,,,,6,2,2,,,,,,,,,,,,,,,,,,,,,,,,,,,XS2023112100564,2023-05-31 00:00:00,2023-06-16 00:00:00,2024-06-28 00:00:00,2025-01-30 00:00:00,2025-03-29 00:00:00,2025-06-30 00:00:00,2023-11-29 00:00:00,,,,,,,,投标增量,,,,7,0,,,,,2025-06-30 00:00:00,0,0,0,0,0,0,0,0,0,0,0,0,0,0,0,0,0,0,,,,,,,,,,,,,,,,,,,,,,,,,,,,,,,,,,,,,,,,,,,,,,,否,YXXS2023112100564,,,,,,,,,是,,,,,,OM,服务,委托运营,,,,,,,,,30,,2023,Q3
264,实际,四川省宜宾市三江新区临港第二污水处理厂委托运维项目,60,西部大区,宜宾区域公司,,A,污水,",,市政污水处理, 工业污水处理",,已完成（已签约）,0,0,0,71084.99,0,0,5,2.5,0,0,2.46,0,0,0,0,0,0,0,0,,0,0,0,0,0,0,0,0,0,0,0,,0,0,0,,2023-05-31 00:00:00,2023-08-16 00:00:00,2023-09-04 00:00:00,2023-09-10 00:00:00,2023-08-28 00:00:00,2023-10-30 00:00:00,2023-04-28 00:00:00,2023-08-16 00:00:00,2023-08-29 00:00:00,2023-09-10 00:00:00,2023-09-19 00:00:00,2023-12-06 00:00:00,北控水务（中国）投资有限公司,,投标增量,,100,100,0,0,否,,,2023-09-10 00:00:00,2023-10-30 00:00:00,,,,,0,,,,,,,,,,,,,0,,,,,,,,,,,,,0,,,,,,,,,,,0,0,0,0,0,0,0,0,0,0,0,0,,,,0,0,,,,,0,0,否,YXCSH2023220,0,0,0,0,0,0,,否,是,,,,OM,,OM,服务,委托运营,,委托我方运营,新建,,,,,,5,,2023,Q3
265,实际,津市市白龙潭供水厂扩容工程,60,南部大区,常德区域公司,,C,供水,"水司, 水司(主营业务),,",,已完成（已签约）,0.3589,,,,,,0,0,0,,,14.4,2.5,2.5,,,,0,0,,,,,,0,0,0,,,0,0,,,,0,,,2023-07-12 00:00:00,2023-07-28 00:00:00,,2023-09-04 00:00:00,2023-09-15 00:00:00,,,,,,,,,非投标增量,,,,7,7,,,,,2023-09-15 00:00:00,,,,,,,,,,,,,,,,,,,,,,,,,,,,,,,,,,,,,,,,,,,,,,,,,,,,,,,,,,,,,,,,,是,YXCSH2023305,,,,,,,,,否,,,,ROT,1类-保履约,,,,,,,,,,,,,,2023,Q3
266,实际,津市市白龙潭供水厂扩容项目,60,南部大区,常德区域公司,,C,供水,"水司(主营业务),,",,已完成（已签约）,0.3275,,,,,,,,,,,2.9,2.9,5.8,,,,,,,,,,,,,,,,,,,,,,,2023-05-31 00:00:00,2023-07-13 00:00:00,2023-08-10 00:00:00,,2023-08-24 00:00:00,2023-09-12 00:00:00,,,,,,,,,非投标增量,,,,9.77,9.77,,,,,2023-09-12 00:00:00,,,,,,,,,,,,,,,,,,,,,,,,,,,,,,,,,,,,,,,,,,,,,,,,,,,,,,,,,,,,,,,,,是,YXCSH2023282,,,,,,,,,否,,,,ROT,1类-保履约,,,,,,,,,,,,,,2023,Q3
267,实际,永州市下河线污水处理厂扩能技改项目,60,南部大区,永州区域公司,永州市冷水滩区下河线污水处理厂,C,污水,",,市政污水处理",,已完成（已签约）,0.0185,185,0,0,0,0,5,5,5,185,0.71,,,,,,,,,,,,,,,,,,,,,,,,,,,2023-08-01 00:00:00,2023-08-01 00:00:00,2023-08-01 00:00:00,2023-08-04 00:00:00,2023-08-07 00:00:00,,2023-08-01 00:00:00,2023-08-01 00:00:00,2023-08-01 00:00:00,2023-08-04 00:00:00,2023-08-07 00:00:00,永州市北控污水净化有限公司,永州市北控污水净化有限公司,非投标增量,,0,100,14,20,否,,,2023-08-01 00:00:00,2023-08-07 00:00:00,0,0,3,0,3,0,0,0,0,0,0,0,0,0,0,0,0,0,0,0,0,0,0,0,1855,0,0,0,0,0,1855,,,,,,,,,,,185,185,0,0,0,0,0,0,0,0,0,0,,,,185,100,194,0,0.71,0.4,0,0,是,YXCSH2023127,0,0,0,0,0,0,,否,否,,,,ROT,1类-保履约,,,,,,扩建,,,,,,,,2023,Q3
268,实际,东莞市大朗镇黄麻岭排渠一体化污水处理厂委托运营,60,南部大区,莞惠区域公司,,B,污水,",,市政污水处理, 市政污水处理",,已完成（已签约）,0,0,0,0,0,0,2,2,0,0,0.33,,,,,,,,,,,,,,,,,,,,,,,,,,2023-06-20 00:00:00,2023-09-18 00:00:00,2023-10-15 00:00:00,2023-10-31 00:00:00,2023-11-28 00:00:00,2023-12-15 00:00:00,2023-06-20 00:00:00,2023-09-14 00:00:00,2023-10-10 00:00:00,2023-10-31 00:00:00,,,东莞市石龙黄家山越富水质净化有限公司,,非投标增量,,0,0,0,0,否,,,2023-10-31 00:00:00,2023-12-15 00:00:00,1,1.5,1.5,2,6,0,0,0,0,0,0,0,0,0,0,0,0,0,0,0,0,0,0,0,0,0,0,0,0,0,0,,,,,,,,,,,0,0,0,0,0,0,0,0,0,0,0,0,,,,,,,,,,,,是,YXCSH2023304,0,0,0,0,0,0,,是,是,,,,OM,,OM,服务,委托运营,,,,,,,,,3,,2023,Q3
269,实际,普宁市普侨镇污水处理厂提标改造及配套管网建设工程项目,60,南部大区,深汕区域公司,,A,污水,",,市政污水处理, 市政污水处理",,已完成（已签约）,0,0,0,6743.68,0,0,0.35,0.35,0.35,6743.68,2.32,,,,,,,13.93,13.93,,4064.6,,,,,,,,,,,,,,无,,2023-04-01 00:00:00,2023-08-31 00:00:00,2023-10-15 00:00:00,2023-10-31 00:00:00,2023-12-08 00:00:00,2023-12-31 00:00:00,2023-04-21 00:00:00,2023-07-13 00:00:00,2023-09-29 00:00:00,2023-11-22 00:00:00,2023-12-21 00:00:00,2023-12-04 00:00:00,北控水务（中国）投资有限公司,单独成立项目公司承接本项目运营.,投标增量,北控水务（中国）投资有限公司,100,100,0,0,否,,,2023-11-22 00:00:00,2023-12-31 00:00:00,0.53,0.52,0,0,1.05,0,0,0,0,0,0,0,0,0,0,0,0,0,0,0,0,0,0,0,0,0,0,0,0,0,0,10,北控水务（中国）投资有限公司,2023-11-06 00:00:00,,,,,,,,6743.68,0,0,6743.68,0,0,0,0,0,0,0,0,2023-12-01 00:00:00,2025-03-31 00:00:00,2025-04-01 00:00:00,0,0,12,0.35,2.32,0.88,0,0,是,YXCSH2023153,0,0,0,0,0,0,,否,是,,"北控水务（中国）投资有限公司,中铁上海工程局集团市政环保工程有限公司,中誉设计有限公司","100,0,0",EPCO,,EPCO,"服务, 产品","工程设计, 工程建设, 委托运营",环保装备,EPCO模式，运营范围仅为厂、不含管网。,污水厂提标+配套管网新建；水厂运营。,,,,,,,,2023,Q3
270,实际,翟减沟污水处理政府购买服务项目,6项目签约,北部大区,北京业务区,,A,污水,",,市政污水处理",,已完成（已签约）,0,,,,,,1.5,1.5,,,,,,,,,,,,,,,,,,,,,,,,,,,,,,2023-07-31 00:00:00,2023-07-31 00:00:00,2023-08-31 00:00:00,2023-08-31 00:00:00,2023-09-30 00:00:00,,,,,,,,,,,,,,,,,,,2023-09-30 00:00:00,,,22,,22,,,,,,,,,,,,,0,,,,,,,,,,,,,0,,,,,,,,,,,,,,,,,,,,,,,,,,,,,,,,,,,YXCSH2023281,,,,,,,,,,,,,OM,,,,,,地上临时处理设施，服务期2年，区水务局按季度支付委托运营费用,,,,,,,,,2023,Q3
271,实际,临沂高新区第二污水处理厂项目,6项目签约,东部大区,临沂区域公司,,,污水,",,市政污水处理",,已完成（已签约）,0,,,,,,6,3,0,,,0,0,0,,,,0,0,,,,,,0,0,0,,,0,0,,,,无,,2023-03-11 00:00:00,2023-03-11 00:00:00,,,,,,,,,,,,,,,,,,,,,,,,,,,,0,,,,,,,,,,,,,0,,,,,,,,,,,,,0,,,,,,,,,,,,,,,,,,,,,,,,,,,,,,,,,,,YXCSH2023242,,,,,,,,,,,,,OM,,,,,,,,,,,,,,,2023,Q3
272,实际,临沂高新区管网排查清淤检测项目,60,东部大区,临沂区域公司,,C,排水管网,",,",,已完成（已签约）,0,,,,,,,,,,,,,,,,,0,0,,,,,,,,,,,,,,,,,,,2023-06-01 00:00:00,2023-07-03 00:00:00,2023-08-31 00:00:00,2023-09-15 00:00:00,2023-12-29 00:00:00,,,,2023-08-31 00:00:00,,,,,投标增量,,,,0,0,,,,2023-08-31 00:00:00,2023-12-29 00:00:00,,,,,,,,,,,,,,,,,,,,,,,,,,,,,,,,0,无,2023-08-30 00:00:00,,,,,,,,,,,,,,,,,,,,,,,,,,,,,,,是,YXCSH2023062,,,,,,,,,是,,,,,,其他,产品,,运营技术产品,EPC,,,,,,,0,,2023,Q3
273,实际,圣公山污水处理厂委托运营项目,60,东部大区,青岛区域公司,,A+,污水,",,市政污水处理",,已完成（已签约）,0,,,,,,2,0.5,0.5,,,,,,,,,,,,,,,,,,,,,,,,,,,,,2023-08-24 00:00:00,2023-08-31 00:00:00,2023-08-31 00:00:00,2023-09-11 00:00:00,2023-10-08 00:00:00,,,,,,,,,投标增量,,,,0,0,,,,,2023-10-08 00:00:00,,,,,,,,,,,,,,,,,,,,,,,,,,,,,,,,,,,,,,,,,,,,,,,,,,,,,,,,,,,,,,,,,是,YXCSH2023060,,,,,,,,,是,,,,OM,,OM,服务,委托运营,,,,,,,,,5,,2023,Q3
274,实际,山东省青岛市崂山区沙子口污水处理厂二期,60,东部大区,烟威区域公司,青岛崂山北控水务有限公司,A+,污水,",,市政污水处理",,已完成（已签约）,5.39,21000,0,0,32900,0,5.5,2.75,2.75,53900,,,,,,,,,,,,,,,,,,,,,,,,,,,2023-04-26 00:00:00,2023-04-26 00:00:00,2023-04-26 00:00:00,2023-08-01 00:00:00,2023-10-12 00:00:00,2023-11-02 00:00:00,2023-04-26 00:00:00,2023-03-18 00:00:00,2023-04-26 00:00:00,,,,北控水务（中国）投资有限公司,中国投提供业绩、青岛环境提供外资,投标增量,北控水务（中国）投资有限公司,40,100,6.57,7.56,否,0,0,,2023-11-02 00:00:00,0,0,0,0,0,0,0,21000,0,0,0,0,0,0,0,0,0,21000,0,0,0,0,0,0,0,0,0,0,0,0,0,,无,,,53900,21000,0,0,32900,0,0,0,0,0,0,0,0,0,0,0,0,0,,,,,,,,,,,,否,YXCSH2023132,,,,,,,,,否,,,,BOT,3类-空白区域,,,,,无,,,,,,,,,2023,Q3
275,实际,徐州新城区污水厂一期提标及二期扩建委托运营项目,60,东部大区,北京建工环境,南望净水厂,A+,污水,",,市政污水处理",,已完成（已签约）,0,0,0,0,0,0,5,5,0,0,0.98,,,,,,,,,,,,,,,,,,,,,,,,,,2023-06-01 00:00:00,2023-06-01 00:00:00,2023-06-01 00:00:00,2023-06-01 00:00:00,2023-06-01 00:00:00,2023-06-15 00:00:00,,2023-06-01 00:00:00,2023-06-01 00:00:00,2023-06-01 00:00:00,2023-06-01 00:00:00,2023-06-15 00:00:00,其他,本项目不涉及投资,非投标增量,,0,0,0,0,否,,,2023-06-01 00:00:00,2023-06-15 00:00:00,,,,,,,,,,,,,,,,,,,,,,,,,,,,,,,,,,,,,,,,,,0,0,0,0,0,0,0,0,0,0,0,0,,,,0,0,12,0,0.98,0.89,0,0,是,YXCSH2023004,0,0,0,0,0,0,,否,是,,,,OM,,OM,服务,委托运营,,,委托运营,,,,,,1,,2023,Q3
276,实际,徐州西区污水处理厂一期提标及二期工程委托运营,60,东部大区,北京建工环境,,A+,污水,",,市政污水处理",,已完成（已签约）,0,,,,,,4,4,0,,,,,,,,,,,,,,,,,,,,,,,,,,,,2023-06-01 00:00:00,2023-06-01 00:00:00,2023-06-01 00:00:00,2023-06-01 00:00:00,2023-06-01 00:00:00,2023-07-15 00:00:00,,,,,,,,,非投标增量,,,,0,0,,,,,2023-07-15 00:00:00,,,,,,,,,,,,,,,,,,,,,,,,,,,,,,,,,,,,,,,,,,,,,,,,,,,,,,,,,,,,,,,,,是,YXCSH2023005,,,,,,,,,是,,,,OM,,OM,服务,委托运营,,,,,,,,,1,,2023,Q3
277,计划,山西省太原市再生水回供太原城区道路绿化项目,60,东部大区,太原区域公司,太原市再生水利用开发项目,B,再生水,",销售经营类ToB,",,已完成（已签约）,0,0,0,0,0,0,,,,,,,,,,,,,,,,,,,,,,,,1,1,,0,2,,XS2023120800709,2023-12-12 00:00:00,2023-12-15 00:00:00,2023-12-20 00:00:00,2024-01-12 00:00:00,2023-12-22 00:00:00,2024-01-05 00:00:00,2023-12-12 00:00:00,2023-12-15 00:00:00,2023-12-18 00:00:00,2023-12-20 00:00:00,2023-12-22 00:00:00,2024-01-05 00:00:00,北控水务（中国）投资有限公司,,非投标增量,,20,99.93,0,0,否,,,2023-12-20 00:00:00,2024-01-05 00:00:00,0.97,0.97,1.45,1.45,4.84,0,0,0,0,0,0,0,0,0,0,0,0,0,,,,,,,,,,,,,,0,无,2024-01-02 00:00:00,,,,,,,,0,0,0,0,0,0,0,0,0,0,0,0,2024-04-26 00:00:00,2024-12-03 00:00:00,2024-12-27 00:00:00,0,0,60,0.9,2,0.32,0,0,是,YXXS2023120800709,0,0,0,0,0,0,,否,是,,,,,,OM,服务,委托运营,,,其他,,,,,,5,,2023,Q3
278,实际,济南市高新区巨野河污水处理厂二期工程,60,东部大区,济南区域公司,,A+,污水,",,市政污水处理, 市政污水处理",,已完成（已签约）,0.98,,,,,,2,2,2,,,,,,,,,,,,,,,,,,,,,,,,,,,,,2023-05-06 00:00:00,2023-05-13 00:00:00,2023-05-31 00:00:00,2023-06-20 00:00:00,2023-06-30 00:00:00,,,,,,,,,投标增量,,,,7.06,9.4,,,,,2023-06-30 00:00:00,1.5,1.5,1.5,1.5,6,0,0,0,0,0,0,0,0,0,0,0,0,0,0,0,0,0,0,0,0,0,0,0,0,0,0,,,,,,,,,,,,,,,,,,,,,,,,,,,,,,,,,,是,YXCSH2023122,,,,,,,,,否,,,,BOT,1类-保履约,,,,,,,,,,,,,,2023,Q3
279,实际,四川省成都市彭州市第一污水处理厂再生水回用项目,6项目签约,西部大区,蓉北区域公司,彭州市第一污水处理厂,A,再生水,",销售经营类ToB,",,已终止,0,,,,,,2,2,0,,,,,,,,,,,,,,,,,,,,,2,2,,,0.24,,YXCSH2023183,2023-04-28 00:00:00,2023-06-16 00:00:00,2024-04-30 00:00:00,2024-05-30 00:00:00,2024-06-30 00:00:00,2023-08-31 00:00:00,2023-04-28 00:00:00,,,,,,,,非投标增量,,,,10,10,,,,,2023-08-31 00:00:00,0.1,0.1,0.1,0,0.3,0,0,0,0,0,0,0,0,0,0,0,0,0,,,,,,,,,,,,,0,,,,,,,,,,,,,,,,,,,,,,,,,,,,,,,,,,是,YXCSH2023183,,,,,,,,,是,,,,OM,,OM,服务,委托运营,,政府拥有的污水处理设施委托我方负责运营,,,,,,,3,,2023,Q3
280,实际,海淀区稻香湖再生水厂再生水销售项目,6项目签约,北部大区,北京业务区,稻香湖再生水厂,A+,再生水,",销售经营类ToB,",,已终止,0,0,0,0,0,0,0,0,0,,,0,0,0,,,,0,0,,,,,,0,0,0,,,2,2,,0,1,0,,2023-06-30 00:00:00,2023-09-30 00:00:00,2023-10-31 00:00:00,2023-12-20 00:00:00,2023-12-31 00:00:00,2023-12-31 00:00:00,2023-06-29 00:00:00,2023-08-31 00:00:00,2023-10-30 00:00:00,2023-10-30 00:00:00,2023-10-31 00:00:00,2023-11-27 00:00:00,北京稻香水质净化有限公司,项目公司,非投标增量,,30,64.41,0,0,否,,,2023-10-30 00:00:00,2023-12-31 00:00:00,1.5,1.5,1.5,1.5,6,0,0,0,0,0,0,0,0,0,0,0,0,0,0,0,0,0,0,0,0,0,0,0,0,0,0,0,不涉及,2023-11-27 00:00:00,,,,,,,,0,0,0,0,0,0,0,0,0,0,0,0,2023-07-01 00:00:00,2023-07-01 00:00:00,2023-07-01 00:00:00,0,0,18,0,1,0,0,0,是,YXCSH2023293,0,0,0,0,0,0,,否,是,,,,售水,,其他,服务,委托运营,,再生水销售,不涉及建设,,,,,,1.5,,2023,Q3
281,实际,华润电力再生水供水合同,6项目签约,北部大区,锦州区域公司,锦州市北控联合污水处理厂,A+,再生水,",销售经营类ToB,",,已完成（已签约）,0,0,0,0,0,0,,,,,,,,,,,,,,,,,,,,,,,,6,6,,0,1.93,,YXCSH2023278,2023-06-15 00:00:00,2024-03-31 00:00:00,2024-06-03 00:00:00,2023-09-30 00:00:00,2024-06-10 00:00:00,2024-06-28 00:00:00,2023-06-15 00:00:00,2024-01-01 00:00:00,2024-01-19 00:00:00,2023-09-30 00:00:00,2024-01-26 00:00:00,2024-02-01 00:00:00,北控水务（中国）投资有限公司,锦州市北控水务有限公司,非投标增量,不涉及,20,80,0,0,,,,2023-09-30 00:00:00,2024-06-28 00:00:00,1.75,1.75,1.75,1.75,7,0,0,0,0,0,0,0,0,0,0,0,0,0,0,0,0,0,0,0,0,0,0,0,0,0,0,,不涉及,,,0,0,0,0,0,0,0,0,0,0,0,0,0,0,0,0,0,0,2023-12-31 00:00:00,2023-12-31 00:00:00,2023-12-31 00:00:00,0,0,0,0,,0,0,0,是,YXCSH2023278,0,0,0,0,0,0,,,是,,,,售水,,其他,服务,委托运营,,无,其他,,,,,,1,,2023,Q3
282,实际,江苏省苏州市昆山市城市粪便处理场委托运营项目,2立项策划,东部大区,北京建工环境,,A+,污水,",,市政污水处理",,已完成（已签约）,0,,,,,,0,0,0,,,,,,,,,,,,,,,,,,,,,,,,,,,XS2023121400718,,2023-12-15 00:00:00,2023-12-15 00:00:00,2023-12-15 00:00:00,2023-12-15 00:00:00,2023-12-30 00:00:00,2023-12-15 16:10:15,,,,,,,,非投标增量,,,,0,0,,,,,2023-12-30 00:00:00,,,,,,,,,,,,,,,,,,,,,,,,,,,,,,,,,,,,,,,,,,,,,,,,,,,,,,,,,,,,,,,,,是,YXXS2023121400718,,,,,,,,,是,,,,,,,服务,委托运营,,,,,,,,,,,2023,Q3
283,否,海南海口威立雅水务股权并购项目,4中标策划,市场投资中心(部门),投资发展部,,A,供水,"水司,,",,已终止,6.2,6.2,0,0,0,0,,,,,,86,,86,0,,,,,,,,,,,,,,,,,,,,,,,2023-04-01 00:00:00,2023-04-15 00:00:00,2023-11-30 00:00:00,2023-06-10 00:00:00,2023-06-30 00:00:00,,2023-04-21 00:00:00,,,,,北控水务（中国）投资有限公司,,并购增量,不涉及,0,0,0,0,否,0,0,,2023-06-30 00:00:00,10,10,0,0,20,0,0,0,0,0,0,0,0,0,0,0,0,0,0,0,0,0,0,0,0,0,0,0,0,0,0,,不涉及,,,,,,,,,0,0,0,0,0,0,0,0,0,0,0,0,,,,,,,,,,,,,YXCSH2023161,0,0,0,0,0,0,,,,,,,并购,,,,,,并购,,,,,,,,,2023,Q3
284,否,信达-桑德资产包股权收购项目,3方案策划,市场投资中心(部门),投资发展部,,A,污水,",,市政污水处理",,已终止,,,,,,,65.82,47.82,47.82,,,8,4,4,,,,,,,,,,,,,,,,,,,,,,,,2023-04-28 00:00:00,2023-05-19 00:00:00,2023-06-15 00:00:00,2023-06-23 00:00:00,2023-06-30 00:00:00,,,,,,,,,并购增量,,,,7,,,,,,2023-06-30 00:00:00,5,30,20,5,60,,,,,,,,,,,,,0,,,,,,,,,,,,,0,,,,,,,,,,,,,,,,,,,,,,,,,,,,,,,,,,,YXCSH2023029,,,,,,,,,,,,,OM,,,,,,资产股权收购,,,,,,,,,2023,Q3
285,否,华衍水务股权并购项目,,市场投资中心(部门),永州区域公司,,,供水,"水司,,",,已终止,,,,,,,,,,,,378,,290,,,,,,,,,,,,,,,,,,,,,,,,,,,,,,,,,,,,,,,,,,,,,,,,,,,,0,,,,,,,,,,,,,0,,,,,,,,,,,,,0,,,,,,,,,,,,,,,,,,,,,,,,,,,,,,,,,,,YXCSH2023162,,,,,,,,,,,,,并购,,,,,,,,,,,,,,,2023,Q3
286,实际,台州黄岩宁溪污水处理厂委托运营项目,6项目签约,东部大区,台州区域公司,台州黄岩北控环保有限公司,A+,污水,",,市政污水处理, 市政污水处理",,已完成（已签约）,0,,,,,,0.5,0.5,0,0,2.55,0,0,0,0,0,0,0,0,,0,0,0,0,0,0,0,0,0,0,0,,0,0,0,,2023-05-12 00:00:00,2024-05-30 00:00:00,2024-07-26 00:00:00,2024-09-22 00:00:00,2024-10-30 00:00:00,2024-10-30 00:00:00,2023-05-12 00:00:00,2023-05-12 00:00:00,2023-05-12 00:00:00,2023-05-12 00:00:00,2023-05-12 00:00:00,2023-05-12 00:00:00,北控中科成环保集团有限公司,,投标增量,,,,0,0,,,0,2023-05-12 00:00:00,2024-10-30 00:00:00,0.2,0.6,0.7,0,1.5,0,0,0,0,0,0,0,0,0,0,0,0,0,0,0,0,0,0,0,0,0,0,0,0,0,0,,,,,,,,,,,,,,,,,,,,,,,,,,,,,,,,,,是,YXCSH2023215,,,,,,,,,是,,,,OM,,OM,服务,委托运营,,委托运营,,,,,,,5,,2023,Q3
287,计划,山东省青岛市胶州市上合示范区泵站及管网委托运营项目,60,东部大区,烟威区域公司,青岛环海北控水务有限公司,A+,"排水管网, 污泥",",,",,已完成（已签约）,0,0,0,0,0,0,,,,,,,,,,,,320,320,,0,0,0,2.25,41,41,0,0,286,,,,,,,XS2024031500843,2024-03-26 00:00:00,2024-03-31 00:00:00,2024-04-30 00:00:00,2024-07-16 00:00:00,2024-07-26 00:00:00,2024-08-16 00:00:00,2024-03-26 00:00:00,2024-03-31 00:00:00,,2024-07-16 00:00:00,,2024-09-05 00:00:00,北控水务（中国）投资有限公司,,投标增量,,0,100,12.41,0,否,,,2024-07-16 00:00:00,2024-08-16 00:00:00,0,0,12.8,0,12.8,0,0,0,0,0,0,0,0,0,0,0,0,0,,,,,,,,,,,,,,0,无,2024-07-16 00:00:00,,,,,,,,0,0,0,0,0,0,0,0,0,0,0,0,2024-09-06 00:00:00,2024-09-06 00:00:00,2024-07-31 00:00:00,0,0,,,,,0,0,是,YXXS2024031500843,0,0,0,0,0,0,,是,是,429,,,,,OM,服务,委托运营,,政府采购服务,无建设内容,,,,,,3,,2023,Q3
288,计划,山西省太原市武宿机场再生水回用项目,3方案策划,东部大区,太原区域公司,,C,再生水,",销售经营类ToB,",,执行中,0.098,,,,,,,,,,,,,,,,,,,,,,,,,,,,,0.2,0.2,,,,,XS2024030700806,2024-03-18 00:00:00,2024-08-22 00:00:00,2024-09-12 00:00:00,2024-07-01 00:00:00,2024-11-11 00:00:00,2024-12-27 00:00:00,2024-03-18 00:00:00,,,,,,,,非投标增量,,,,7,7,,,,,2024-12-27 00:00:00,0.36,0.36,0.54,0.54,1.8,0,0,0,0,0,0,0,0,0,0,0,100,100,,,,,,,,,,,,,,,,,,,,,,,,,,,,,,,,,,,,,,,,,,,,,,,是,YXXS2024030700806,,,,,,,,,是,,,,BOT,1类-保履约,OM,服务,委托运营,,,,,,,,,21,,2023,Q3
289,计划,山西省晋城市泽州县川底垃圾填埋场项目,1市场阶段,东部大区,晋临区域公司,,C,固体废物,",,",,执行中,0.2327,,,,,,,,,,,,,,,,,,,,,,,,,,,,,,,,,,,XS2024030700813,2024-03-18 00:00:00,2025-02-05 00:00:00,2025-04-09 00:00:00,2025-06-18 00:00:00,2025-07-17 00:00:00,2025-07-25 00:00:00,2024-03-18 00:00:00,,,2025-06-18 00:00:00,,,,,投标增量,,,,0,0,,,,2025-06-18 00:00:00,2025-07-25 00:00:00,,,,,,,,,,,,,,,,,,,,,,,,,,,,,,,,,,,,,,,,,,,,,,,,,,,,,,,,,,,,,,,,,否,YXXS2024030700813,,,,,,,,,是,,,,,,EPCO,服务,委托运营,,,,,,,,,,,2023,Q3
290,计划,鱼台县城乡环卫一体化项目,3方案策划,东部大区,济宁区域公司,,C,环卫,",,",,执行中,0,,,,,,,,,,,,,,,,,,,,,,,,,,,,,,,,,,,XS2024030700818,2024-03-18 00:00:00,2024-04-30 00:00:00,2024-06-30 00:00:00,2024-08-30 00:00:00,2024-09-16 00:00:00,2024-09-27 00:00:00,2024-03-18 00:00:00,,,2024-06-19 00:00:00,,,,,投标增量,,,,7,8,,,,2024-06-19 00:00:00,2024-09-27 00:00:00,9,9,9.2,0,27.2,0,0,0,0,0,0,0,0,0,0,0,0,0,,,,,,,,,,,,,,,,,,,,,,,,,,,,,,,,,,,,,,,,,,,,,,,是,YXXS2024030700818,,,,,,,,,是,,,,,,OM,服务,委托运营,,,,,,,,,3,,2023,Q3
291,计划,山东省菏泽市牡丹区七里河污水处理厂托管运行项目,3方案策划,东部大区,菏泽区域公司,,C,污水,",,市政污水处理, 工业污水处理",,执行中,0,,,,,,4,2,0,,,,,,,,,,,,,,,,,,,,,,,,,,,XS2023111600462,2023-11-30 00:00:00,2024-02-28 00:00:00,2024-04-10 00:00:00,2024-05-30 00:00:00,2024-08-08 00:00:00,2024-10-16 00:00:00,2023-11-29 00:00:00,,,,,,,,投标增量,,,,0,0,,,,,2024-10-16 00:00:00,2,3,4,3,12,0,0,0,0,0,0,0,0,0,150,0,0,150,0,0,0,0,0,0,0,0,0,0,0,0,0,,,,,,,,,,,,,,,,,,,,,,,,,,,,,,,,,,否,YXXS2023111600462,,,,,,,,,是,,,,,,OM,服务,委托运营,,,,,,,,,5,,2023,Q3
292,计划,河南省开封市兰考县产业集聚区中水回用委托运营项目,60,东部大区,郑州业务区,,C,再生水,",销售经营类ToB,",,已完成（已签约）,0,,,,,,,,,,,,,,,,,,,,,,,,,,,,,1.5,1.5,,,,,XS2023120600689,2023-12-20 00:00:00,2023-12-20 00:00:00,2023-12-20 00:00:00,,2023-12-22 00:00:00,2024-01-04 15:25:00,2023-12-08 00:00:00,2023-12-20 00:00:00,2023-12-20 00:00:00,,2023-12-22 00:00:00,2024-01-05 00:00:00,,,非投标增量,,,,68.77,68.77,,,,,2024-01-04 15:25:00,,,,,,,,,,,,,,,,,,,,,,,,,,,,,,,,,,,,,,,,,,,,,,,,,,,,,,,,,,,,,,,,,是,YXXS2023120600689,,,,,,,,,是,,,,,,OM,服务,委托运营,,,,,,,,,10,,2023,Q3
293,计划,徐州龙亭污水处理厂二期工程过渡期委托运营项目,60,东部大区,北京建工环境(公司),徐州市龙亭污水处理厂（二期）,A+,污水,",,市政污水处理",,已完成（已签约）,0,0,0,0,0,0,4.5,4.5,0,0,0.55,,,,,,,,,,,,,,,,,,,,,,,,,XS2024010300741,2023-11-17 00:00:00,2024-01-24 00:00:00,2024-01-31 00:00:00,2024-01-31 00:00:00,2024-02-18 00:00:00,2024-02-23 00:00:00,2023-11-17 00:00:00,2023-11-30 00:00:00,2023-12-01 00:00:00,,2023-12-22 00:00:00,2024-01-02 00:00:00,不涉及投资,,非投标增量,,0,30.6,0,0,否,,,,2024-02-23 00:00:00,2.5,2,2,2.5,9,0,0,0,0,0,0,0,0,0,0,0,0,0,,,,,,,,,,,,,,,,,,,,,,,,0,0,0,0,0,0,0,0,0,0,0,0,,,,0,0,,,,,0,0,是,YXXS2024010300741,0,0,0,0,0,0,,否,是,,,,,,OM,服务,委托运营,,,不涉及建设,,,,,,1,,2023,Q3
294,计划,四川省广安市华蓥市城乡环卫一体化,3方案策划,西部大区,西部大区,,C,环卫,",,",,执行中,0,,,,,,,,,,,,,,,,,,,,,,,,,,,,,,,,,,,XS2024031400842,2024-03-15 00:00:00,2024-05-18 00:00:00,2024-07-14 00:00:00,2024-09-10 00:00:00,2024-10-18 00:00:00,2024-12-30 00:00:00,2024-03-15 00:00:00,,,,,,,,投标增量,,,,0,0,,,,,2024-12-30 00:00:00,,,,,,,,,,,,,,,,,,,,,,,,,,,,,,,,0,0,2024-12-31 00:00:00,,,,,,,,,,,,,,,,,,,,,,,,,,,,,,,是,YXXS2024031400842,,,,,,,,,是,,,,,,OM,服务,委托运营,,,,,,,,,3,,2023,Q3
295,计划,四川省广安市经开区环卫清扫保洁服务采购项目,60,西部大区,西部大区,,C,环卫,",,",,已完成（已签约）,0,,,,,,,,,,,,,,,,,,,,,,,,,,,,,,,,,,,XS2024031300837,2024-03-15 00:00:00,2024-05-18 00:00:00,2024-07-14 00:00:00,2024-09-10 00:00:00,2024-10-18 00:00:00,2024-12-30 00:00:00,2024-03-15 00:00:00,,,,,,,,投标增量,,,,0,0,,,,,2024-12-30 00:00:00,,,,,,,,,,,,,,,,,,,,,,,,,,,,,,,,,,,,,,,,,,,,,,,,,,,,,,,,,,,,,,,,,是,YXXS2024031300837,,,,,,,,,是,,,,,,OM,服务,委托运营,,,,,,,,,3,,2023,Q3
296,计划,辽宁省锦州市凌河区环卫项目,3方案策划,北部大区,锦州区域公司,,C,环卫,",,",,执行中,0,,,,,,,,,,,,,,,,,,,,,,,,,,,,,,,,,,,XS2024030700808,2024-03-15 00:00:00,2024-06-30 00:00:00,2024-07-31 00:00:00,2024-10-31 00:00:00,2024-10-31 00:00:00,2024-11-30 00:00:00,2024-03-15 00:00:00,,,2024-11-30 00:00:00,,,,,投标增量,,,,0,0,,,,2024-11-30 00:00:00,2024-11-30 00:00:00,5,10,15,11,41,0,0,0,0,0,0,0,0,0,0,0,0,0,,,,,,,,,,,,,,,,,,,,,,,,,,,,,,,,,,,,,,,,,,,,,,,是,YXXS2024030700808,,,,,,,,,是,,,,,,OM,服务,委托运营,,,,,,,,,30,,2023,Q3
297,计划,山西省太原市再生水回供太原第二热电厂项目,60,东部大区,太原区域公司,太原市再生水利用开发项目,A,再生水,",销售经营类ToB,",,已完成（已签约）,0,0,0,0,0,0,,,,,,,,,,,,,,,,,,,,,,,,1,1,,0,2,,XS2024032900858,2024-04-03 00:00:00,2024-04-20 00:00:00,2024-04-30 00:00:00,,2024-05-24 00:00:00,2024-05-31 00:00:00,2024-04-03 00:00:00,2024-04-17 00:00:00,2024-04-26 00:00:00,,2024-05-07 00:00:00,2024-05-10 00:00:00,其他,太原市再生水发展有限公司,非投标增量,,30,99.63,0,0,否,,,,2024-05-31 00:00:00,1.46,1.46,2.19,2.19,7.3,0,0,0,0,0,0,0,0,0,0,0,0,0,,,,,,,,,,,,,,0,0,2024-05-06 00:00:00,,,,,,,,0,0,0,0,0,0,0,0,0,0,0,0,2024-06-07 00:00:00,2024-12-28 00:00:00,2025-01-06 00:00:00,0,0,,,,,0,0,是,YXXS2024032900858,0,0,0,0,0,0,,否,是,,,,,,OM,服务,委托运营,,,其他,,,,,,5,,2023,Q3
298,否,双流区公兴二期再生水厂建设项目,1市场阶段,西部大区,蓉南区域公司,,C,污水,",,市政污水处理",,已暂停,3.47,,,,,,5,5,5,,,,,,,,,,,,,,,,,,,,,,,,,,,YXCSH2023185,2023-04-28 00:00:00,2024-10-30 00:00:00,2024-08-31 00:00:00,2024-11-30 00:00:00,2024-12-31 00:00:00,2025-02-28 00:00:00,2023-04-28 00:00:00,,,,,,,,投标增量,,,,7,7,,,,,2025-02-28 00:00:00,1,1,1,1,4,0,0,0,0,0,0,0,0,0,0,0,0,0,,,,,,,,,,,,,0,,,,,,,,,,,,,,,,,,,,,,,,,,,,,,,,,,否,YXCSH2023185,,,,,,,,,否,,,,BOT,2类-存带增,,,,,,,,,,,,,,2023,Q3
299,实际,大庆市东城区污水处理厂异地新建项目,60,北部大区,大庆区域公司,,C,污水,",,市政污水处理, 市政污水处理",,已完成（已签约）,5,12000,28000,0,0,0,9,9,9,40000,4,0,0,0,0,0,,0,0,,0,0,,,,,,,,,,,,,,YXCSH2023030,2023-02-15 00:00:00,2024-02-07 00:00:00,2024-04-04 00:00:00,2024-06-01 00:00:00,2024-05-26 00:00:00,2024-05-31 00:00:00,2023-02-15 00:00:00,2024-01-13 00:00:00,2024-02-29 00:00:00,2024-03-06 00:00:00,2024-04-02 00:00:00,2024-04-29 00:00:00,北控水务集团,,投标增量,北控水务集团有限公司,20,100,9,10,否,,,2024-03-06 00:00:00,2024-05-31 00:00:00,3,3,3,3,12,0,0,0,0,0,0,0,0,0,0,3200,0,3200,0,0,0,0,0,0,0,0,0,0,0,0,0,,,,,0,0,0,0,0,0,0,0,0,0,0,0,20000,20000,12000,0,28000,0,2024-05-01 00:00:00,2025-05-31 00:00:00,2025-06-01 00:00:00,0,0,,,,,0,0,是,YXCSH2023030,0,0,0,0,0,0,,否,否,,北控水务(中国)投资有限公司,99,BOT,2类-存带增,,,,,特许经营模式，具体采用“设计-建设-融资-运营-移交(DBFOT)方式”,新建,,,,,,,,2023,Q3
300,否,河南省郑州市巩义市一污提标改造TOT项目,2立项策划,东部大区,郑州业务区,,C,污水,",,市政污水处理",,执行中,0.35,,,,,,5,5,5,,,,,,,,,,,,,,,,,,,,,,,,,,,XS2023111300424,2023-11-29 00:00:00,2024-06-30 00:00:00,2024-08-26 00:00:00,2024-10-23 00:00:00,2024-11-05 00:00:00,2024-11-30 00:00:00,2023-11-29 09:39:56,,,2024-10-23 00:00:00,,,,,投标增量,,,,9.69,13.96,,,,2024-10-23 00:00:00,2024-11-30 00:00:00,0,1,7,7,15,0,0,0,0,0,0,0,0,0,790.47,0,0,790.47,0,0,0,0,1260,1260,1260,0,0,0,0,0,3780,0,北控水务（中国）投资有限公司,2024-07-10 00:00:00,,,,,,,,,,,,,,,,,,,,2022-10-12 00:00:00,2023-10-26 00:00:00,2024-05-06 00:00:00,,,,,,,,,否,YXXS2023111300424,,,,,,,,,否,,,,TOT,2类-存带增,,,,,二类重投TOT项目,,,,,,,,,2023,Q3
301,计划,伊川县污泥处置处置项目,60,东部大区,洛阳区域公司,,C,污泥,",,",,已完成（已签约）,1.1,0,0,1.1,7700,0,,,,,,,,,,,,,,,,,,,50,50,0,0,120,,,,,,,XS2023112700645,2024-04-21 00:00:00,2024-06-06 00:00:00,2024-07-12 00:00:00,2024-08-30 00:00:00,2024-09-10 00:00:00,2024-09-20 00:00:00,2024-01-31 00:00:00,2024-06-05 00:00:00,,,,2024-05-30 00:00:00,北控水务（中国）投资有限公司,,投标增量,,30,100,7.5,10,否,,,,2024-09-20 00:00:00,4,3,3,2,12,0,0,0,0,0,0,3300,0,0,0,0,0,3300,0,0,0,0,0,0,0,0,0,0,0,0,0,,,,,,,,,,,0,0,0,0,0,0,0,0,0,0,0,0,2024-10-31 00:00:00,2025-10-31 00:00:00,2025-12-31 00:00:00,0,0,,,,,0,0,否,YXXS2023112700645,0,0,0,0,0,0,,否,是,43.2,,,BOT,2类-存带增,OM,服务,委托运营,,利用政府专项资金及我方投资作为资金来源进行投资建设，暂定模式为BOT,新建,,,,,,10,,2023,Q3
302,计划,山东省济南市起步区绿色循环产业园综合污水处理厂,2立项策划,东部大区,济南区域公司,,C,污水,",,市政污水处理",,执行中,2.24,,,,,,4,4,4,,,,,,,,,,,,,,,,,,,,,,,,,,4,XS2023112000529,2023-12-01 00:00:00,2024-09-01 00:00:00,2024-10-07 00:00:00,2024-11-30 00:00:00,2024-12-13 00:00:00,2024-12-31 00:00:00,2023-12-07 00:00:00,,,,,,,,投标增量,,,,0,0,,,,,2024-12-31 00:00:00,2,2,2,2,8,0,0,0,0,0,0,0,0,0,0,0,0,0,,,,,,,,,,,,,,,,,,,,,,,,,,,,,,,,,,,,,,,,,,,,,,,否,YXXS2023112000529,,,,,,,,,是,,,,,,OM,服务,委托运营,,委托运营项目,,,,,,,8,,2023,Q3
303,计划,昆山北区污水处理厂厂网一体化管网委托运营项目,3方案策划,东部大区,北京建工环境,,C,排水管网,",,",,执行中,0,,,,,,,,,,,,,,,,,3700,0,,,,,,,,,,,,,,,,,XS2024031100830,2024-03-25 00:00:00,2024-04-10 00:00:00,2024-04-30 00:00:00,2024-06-20 00:00:00,2024-06-30 00:00:00,2024-07-30 00:00:00,2024-03-25 00:00:00,,,,,,,,投标增量,,,,10,10,,,,,2024-07-30 00:00:00,,,,,,,,,,,,,,,,,,,,,,,,,,,,,,,,,,,,,,,,,,,,,,,,,,,,,,,,,,,,,,,,,是,YXXS2024031100830,,,,,,,,,是,,,,,,OM,服务,委托运营,,,,,,,,,2,,2023,Q3
304,计划,普陀山生活污水处理设施改扩建项目,2立项策划,东部大区,杭湖区域公司,,C,污水,",,市政污水处理",,执行中,0,,,,,,0.7,0.7,0.7,,,,,,,,,,,,,,,,,,,,,,,,,,,XS2024030400800,2024-03-15 00:00:00,2024-07-31 00:00:00,2024-08-15 00:00:00,2024-09-16 00:00:00,2024-09-23 00:00:00,2025-09-30 00:00:00,2024-03-15 00:00:00,,,2025-09-19 00:00:00,,,,,投标增量,,,,0,0,,,,2025-09-19 00:00:00,2025-09-30 00:00:00,1.2,1.2,2,2,6.4,0,0,0,0,0,0,0,0,0,1000,1000,0,2000,,,,,,,,,,,,,,,,,,,,,,,,,,,,,,,,,,,,,,,,,,,,,,,是,YXXS2024030400800,,,,,,,,,否,,,,BOT,3类-空白区域,EPCO,服务,委托运营,,,,,,,,,,,2023,Q3
305,计划,山西省太原市再生水回供南沙河项目,5正式评审,东部大区,太原区域公司,,A,再生水,",销售经营类ToB,",,执行中,0.54,1620,0,0,3780,0,,,,,,,,,,,,,,,,,,,,,,,,3.6,3.6,,5364.09,1.6,,XS2024040100860,2024-04-02 00:00:00,2024-05-10 00:00:00,2024-06-20 00:00:00,2024-06-20 00:00:00,2024-08-09 00:00:00,2024-12-31 00:00:00,2024-04-02 00:00:00,2024-05-10 00:00:00,2024-06-20 00:00:00,,2024-07-31 00:00:00,,北控水务（中国）投资有限公司,,非投标增量,,30,99.96,7,7.5,否,,,,2024-12-31 00:00:00,4.2,4.2,6.3,6.3,21,0,0,0,0,0,0,0,65,385.31,458.94,543.16,172.81,1625.22,,,,,,,,,,,,,,0,0,2024-10-16 00:00:00,,,,,,,,5368.88,1625.95,0,0,3742.95,0,0,0,0,0,0,0,2024-08-29 00:00:00,2025-12-25 00:00:00,2025-12-26 00:00:00,,,,,,,,,是,YXXS2024040100860,0,0,0,0,0,0,,否,是,,,,BOT,1类-保履约,其他,服务,委托运营,,实际为保履约BOT项目，为录入售水合同收入，选择轻资产模式,,,,,,,5,,2023,Q3
306,计划,四川省宜宾市三江新区白沙堰及管网项目,1市场阶段,西部大区,宜宾区域公司,,C,"排水管网, 水环境综合治理",",,",,执行中,0,,,,,,,,,,,,,,,,,390,390,,,,,,,,,,,,,,,,白沙堰，左支起点为河湾水库，右支起点为向鱼口水库，终点为峥嵘路尽头，约9km河道长度。绿地面积259789.53m2、水体面积35550.00m2。,XS2023111600472,2023-12-01 00:00:00,2024-05-30 00:00:00,2024-08-30 00:00:00,2024-09-30 00:00:00,2024-10-30 00:00:00,2024-11-30 00:00:00,2023-12-01 00:00:00,2024-05-27 00:00:00,,2024-09-01 00:00:00,,,,,投标增量,,,,0,0,,,,2024-09-01 00:00:00,2024-11-30 00:00:00,0,2,5,5,12,0,0,0,0,0,0,0,0,0,0,0,60,60,,,,,,,,,,,,,,,,,,,,,,,,,,,,,,,,,,,,,,,,,,,,,,,是,YXXS2023111600472,,,,,,,,,是,,,,,,OM,服务,委托运营,,,,,,,,,3,,2023,Q3
307,计划,辽宁省阜新市海州区,1市场阶段,北部大区,东北业务区,,C,污水,",,市政污水处理",,执行中,0.3,,,,,,3,3,3,,,,,,,,,,,,,,,,,,,,,,,,,,,XS2023112100557,,2024-09-30 00:00:00,2024-10-31 00:00:00,2024-11-11 00:00:00,2024-11-30 00:00:00,2024-12-31 00:00:00,2024-04-15 09:45:00,,,,,,,,投标增量,,,,8,8,,,,,2024-12-31 00:00:00,2.46,2.46,2.46,2.46,9.84,0,0,0,0,0,0,0,0,0,0,0,680,680,,,,,,,,,,,,,,,,,,,,,,,,,,,,,,,,,,,,,,,,,,,,,,,是,YXXS2023112100557,,,,,,,,,否,,,,TOT,2类-存带增,,,,,,,,,,,,,,2023,Q3
308,计划,实康污水处理厂委托运营,60,东部大区,苏皖业务区,仪征实康污水处理厂,C,污水,",,市政污水处理",,已完成（已签约）,0,0,0,0,0,0,5,5,0,0,1.11,,,,,,,,,,,,,,,,,,,,,,,,,XS2023122000727,2023-12-15 00:00:00,2023-12-25 00:00:00,2023-12-25 00:00:00,2023-12-27 00:00:00,2023-12-29 00:00:00,2024-03-01 00:00:00,2023-12-22 00:00:00,2023-12-24 00:00:00,2023-12-25 00:00:00,2023-12-27 00:00:00,2023-12-29 00:00:00,2024-03-01 00:00:00,其他,,非投标增量,,0,0,8,8,否,,,2023-12-27 00:00:00,2024-03-01 00:00:00,4,4,4,4.3,16.3,0,0,0,0,0,0,0,0,0,0,0,0,0,,,,,,,,,,,,,,0,无,2023-12-26 00:00:00,,,,,,,,0,0,0,0,0,0,0,0,0,0,0,0,2023-12-27 00:00:00,2023-12-28 00:00:00,2024-01-01 00:00:00,0,0,,,,,0,0,是,YXXS2023122000727,0,0,0,0,0,0,,是,是,,,,,,OM,服务,委托运营,,,其他,,,,,,10,,2023,Q3
309,计划,涧西城市市政绿化环卫一体化大管家项目,60,东部大区,洛阳区域公司,,C,环卫,",,",,已完成（已签约）,0,,,,,,,,,,,,,,,,,,,,,,,,,,,,,,,,,,,XS2024032100846,2024-03-28 00:00:00,2023-05-30 00:00:00,2023-06-30 00:00:00,2024-02-02 00:00:00,2024-01-29 00:00:00,2024-03-24 00:00:00,2023-03-28 00:00:00,2023-05-30 00:00:00,2023-06-30 00:00:00,2024-02-02 00:00:00,2024-01-29 00:00:00,2024-03-20 00:00:00,,,投标增量,,,,8,8,,,,2024-02-02 00:00:00,2024-03-24 00:00:00,,,,,,,,,,,,,,,,,,,,,,,,,,,,,,,,,,,,,,,,,,,,,,,,,,,,,,,,,,,,,,,,,是,YXXS2024032100846,,,,,,,,,是,,,,,,OM,服务,委托运营,,,,,,,,,3,,2023,Q3
310,否,河北省承德市承德市中心城区污水PPP项目,2立项策划,北部大区,东北业务区,,C,污水,",,市政污水处理",,执行中,7,21000,0,0,49000,0,17.5,17.5,17.5,70000,,0,0,0,,,,0,0,,,,,,0,0,0,,,0,0,,,,0,,,2019-08-15 00:00:00,2023-03-15 00:00:00,2023-10-31 00:00:00,2023-12-10 00:00:00,2023-12-31 00:00:00,,2019-08-15 00:00:00,,,,,,,投标增量,,,,7.5,10,,,,,2023-12-31 00:00:00,1,15,15,30.25,61.25,0,0,0,0,0,0,0,0,0,0,0,21000,21000,0,0,0,0,0,0,0,0,0,0,0,56000,56000,,,,,0,0,0,0,0,0,0,0,0,0,0,0,0,0,0,0,0,0,,,,,,,,,,,,,YXCSH2023051,70000,21000,49000,0,0,0,,,是,,,,TOT,,,,,,,,,,,,,,,2023,Q3
311,否,承德市滦平县德龙污水处理厂股权转让项目,2立项策划,北部大区,东北业务区,,C,污水,",,市政污水处理",,执行中,2,,,,,,6,6,6,,,,,,,,,,,,,,,,,,,,,,,,,,0,,,,,,,,,,,,,,,,,,,,7,10,,,,,,2.5,2.5,2.5,2.5,10,,,,,,,,,,,,,0,,,,,,,,,,,,,0,,,,,,,,,,,,,,,,,,,,,,,,,,,,,,,,,,,YXCSH2023015,,,,,,,,,是,,,,并购,,,,,,并购,,,,,,,,,2023,Q3
312,计划,四川省绵阳市华润雪花啤酒厂技术服务,60,西部大区,绵阳区域公司,绵阳区域公司,C,污水,",,工业污水处理",,已完成（已签约）,0,0,0,0,0,0,0.07,0.07,0,0,3.5,,,,,,,,,,,,,,,,,,,,,,,,,XS2023112300622,2023-11-20 00:00:00,2024-03-31 00:00:00,2024-04-02 00:00:00,2024-03-31 00:00:00,2024-04-04 00:00:00,2024-04-12 00:00:00,2023-12-01 00:00:00,2024-03-20 00:00:00,2024-03-21 00:00:00,2024-03-02 00:00:00,2024-03-22 00:00:00,2024-03-27 00:00:00,北控中科成环保集团有限公司,,非投标增量,,100,100,100,100,否,,,2024-03-02 00:00:00,2024-04-12 00:00:00,,,,,,,,,,,,,,,,,,,,,,,,,,,,,,,,0,无,2024-03-27 00:00:00,,,,,,,,0,0,0,0,0,0,0,0,0,0,0,0,2024-03-27 00:00:00,2024-03-27 00:00:00,2024-03-27 00:00:00,0,60,360,0,3.5,0,38.8,12.67,是,YXXS2023112300622,0,0,0,0,0,0,,是,是,,,,,,其他,服务,技术咨询,,,其他,,,,,,1,,2023,Q3
313,实际,西南设计院技术咨询服务项目,60,西部大区,绵阳区域公司,绵阳区域公司,C,其他,",,",,已完成（已签约）,0,0,0,0,0,0,,,,,,,,,,,,,,,,,,,,,,,,,,,,,,XS2024032900859,2024-02-06 00:00:00,2024-02-28 00:00:00,2024-03-13 00:00:00,2024-04-30 00:00:00,2024-03-29 00:00:00,2024-04-30 00:00:00,2024-03-01 00:00:00,2024-02-20 00:00:00,2024-03-01 00:00:00,2024-03-20 00:00:00,2024-03-06 00:00:00,2024-03-20 00:00:00,其他,无需投资,非投标增量,,30,100,50,50,否,,,2024-03-20 00:00:00,2024-04-30 00:00:00,,,,,,,,,,,,,,,,,,,,,,,,,,,,,,,,0,无,2024-06-19 00:00:00,,,,,,,,0,0,0,0,0,0,0,0,0,0,0,0,2024-06-19 00:00:00,2024-06-19 00:00:00,2024-06-19 00:00:00,0,0,,,,,0,0,是,YXXS2024032900859,0,0,0,0,0,0,,否,是,,,,,,其他,服务,技术咨询,,,轻资产，无建设内容,,,,,,1,,2023,Q3
314,实际,潜山市污水处理厂提标改造项目委托运营2023,2立项策划,东部大区,苏皖业务区,潜山污水处理厂,A+,污水,",,市政污水处理",,已完成（已签约）,0,0,0,0,0,0,4,4,0,0,0.24,,,,,,,,,,,,,,,,,,,,,,,,,XS2023122900739,2024-03-01 00:00:00,2024-04-25 00:00:00,2024-05-30 00:00:00,2024-01-04 00:00:00,2024-06-20 00:00:00,2024-06-30 00:00:00,2024-01-02 11:41:59,2024-01-03 00:00:00,2024-01-03 00:00:00,2024-01-04 00:00:00,2024-01-05 00:00:00,2024-01-05 00:00:00,北控中科成环保集团有限公司,潜山环保亚同有限公司,非投标增量,,0,100,53,53,否,,,2024-01-04 00:00:00,2024-06-30 00:00:00,,,,,,,,,,,,,,,,,,,,,,,,,,,,,,,,0,潜山亚同环保有限公司,2024-01-05 00:00:00,,,,,,,,0,0,0,0,0,0,0,0,0,0,0,0,2022-01-01 00:00:00,2022-12-31 00:00:00,2023-01-01 00:00:00,0,0,12,3.6,0.24,0.06,0,1.5,是,YXXS2023122900739,0,0,0,0,0,0,,否,是,,,,,,OM,服务,委托运营,,提标改造项目委托运营,技改,,,,,,1,,2023,Q3
315,计划,霍州市城区管网诊断项目,5正式评审,东部大区,晋临区域公司,,C,排水管网,",,",,执行中,0,0,0,0,0,0,,,,,,,,,,,,122,122,,0,0,0,0,,,,,,,,,,,,XS2024032700853,2024-03-27 00:00:00,2024-05-10 00:00:00,2024-05-24 00:00:00,2024-07-25 00:00:00,2024-07-24 00:00:00,2024-07-30 00:00:00,2024-03-27 00:00:00,2024-05-08 00:00:00,2024-05-24 00:00:00,2024-07-08 00:00:00,,,其他,北控城排（青岛）环境科技有限公司？,投标增量,,100,100,0,0,否,,,2024-07-08 00:00:00,2024-07-30 00:00:00,0.37,0.37,0.55,0.55,1.84,0,0,0,0,0,0,0,0,0,0,0,0,0,,,,,,,,,,,,,,10,北控城排（青岛）环境科技有限公司,2024-07-10 00:00:00,,,,,,,,0,0,0,0,0,0,0,0,0,0,0,0,2024-07-26 00:00:00,2024-09-27 00:00:00,2024-10-10 00:00:00,,,,,,,,,是,YXXS2024032700853,0,0,0,0,0,0,,否,是,,,,,,其他,服务,技术咨询,,,,,,,,,1,,2023,Q3
316,否,河南省安阳市内黄县,1市场阶段,东部大区,郑州业务区,,C,污水,",,市政污水处理",,已暂停,0.8,,,,,,2,2,2,,,,,,,,,,,,,,,,,,,,,,,,,,,XS2023110700040,2023-12-08 00:00:00,2025-06-30 00:00:00,2025-07-31 00:00:00,2024-09-30 00:00:00,2025-08-29 00:00:00,2025-11-28 00:00:00,2023-12-08 00:00:00,,,,,,,,非投标增量,,,,0,0,,,,,2025-11-28 00:00:00,,,,,,,,,,,,,,,,,,,,,,,,,,,,,,,,,,,,,,,,,,,,,,,,,,,,,,,,,,,,,,,,,否,YXXS2023110700040,,,,,,,,,是,,,,,,EPCO,服务,委托运营,,,,,,,,,,,2023,Q3
317,否,宜宾市清源水务股权合作项目,1市场阶段,西部大区,宜宾区域公司,,,供水,"水司,,",,执行中,0,0,0,0,0,0,0,0,0,0,0,0,51,0,0,0,,,,,,,,,,,,,,,,,,,无,,2022-02-01 00:00:00,2022-07-04 00:00:00,2022-08-21 00:00:00,,2022-09-30 00:00:00,2022-12-31 00:00:00,,2022-07-01 00:00:00,,,,,,,非投标增量,,,,0,0,,,,,2022-12-31 00:00:00,5,5,5,5,20,,,,,,,,,,,,,0,,,,,,,,,,,,,0,,,,,,,,,,,,,,,,,,,,,,,,,,,,,,,,,,,YXCSH2023090,,,,,,,,,,,,,并购,,,,,,通过增资扩股进入宜宾供水市场；考虑通过股权收购增加南岸厂持股比例,,,,,,,,,2023,Q3
318,否,浙江省台州市黄岩宁溪污水处理厂,2立项策划,东部大区,台州区域公司,,C,污水,",,市政污水处理",,已终止,0,,,,,,0.5,0.5,0,,,,,,,,,,,,,,,,,,,,,,,,,,,XS2024041500882,,2024-06-24 00:00:00,2024-06-25 00:00:00,2024-06-26 00:00:00,2024-06-27 00:00:00,2024-07-31 00:00:00,2024-04-20 23:09:02,,,2024-06-28 00:00:00,,,,,投标增量,,,,0,0,,,,2024-06-28 00:00:00,2024-07-31 00:00:00,,,,,,,,,,,,,,,,,,,,,,,,,,,,,,,,,,,,,,,,,,,,,,,,,,,,,,,,,,,,,,,,,是,YXXS2024041500882,,,,,,,,,是,,,,,,OM,服务,委托运营,,,,,,,,,5,,2023,Q3
319,计划,青岛市高新区污水处理厂一期提标及二期扩建委托运营项目,6项目签约,东部大区,青岛区域公司,青岛高新区污水处理厂,A+,污水,",,市政污水处理, 市政污水处理",,执行中,0,0,0,0,0,0,18,18,0,0,0.87,0,0,0,,,,0,0,,,,,,0,0,0,,,0,0,,,,0,YXCSH2023237,2023-05-15 00:00:00,2024-05-15 00:00:00,2024-05-18 00:00:00,2024-11-23 00:00:00,2024-06-28 00:00:00,2024-07-31 00:00:00,2023-05-15 00:00:00,2024-05-17 00:00:00,2024-05-21 00:00:00,2024-05-21 00:00:00,2024-06-26 00:00:00,,青岛高新区北控水务有限公司,既存项目公司以OM方式获取委托运营项目,非投标增量,,100,20.19,14.21,14.21,否,,,2024-05-21 00:00:00,2024-07-31 00:00:00,0,0,12.3,0,12.3,0,0,0,0,0,0,0,0,0,0,0,0,0,0,0,0,0,0,0,0,0,0,0,0,0,0,0,0,2024-06-28 00:00:00,,,,,,,,0,0,0,0,0,0,0,0,0,0,0,0,2023-09-22 00:00:00,2024-04-26 00:00:00,2024-05-30 00:00:00,0,0,60,9,0.87,0.98,0,0,是,YXCSH2023237,0,0,0,0,0,0,,是,是,,,,ROT,,OM,服务,委托运营,,OM项目，水价分3个部分：（1）一期工程污水处理服务费单价：0.87元/吨； （2）一期提标部分污水处理服务费单价：0.2134元/吨； （3）二期扩建部分污水处理服务费单价：0.9192元/吨。,不涉及建设,,,,,,5,,2023,Q3
320,否,贵州省黔南州都匀市中水回用工程委托运营项目,1市场阶段,西部大区,直管运营群_贵州,,C,再生水,",销售经营类ToB,",,执行中,0,,,,,,,,,,,,,,,,,,,,,,,,,,,,,0.03,0.03,,,,,XS2023111600468,2024-04-30 00:00:00,2024-09-30 00:00:00,2024-12-31 00:00:00,,2025-02-28 00:00:00,2025-03-31 00:00:00,2024-04-17 15:59:45,,,,,,,,非投标增量,,,,0,0,,,,,2025-03-31 00:00:00,,,,,,,,,,,,,,,,,,,,,,,,,,,,,,,,,,,,,,,,,,,,,,,,,,,,,,,,,,,,,,,,,是,YXXS2023111600468,,,,,,,,,是,,,,,,OM,服务,委托运营,,,,,,,,,1,,2023,Q3
321,否,贵州省黔南州都匀市污水管网委托运营项目,1市场阶段,西部大区,直管运营群_贵州,,C,排水管网,",,",,执行中,0,,,,,,,,,,,,,,,,,54,54,,,,,,,,,,,,,,,,,XS2023111600469,2024-04-30 00:00:00,2024-09-30 00:00:00,2024-12-31 00:00:00,2025-01-31 00:00:00,2025-02-28 00:00:00,2025-03-31 00:00:00,2024-04-17 15:59:22,,,,,,,,投标增量,,,,0,0,,,,,2025-03-31 00:00:00,,,,,,,,,,,,,,,,,,,,,,,,,,,,,,,,6,都匀市北控污水处理有限公司,2024-10-31 00:00:00,,,,,,,,,,,,,,,,,,,,,,,,,,,,,,,是,YXXS2023111600469,,,,,,,,,是,,,,,,OM,服务,委托运营,,,,,,,,,3,,2023,Q3
322,计划,江苏省苏州市昆山市2024北区污水厂尾水再利用同心河生态补水项目,2立项策划,东部大区,北京建工环境,,A,污水,",,市政污水处理",,执行中,0,,,,,,5,5,0,,,,,,,,,,,,,,,,,,,,,,,,,,,XS2024042600912,2024-04-28 00:00:00,2025-04-10 00:00:00,2024-05-15 00:00:00,,2024-05-20 00:00:00,2024-05-30 00:00:00,2024-04-28 14:56:04,,,,,,,,非投标增量,,,,58,58,,,,,2024-05-30 00:00:00,,,,,,,,,,,,,,,,,,,,,,,,,,,,,,,,,,,,,,,,,,,,,,,,,,,,,,,,,,,,,,,,,是,YXXS2024042600912,,,,,,,,,是,,,,,,OM,服务,委托运营,,,,,,,,,1,,2023,Q3
323,否,贵州省遵义市南北郊水厂技术服务项目,1市场阶段,西部大区,贵阳区域公司,,C,供水,"制水,,",,已终止,0,,,,,,,,,,,20,20,0,,,,,,,,,,,,,,,,,,,,,,XS2023111600458,2023-11-27 00:00:00,2024-03-05 00:00:00,2024-03-26 00:00:00,2024-04-05 00:00:00,2024-05-02 00:00:00,2024-06-05 00:00:00,2023-11-27 10:34:17,,,,,,,,非投标增量,,,,10,10,,,,,2024-06-05 00:00:00,1,1,1,0,3,0,0,0,0,0,0,0,0,0,0,0,0,0,0,0,0,0,0,0,0,0,0,0,0,0,0,0,无,2023-11-30 00:00:00,,,,,,,,,,,,,,,,,,,,2024-06-01 00:00:00,2024-06-01 00:00:00,2024-06-01 00:00:00,,,,,,,,,否,YXXS2023111600458,,,,,,,,,是,,,,,,其他,服务,"技术咨询, 委托运营",,,,,,,,,1,,2023,Q3
324,计划,湖北省武汉市东湖新技术开发区豹澥污水厂二期委托运维项目,2立项策划,南部大区,鄂赣业务区,,C,污水,",,市政污水处理",,执行中,0,,,,,,11,11,0,,,,,,,,,,,,,,,,,,,,,,,,,,,XS2023111000409,2023-11-27 00:00:00,2024-07-15 00:00:00,2024-09-30 00:00:00,2024-10-24 00:00:00,2024-12-01 00:00:00,2024-12-15 00:00:00,2023-11-27 00:00:00,,,2024-11-20 00:00:00,,,,,投标增量,,,,0,0,,,,2024-11-20 00:00:00,2024-12-15 00:00:00,,,,,,,,,,,,,,,,,,,,,,,,,,,,,,,,,,,,,,,,,,,,,,,,,,,,,,,,,,,,,,,,,是,YXXS2023111000409,,,,,,,,,是,,,,,,OM,服务,委托运营,,,,,,,,,3,,2023,Q3
325,否,郴州市汝城县污水厂委托运营项目群,3方案策划,南部大区,永州区域公司,,C,污水,",,市政污水处理",,已终止,0,0,0,0,0,0,2,2,0,0,,,,,,,,,,,,,,,,,,,,,,,,,,,2023-08-29 00:00:00,2023-08-09 00:00:00,2025-11-28 00:00:00,2025-04-30 00:00:00,2025-05-31 00:00:00,2025-06-30 00:00:00,2023-11-01 00:00:00,2023-08-09 00:00:00,,2025-04-30 00:00:00,,,,,投标增量,,,,0,0,,,,2025-04-30 00:00:00,2025-06-30 00:00:00,0,0,0,1,1,,,,,,,,,,,,,,,,,,,,,,,,,,,,,,,0,,,,,,,,,,,,,,,,,,2024-06-30 00:00:00,2024-06-30 00:00:00,2024-06-30 00:00:00,,,,,,,,,否,YXCSH2023308,,,,,,,,否,是,,,,OM,,OM,服务,委托运营,,委托运营项目,,,,,,,5,,2023,Q3
326,否,增城区中心城区污水处理厂扩容工程,3方案策划,南部大区,广佛区域公司,,B,污水,",,市政污水处理, 市政污水处理",,已暂停,0,0,0,0,0,0,7,7,7,0,1,,,,,,,,,,,,,,,,,,,,,,,,无,YXCSH2023117,2023-11-01 00:00:00,2023-03-06 00:00:00,2023-04-05 00:00:00,2024-08-01 00:00:00,2024-09-01 00:00:00,2024-10-09 00:00:00,2023-11-01 00:00:00,2023-03-06 00:00:00,,,,,,,非投标增量,,,,7,9,,,,,2024-10-09 00:00:00,5.25,5.25,5.25,5.25,21,0,0,0,0,0,0,0,0,0,100,0,0,100,0,0,0,0,0,0,0,0,0,0,0,0,0,80,北控水务（中国）投资有限公司,2024-07-15 00:00:00,,,,,,,,,,,,,,,,,,,,2024-10-09 00:00:00,2025-10-09 00:00:00,2025-11-09 00:00:00,,,,,,,,,否,YXCSH2023117,,,,,,,,是,是,,,,BOT,,EPCO,服务,"工程管理, 委托运营",,EPCO,,,,,,,,,2023,Q3
327,否,贵州省黔东南州凯里市经开区开元水务股权合作项目,1市场阶段,西部大区,黔东南区域公司,,C,供水,"水司(主营业务),,",,已暂停,0.8,,,,,,,,,,,5,5,5,,,,,,,,,,,,,,,,,,,,,,XS2023111600457,2023-11-29 00:00:00,2024-03-31 00:00:00,2024-06-30 00:00:00,2024-08-10 00:00:00,2024-09-10 00:00:00,2024-09-30 00:00:00,2023-11-28 10:22:18,,,,,,,,并购增量,,,,0,0,,,,,2024-09-30 00:00:00,3.75,3.75,3.75,3.75,15,0,0,0,0,0,0,0,0,2800,0,0,0,2800,0,0,0,0,0,0,0,0,0,0,0,0,0,,,,,,,,,,,,,,,,,,,,,,,,,,,,,,,,,,否,YXXS2023111600457,,,,,,,8000,,否,,,,股权转让,2类-存带增,,,,,资产抵顶模式,,,,,,,,,2023,Q3
328,计划,北控装备设备采购总包项目,60,东部大区,临沂区域公司,临沂高新技术产业开发区污水处理厂,A+,"其他, 污水",",,市政污水处理",,已完成（已签约）,0.2886,0,0,2886,0,0,3,3,3,3,1.18,,,,,,,,,,,,,,,,,,,,,,,,,XS2024040300865,,2024-06-03 00:00:00,2024-06-03 00:00:00,2024-05-30 00:00:00,2024-06-14 00:00:00,2024-06-17 00:00:00,2024-04-08 15:55:36,2024-06-04 00:00:00,2024-06-04 00:00:00,2024-05-30 00:00:00,,,其他,,投标增量,,0,0,0,0,否,,,2024-05-30 00:00:00,2024-06-17 00:00:00,,,,,,,,,,,,,,,,,,,,,,,,,,,,,,,,0,无,2024-05-27 00:00:00,,,,,,,,2886,0,0,2886,0,2886,0,0,0,0,0,0,2024-06-28 00:00:00,2025-08-11 00:00:00,2025-09-01 00:00:00,0,0,,,,,0,0,是,YXXS2024040300865,0,0,0,0,0,0,,否,是,,,,,,其他,产品,,环保装备,,新建,,,,,,0,,2023,Q3
329,否,辽宁盘锦水务集团混改项目,1市场阶段,北部大区,盘锦区域公司,,C,供水,"水司, 水司(主营业务),,",,已暂停,0,,,,,,,,,,,86,61,61,,,,,,,,,,,,,,,,,,,,,,,,2023-08-15 00:00:00,2024-09-30 00:00:00,2024-10-31 00:00:00,2024-11-30 00:00:00,2024-12-31 00:00:00,2023-04-25 00:00:00,,,,,,,,并购增量,,,,6,6,,,,,2024-12-31 00:00:00,20,20,20,20,80,0,0,0,0,0,0,0,0,0,0,500,0,500,0,0,0,0,0,0,0,0,0,0,0,0,0,,,,,,,,,,,,,,,,,,,,,,,,,,,,,,,,,,否,YXCSH2023003,,,,,,,0,,否,,,,混改,2类-存带增,,,,,,,,,,,,,,2023,Q3
330,实际,太仓城东污水厂一二期深度及三期委托运营项目,60,东部大区,北京建工环境,,A+,污水,",,市政污水处理",,已完成（已签约）,0,,,,,,7,5,7,,,,,,,,,,,,,,,,,,,,,,,,,,,XS2023120700695,2023-12-14 00:00:00,2023-12-20 00:00:00,2023-12-21 00:00:00,2023-12-15 00:00:00,2023-12-22 00:00:00,2023-12-31 00:00:00,2023-12-14 00:00:00,,,,,,,,非投标增量,,,,0,0,,,,,2023-12-31 00:00:00,,,,,,,,,,,,,,,,,,,,,,,,,,,,,,,,,,,,,,,,,,,,,,,,,,,,,,,,,,,,,,,,,是,YXXS2023120700695,,,,,,,,,是,,,,,,OM,服务,委托运营,,,,,,,,,1,,2023,Q3
331,实际,云南省临沧市凤庆县第二污水处理厂TOT项目,60,西部大区,昆明区域公司,,C,污水,",,市政污水处理",,已完成（已签约）,0.48,,,,,,1,1,1,,,,,,,,,,,,,,,,,,,,,,,,,,,XS2023112000551,2022-04-20 00:00:00,2022-04-24 00:00:00,2023-10-19 00:00:00,2023-11-30 00:00:00,2023-12-15 00:00:00,2023-12-31 00:00:00,2024-04-22 16:52:21,,,2023-11-30 00:00:00,,,,,投标增量,,,,8.03,12.17,,,,2023-11-30 00:00:00,2023-12-31 00:00:00,,,,,,,,,,,,,,,,,,,,,,,,,,,,,,,,,,,,,,,,,,,,,,,,,,,,,,,,,,,,,,,,,是,YXXS2023112000551,,,,,,,,,否,,,,TOT,2类-存带增,,,,,,,,,,,,,,2023,Q3
332,实际,湖南省岳阳市湘阴县城乡垃圾收转运及城市垃圾分类市场化运营项目,60,南部大区,长沙区域公司,,A+,环卫,",,",,已完成（已签约）,0,0,0,0,0,0,,,,,,,,,,,,,,,,,,,,,,,,,,,,,,XS2024042500910,2024-05-24 00:00:00,2023-12-31 00:00:00,2024-01-01 00:00:00,2024-02-10 00:00:00,2024-02-20 00:00:00,2024-03-01 00:00:00,2024-05-24 14:00:12,2023-12-31 00:00:00,2024-01-01 00:00:00,2024-02-10 00:00:00,2024-02-20 00:00:00,2024-03-01 00:00:00,其他,0,投标增量,北控城市环境服务集团,0,0,0,0,否,,,2024-02-10 00:00:00,2024-03-01 00:00:00,0,0,0,0,0,0,0,0,0,0,0,0,0,0,0,0,0,0,,,,,,,,,,,,,,,,,,,,,,,,0,0,0,0,0,0,0,0,0,0,0,0,,,,0,0,,,,,0,0,是,YXXS2024042500910,0,0,0,0,0,0,,是,是,,0,49,,,其他,服务,技术咨询,,,新建,,,,,,1,,2023,Q3
333,计划,鹤山市沙坪河综合整治工程（第二期）项目运营维护服务项目,60,南部大区,江门区域公司,南部大区,C,水环境综合治理,",,",,已完成（已签约）,0,0,0,0,0,0,,,,,,,,,,,,,,,,,,,,,,,,,,,,,,XS2024040900873,2023-11-01 00:00:00,2023-12-22 00:00:00,2023-12-29 00:00:00,2024-01-08 00:00:00,2024-04-01 00:00:00,2024-01-18 00:00:00,2024-05-23 14:45:33,2023-12-22 00:00:00,2023-12-29 00:00:00,2024-01-08 00:00:00,2024-04-01 00:00:00,2024-04-18 00:00:00,北控水务（中国）投资有限公司,,投标增量,,0,100,0,0,否,,,2024-01-08 00:00:00,2024-01-18 00:00:00,5,1.94,0,0,6.94,0,0,0,0,0,0,0,0,0,0,0,0,0,,,,,,,,,,,,,,,,,,,,,,,,0,0,0,0,0,0,0,0,0,0,0,0,,,,0,0,,,,,0,0,是,YXXS2024040900873,0,0,0,0,0,0,,否,是,,,,,,OM,服务,委托运营,,鹤山市水利局通过公开招标选定北控水务承接本项目运维，运维期3年,其他,,,,,,3,,2023,Q3
334,计划,东莞市石龙污水厂二期扩容委托运营（含污泥减量委托运营）,2立项策划,南部大区,莞惠区域公司,,B,污水,",,市政污水处理, 市政污水处理",,执行中,0,,,,,,1,1,0,,,,,,,,,,,,,,,,,,,,,,,,,,无,,2023-09-07 00:00:00,2025-07-28 00:00:00,2025-09-23 00:00:00,,2025-11-29 00:00:00,2025-12-31 00:00:00,2023-09-07 00:00:00,,,,,,,,非投标增量,,,,0,0,,,,,2025-12-31 00:00:00,0.5,0.5,1,1,3,0,0,0,0,0,0,0,0,0,0,0,0,0,0,0,0,0,0,0,0,0,0,0,0,0,0,,,,,,,,,,,,,,,,,,,,,,,,,,,,,,,,,,否,YXCSH2023140,,,,,,,,,是,,,,OM,,OM,服务,委托运营,,由东莞水务建设，拟采购我司设备，并于建成后委托我司运营（一期BOT本身就是我司在运营，两期用地和设施有公共部分）,,,,,,,10,,2023,Q3
335,计划,山东省枣庄市市中区市容环境卫生服务中心公厕、 垃圾中转站保洁服务及道路保洁服务项目,60,东部大区,枣庄区域公司,东部大区,A+,环卫,",,",,已完成（已签约）,0,0,0,0,0,0,,,,,,,,,,,,,,,,,,,,,,,,,,,,,,XS2024041200878,,2023-11-15 00:00:00,2023-12-01 00:00:00,2024-01-11 00:00:00,2024-01-17 00:00:00,2024-01-29 00:00:00,2024-04-22 17:54:31,2024-01-04 00:00:00,2024-01-04 00:00:00,2024-01-15 00:00:00,2024-01-15 00:00:00,2024-01-10 00:00:00,其他,,投标增量,,0,100,13,13,否,,,2024-01-15 00:00:00,2024-01-29 00:00:00,1.39,0,0,0,1.39,0,0,0,0,0,0,0,0,0,0,0,0,0,,,,,,,,,,,,,,,,,,,,,,,,0,0,0,0,0,0,0,0,0,0,0,0,,,,0,0,,,,,0,0,是,YXXS2024041200878,0,0,0,0,0,0,,否,是,,,,,,OM,服务,委托运营,,,其他,,,,,,3,,2023,Q3
336,计划,新疆维吾尔自治区喀什地区叶城县第二污水处理厂技术服务项目,60,西部大区,直管运营群_新疆及其他,巴楚北控水务有限公司,C,污水,",,市政污水处理",,已完成（已签约）,0,0,0,0,0,0,3.5,3.5,3.5,0,0,,,,,,,,,,,,,,,,,,,,,,,,,XS2024050700928,2024-01-10 00:00:00,2024-01-10 00:00:00,2024-01-10 00:00:00,,2024-01-10 00:00:00,2024-03-02 00:00:00,2024-05-07 15:09:48,2024-01-10 00:00:00,2024-01-10 00:00:00,,2024-01-31 00:00:00,2024-03-02 00:00:00,巴楚北控水务有限公司,当地项目公司,非投标增量,,100,100,0,0,否,,,,2024-03-02 00:00:00,,,,,,,,,,,,,,,,,,,,,,,,,,,,,,,,,,,,,,,,,,0,0,0,0,0,0,0,0,0,0,0,0,,,,0,0,,,,,0,0,是,YXXS2024050700928,0,0,0,0,0,0,,否,是,,,,,,其他,服务,技术咨询,,技术服务,技术服务,,,,,,0.5833,,2023,Q3
337,计划,新疆维吾尔自治区喀什地区英吉沙县污水处理厂技术服务项目,60,西部大区,直管运营群_新疆及其他,巴楚北控水务有限公司,C,污水,",,市政污水处理",,已完成（已签约）,0,0,0,0,0,0,4.5,4.5,4.5,0,0,,,,,,,,,,,,,,,,,,,,,,,,,XS2024050700929,2024-04-22 00:00:00,2024-04-30 00:00:00,2024-04-30 00:00:00,,2024-04-30 00:00:00,2024-05-03 00:00:00,2024-05-07 16:13:22,2024-04-30 00:00:00,2024-04-30 00:00:00,,2024-04-30 00:00:00,2024-05-03 00:00:00,巴楚北控水务有限公司,当地项目公司,非投标增量,,100,100,0,0,否,,,,2024-05-03 00:00:00,,,,,,,,,,,,,,,,,,,,,,,,,,,,,,,,,,,,,,,,,,0,0,0,0,0,0,0,0,0,0,0,0,,,,0,0,,,,,0,0,是,YXXS2024050700929,0,0,0,0,0,0,,否,是,,,,,,其他,服务,技术咨询,,技术咨询,技术服务,,,,,,0.33,,2023,Q3
338,计划,百色市中心城区污水处理系统治理 一期工程项目智能截流井设备采购,60,南部大区,百色区域公司,百色北控水务科技有限公司,A+,污水,",,市政污水处理",,已完成（已签约）,0,0,0,0,0,0,0,0,0,0,0,,,,,,,,,,,,,,,,,,,,,,,,,XS2024050800944,2023-07-10 00:00:00,2023-09-01 00:00:00,2023-10-10 00:00:00,,2023-11-10 00:00:00,2024-01-30 00:00:00,2024-05-23 15:57:25,2023-09-01 00:00:00,2023-10-10 00:00:00,,2023-11-10 00:00:00,2024-01-30 00:00:00,其他,,非投标增量,,0,0,0,0,否,,,,2024-01-30 00:00:00,2,1,0,0,3,0,0,0,0,0,0,0,0,0,0,0,0,0,,,,,,,,,,,,,,,,,,,,,,,,0,0,0,0,0,0,0,0,0,0,0,0,,,,0,0,,,,,0,0,是,YXXS2024050800944,0,0,0,0,0,0,,是,是,,,,,,其他,产品,,环保装备,,新建,,,,,,0,,2023,Q3
339,否,乐山市五通桥区工业污水处理厂二期项目,1市场阶段,西部大区,成都区域公司,,C,污水,",,工业污水处理",,执行中,0,,,,,,9.2,9.2,0,,,,,,,,,,,,,,,,,,,,,,,,,,,XS2024052800994,,2024-05-27 00:00:00,2024-08-30 00:00:00,2024-10-18 00:00:00,2024-11-25 00:00:00,2024-12-30 00:00:00,2024-05-28 14:55:31,,,2024-10-18 00:00:00,,,,,投标增量,,,,9,9,,,,2024-10-18 00:00:00,2024-12-30 00:00:00,,,,,,,,,,,,,,,,,,,,,,,,,,,,,,,,,,,,,,,,,,,,,,,,,,,,,,,,,,,,,,,,,是,YXXS2024052800994,,,,,,,,,是,,,,,,OM,服务,委托运营,,,,,,,,,2,,2023,Q3
340,计划,四川省乐山市五通桥区工业污水处理厂二期项目,1市场阶段,西部大区,蓉北区域公司,,C,污水,",,工业污水处理",,执行中,0,,,,,,9.2,9.2,0,,,,,,,,,,,,,,,,,,,,,,,,,,,XS2024052800994,2024-05-01 00:00:00,2024-05-27 00:00:00,2024-08-30 00:00:00,2024-10-18 00:00:00,2024-11-25 00:00:00,2024-12-30 00:00:00,2024-05-28 14:55:31,,,2024-10-18 00:00:00,,,,,投标增量,,,,9,9,,,,2024-10-18 00:00:00,2024-12-30 00:00:00,1,2,8,4,15,0,0,0,0,0,0,0,0,0,0,0,0,0,,,,,,,,,,,,,,,,,,,,,,,,,,,,,,,,,,,,,,,,,,,,,,,是,YXXS2024052800994,,,,,,,,,是,,,,,,OM,服务,委托运营,,,,,,,,,2,,2023,Q3
341,实际,（退出项目）江苏省仪征实康污水处理厂一期二期项目,60,东部大区,苏皖业务区,,C,污水,",,市政污水处理",,已完成（已签约）,0.95,,,,,,5,5,5,,,,,,,,,,,,,,,,,,,,,,,,,,,XS2023112300608,2023-10-01 00:00:00,2024-11-01 00:00:00,2024-11-15 00:00:00,2024-11-11 00:00:00,2024-11-25 00:00:00,2024-12-02 00:00:00,2023-11-23 14:54:01,,,,,,,,并购增量,,,,6,6,,,,,2024-12-02 00:00:00,3,3,3,3,12,0,0,0,0,0,0,0,0,0,0,0,200,200,0,0,0,0,0,0,0,0,0,0,0,0,0,,,,,,,,,,,,,,,,,,,,,,,,,,,,,,,,,,是,YXXS2023112300608,,,,,,,0.95,,否,,,,股权转让,1类-保履约,,,,,,,,,,,,,,2023,Q3
342,计划,广东省揭阳市普宁市普桥镇污水处理厂扩建工程EPCO（设备总包）,60,南部大区,深汕区域公司,,C,其他,",,",,已完成（已签约）,0,0,0,0,0,0,,,,,,,,,,,,,,,,,,,,,,,,,,,,,,XS2024050900961,2024-05-24 00:00:00,2024-03-20 00:00:00,2024-05-02 00:00:00,2024-05-14 00:00:00,2024-05-24 00:00:00,2024-06-11 00:00:00,2024-05-24 09:34:05,2024-03-20 00:00:00,2024-05-02 00:00:00,2024-05-14 00:00:00,2024-05-24 00:00:00,2024-06-11 00:00:00,其他,,投标增量,,0,0,0,0,否,,,2024-05-14 00:00:00,2024-06-11 00:00:00,3,3,0,0,6,0,0,0,0,0,0,0,0,0,0,0,0,0,,,,,,,,,,,,,,,,,,,,,,,,0,0,0,0,0,0,0,0,0,0,0,0,,,,0,0,,,,,0,0,是,YXXS2024050900961,0,0,0,0,0,0,,是,是,,,,,,其他,产品,,环保装备,,其他,,,,,,0,,2023,Q3
343,计划,河北省邢台市召马地表水厂污泥改造项目,3方案策划,北部大区,邢台区域公司,,C,供水,"制水,,",,执行中,0.11,,,,,,,,,,,19,0,0,,,,,,,,,,,,,,,,,,,,,,XS2023112100559,2023-11-27 00:00:00,2024-07-01 00:00:00,2024-07-19 00:00:00,,2024-07-31 00:00:00,2024-11-28 00:00:00,2023-11-27 00:00:00,,,,,,,,,,,,8,8,,,,,2024-11-28 00:00:00,3,0,0,0,3,0,0,0,0,0,0,0,0,0,0,0,0,0,0,0,0,0,0,0,0,0,0,0,0,0,0,0,无,2023-12-30 00:00:00,,,,,,,,,,,,,,,,,,,,2025-02-15 00:00:00,2024-05-15 00:00:00,2024-06-15 00:00:00,,,,,,,,,是,YXXS2023112100559,,,,,,,,,否,,,,BOT,1类-保履约,,,,,,,,,,,,,,2023,Q3
344,计划,江苏省徐州市泉山区徐州西区污水处理厂一期提标及二期扩建委托运营项目,60,东部大区,北京建工环境,北京建工环境,A+,污水,",,市政污水处理",,已完成（已签约）,0,0,0,0,0,0,4,4,0,0,0.87,,,,,,,,,,,,,,,,,,,,,,,,,XS2024042500909,2024-04-25 00:00:00,2024-05-16 00:00:00,2024-05-16 00:00:00,2024-05-06 00:00:00,2024-05-23 00:00:00,2024-06-30 00:00:00,2024-04-25 13:49:33,2024-05-16 00:00:00,2024-05-16 00:00:00,2024-05-23 00:00:00,2024-05-23 00:00:00,2024-06-20 00:00:00,不涉及,,非投标增量,,0,30.6,0,0,否,,,2024-05-23 00:00:00,2024-06-30 00:00:00,0.5,1,1.5,1.5,4.5,0,0,0,0,0,0,0,0,0,0,0,0,0,,,,,,,,,,,,,,0,无,2024-04-26 00:00:00,,,,,,,,0,0,0,0,0,0,0,0,0,0,0,0,2024-06-30 00:00:00,2024-06-30 00:00:00,2024-06-30 00:00:00,0,0,12,0,0.87,0.81,0,0,是,YXXS2024042500909,0,0,0,0,0,0,,否,是,,,,,,OM,服务,委托运营,,,不涉及建设,,,,,,1,,2023,Q3
345,计划,江苏省徐州市云龙区徐州新城区污水厂一期提标及二期扩建委托运营项目,60,东部大区,北京建工环境,北京建工环境,A+,污水,",,市政污水处理",,已完成（已签约）,0,0,0,0,0,0,5,5,0,0,0.92,,,,,,,,,,,,,,,,,,,,,,,,,XS2024042400906,2024-04-25 00:00:00,2024-05-16 00:00:00,2024-05-16 00:00:00,2024-04-26 00:00:00,2024-05-30 00:00:00,2024-06-30 00:00:00,2024-04-25 10:24:55,2024-05-16 00:00:00,2024-05-16 00:00:00,2024-05-23 00:00:00,2024-05-23 00:00:00,2024-06-20 00:00:00,不涉及投资,,非投标增量,,0,30.6,0,0,否,,,2024-05-23 00:00:00,2024-06-30 00:00:00,1.5,2,3,3,9.5,0,0,0,0,0,0,0,0,0,0,0,0,0,,,,,,,,,,,,,,0,无,2024-04-26 00:00:00,,,,,,,,0,0,0,0,0,0,0,0,0,0,0,0,2024-06-30 00:00:00,2024-06-30 00:00:00,2024-06-30 00:00:00,0,0,12,0,0.92,0.71,0,0,是,YXXS2024042400906,0,0,0,0,0,0,,否,是,,,,,,OM,服务,委托运营,,,不涉及建设,,,,,,1,,2023,Q3
346,计划,锦州市大唐国际新能源再生水供水项目,60,北部大区,锦州区域公司,,A,再生水,",销售经营类ToB,",,已完成（已签约）,0,0,0,0,0,0,,,,,,,,,,,,,,,,,,,,,,,,3.4,3.4,,0,0,,XS2024042200894,2024-06-30 00:00:00,2023-11-30 00:00:00,2023-12-31 00:00:00,,2023-12-29 00:00:00,2024-01-31 00:00:00,2024-06-14 10:14:12,2023-11-10 00:00:00,2023-12-02 00:00:00,,2023-12-19 00:00:00,2024-01-01 00:00:00,其他,,非投标增量,,0,0,0,0,否,,,,2024-01-31 00:00:00,3.2,2,0,0,5.2,0,0,0,0,0,0,0,0,0,0,0,0,0,,,,,,,,,,,,,,,,,,,,,,,,0,0,0,0,0,0,0,0,0,0,0,0,,,,0,0,,,,,0,0,是,YXXS2024042200894,0,0,0,0,0,0,,否,是,,,,,,其他,服务,委托运营,,,其他,,,,,,3,,2023,Q3
347,计划,锦州海特新材料科技有限公司副产品技术服务项目,60,北部大区,锦州区域公司,锦州市凌水北控水务有限公司,A,污水,",,工业污水处理",,已完成（已签约）,0,0,0,0,0,0,0,0,0,0,0,,,,,,,,,,,,,,,,,,,,,,,,,XS2024042200895,2024-06-30 00:00:00,2023-11-01 00:00:00,2023-12-01 00:00:00,,2024-01-15 00:00:00,2024-01-31 00:00:00,2024-06-14 10:12:46,2023-11-10 00:00:00,2023-12-02 00:00:00,,2023-12-30 00:00:00,2024-01-01 00:00:00,其他,,非投标增量,,0,0,0,0,否,,,,2024-01-31 00:00:00,0.1,0.1,0,0,0.2,0,0,0,0,0,0,0,0,0,0,0,0,0,,,,,,,,,,,,,,,,,,,,,,,,0,0,0,0,0,0,0,0,0,0,0,0,,,,0,0,,,,,0,0,是,YXXS2024042200895,0,0,0,0,0,0,,否,是,,,,,,其他,服务,技术咨询,,,其他,,,,,,1,,2023,Q3
348,计划,锦州塞维肉类制品厂技术服务项目,60,北部大区,锦州区域公司,锦州市小凌河北控水务有限公司,A,污水,",,工业污水处理",,已完成（已签约）,0,0,0,0,0,0,0,0,0,0,0,,,,,,,,,,,,,,,,,,,,,,,,,XS2024042200896,2024-06-28 00:00:00,2023-11-01 00:00:00,2023-11-30 00:00:00,,2023-12-21 00:00:00,2024-01-31 00:00:00,2024-06-14 10:14:25,2023-11-10 00:00:00,2023-12-02 00:00:00,,2023-12-11 00:00:00,2024-01-01 00:00:00,其他,,非投标增量,,0,0,0,0,否,,,,2024-01-31 00:00:00,0.1,0.1,0,0,0.2,0,0,0,0,0,0,0,0,0,0,0,0,0,,,,,,,,,,,,,,,,,,,,,,,,0,0,0,0,0,0,0,0,0,0,0,0,,,,0,0,,,,,0,0,是,YXXS2024042200896,0,0,0,0,0,0,,否,是,,,,,,其他,服务,技术咨询,,,其他,,,,,,1,,2023,Q3
349,计划,锦州四海生物化学有限公司技术服务项目（小凌河公司）,60,北部大区,锦州区域公司,锦州市小凌河北控水务有限公司,A,污水,",,工业污水处理",,已完成（已签约）,0,0,0,0,0,0,0,0,0,0,0,,,,,,,,,,,,,,,,,,,,,,,,,XS2024042200897,2024-06-29 00:00:00,2023-11-20 00:00:00,2023-11-30 00:00:00,,2023-12-22 00:00:00,2024-01-31 00:00:00,2024-06-14 10:13:54,2023-11-10 00:00:00,2023-12-02 00:00:00,,2023-12-21 00:00:00,2024-01-01 00:00:00,其他,,非投标增量,,0,100,0,0,否,,,,2024-01-31 00:00:00,0.5,0.5,0,0,1,0,0,0,0,0,0,0,0,0,0,0,0,0,,,,,,,,,,,,,,,,,,,,,,,,0,0,0,0,0,0,0,0,0,0,0,0,,,,0,0,,,,,0,0,是,YXXS2024042200897,0,0,0,0,0,0,,否,是,,,,,,其他,服务,技术咨询,,,其他,,,,,,1,,2023,Q3
350,计划,锦州四海生物化学有限公司技术服务项目（女儿河公司）,60,北部大区,锦州区域公司,,A,污水,",,工业污水处理",,已完成（已签约）,0,0,0,0,0,0,0,0,0,0,0,,,,,,,,,,,,,,,,,,,,,,,,,XS2024042200898,2024-06-28 00:00:00,2023-11-01 00:00:00,2023-11-30 00:00:00,,2023-12-31 00:00:00,2024-02-01 00:00:00,2024-06-14 10:12:34,2023-11-10 00:00:00,2023-12-02 00:00:00,,2023-12-04 00:00:00,2024-01-01 00:00:00,其他,,非投标增量,,0,0,0,0,否,,,,2024-02-01 00:00:00,0.5,1,0,0,1.5,0,0,0,0,0,0,0,0,0,0,0,0,0,,,,,,,,,,,,,,,,,,,,,,,,0,0,0,0,0,0,0,0,0,0,0,0,,,,0,0,,,,,0,0,是,YXXS2024042200898,0,0,0,0,0,0,,否,是,,,,,,其他,服务,技术咨询,,,其他,,,,,,1,,2023,Q3
351,计划,锦州裕利元有机化学原料有限公司废水委托处理协议书,60,北部大区,锦州区域公司,,A,污水,",,工业污水处理",,已完成（已签约）,0,0,0,0,0,0,0,0,0,0,0,,,,,,,,,,,,,,,,,,,,,,,,,XS2024042200899,2024-06-30 00:00:00,2023-12-30 00:00:00,2024-01-31 00:00:00,,2024-02-29 00:00:00,2024-04-01 00:00:00,2024-06-14 10:12:03,2023-12-05 00:00:00,2024-01-15 00:00:00,,2024-02-13 00:00:00,2024-03-01 00:00:00,其他,,非投标增量,,0,0,0,0,否,,,,2024-04-01 00:00:00,0,0,0,0,0,0,0,0,0,0,0,0,0,0,0,0,0,0,,,,,,,,,,,,,,,,,,,,,,,,0,0,0,0,0,0,0,0,0,0,0,0,,,,0,0,,,,,0,0,是,YXXS2024042200899,0,0,0,0,0,0,,否,是,,,,,,其他,服务,技术咨询,,,其他,,,,,,1,,2023,Q3
352,计划,北京市海淀区稻香湖再生水厂大工村厨余废水协同处置项目,60,北部大区,北京业务区,,A,污水,",,工业污水处理",,已完成（已签约）,0,0,0,0,0,0,0.02,0.02,0.02,0,0,,,,,,,,,,,,,,,,,,,,,,,,,XS2024053000999,2024-06-03 00:00:00,2024-06-08 00:00:00,2024-06-15 00:00:00,,2024-06-22 00:00:00,2024-06-28 00:00:00,2024-05-31 08:46:34,2023-12-25 00:00:00,2024-03-04 00:00:00,,2024-04-29 00:00:00,2024-06-28 00:00:00,其他,,非投标增量,,0,0,0,0,否,,,,2024-06-28 00:00:00,1,1,1,2.85,5.85,0,0,0,0,0,0,0,0,0,0,0,0,0,,,,,,,,,,,,,,,,,,,,,,,,0,0,0,0,0,0,0,0,0,0,0,0,,,,0,0,,,,,0,0,是,YXXS2024053000999,0,0,0,0,0,0,,否,是,,,,,,其他,服务,技术咨询,,,其他,,,,,,1,,2023,Q3
353,计划,北京市海淀区稻香湖再生水厂再生水销售项目,2立项策划,北部大区,北京业务区,,C,再生水,",销售经营类ToB,",,执行中,0,,,,,,,,,,,,,,,,,,,,,,,,,,,,,2,2,,,,,XS2024052200982,2024-03-31 00:00:00,2024-09-30 00:00:00,2024-10-31 00:00:00,,2024-11-30 00:00:00,2024-12-31 00:00:00,2024-05-22 15:46:47,,,,,,,,非投标增量,,,,0,0,,,,,2024-12-31 00:00:00,0,0,1,0.5,1.5,0,0,0,0,0,0,0,0,0,0,0,0,0,,,,,,,,,,,,,,,,,,,,,,,,,,,,,,,,,,,,,,,,,,,,,,,是,YXXS2024052200982,,,,,,,,,是,,,,,,OM,服务,委托运营,,,,,,,,,1,,2023,Q3
354,否,锦州市餐厨项目合作方案,2立项策划,北部大区,锦州区域公司,,C,固体废物,",,",,已终止,0.7,,,,,,,,,,,,,,,,,,,,,,,,,,,,,,,,,,,XS2024040300867,2023-10-20 00:00:00,2024-03-10 00:00:00,2024-04-25 00:00:00,2024-10-25 00:00:00,2024-11-25 00:00:00,2024-12-25 00:00:00,2024-04-10 16:55:56,,,2024-10-22 00:00:00,,,,,投标增量,,,,8,8,,,,2024-10-22 00:00:00,2024-12-25 00:00:00,,,,,,,,,,,,,,,,,,,,,,,,,,,,,,,,,,,,,,,,,,,,,,,,,,,,,,,,,,,,,,,,,是,YXXS2024040300867,,,,,,,,,是,,,,BOT,2类-存带增,OM,服务,委托运营,,,,,,,,,30,,2023,Q3
355,计划,河北省秦皇岛市第四污水厂TOT项目,2立项策划,北部大区,秦皇岛区域公司,,C,污水,",,市政污水处理",,执行中,0,,,,,,12,12,12,,,,,,,,,,,,,,,,,,,,,,,,,,,XS2024051000972,2024-04-18 00:00:00,2024-07-31 00:00:00,2024-09-30 00:00:00,2024-10-31 00:00:00,2024-11-30 00:00:00,2024-12-31 00:00:00,2024-05-23 16:57:29,,,2024-11-15 00:00:00,,,,,投标增量,,,,5,8,,,,2024-11-15 00:00:00,2024-12-31 00:00:00,7.5,7.5,7.5,7.5,30,0,0,0,0,0,0,0,0,100,0,0,0,100,,,,,,,,,,,,,,,,,,,,,,,,,,,,,,,,,,,,,,,,,,,,,,,是,YXXS2024051000972,,,,,,,,,是,,,,,,OM,"服务, 产品",委托运营,运营技术产品,,,,,,,,30,,2023,Q3
356,计划,辽宁省阜新市海州区韩家店污水处理厂委托运营项目,60,北部大区,东北业务区,市场投资部,C,污水,",,市政污水处理",,已完成（已签约）,0,0,0,0,0,0,1,1,1,0,1.21,,,,,,,,,,,,,,,,,,,,,,,,,XS2024052000980,2024-05-28 00:00:00,2024-05-31 00:00:00,2024-06-10 00:00:00,2024-06-30 00:00:00,2024-07-31 00:00:00,2024-08-31 00:00:00,2024-05-21 09:49:01,2024-03-28 00:00:00,2024-04-03 00:00:00,2024-05-07 00:00:00,2024-05-13 00:00:00,2024-06-06 00:00:00,北控水务（中国）投资有限公司,,投标增量,,0,0,0,0,否,,,2024-05-07 00:00:00,2024-08-31 00:00:00,1.47,1.47,1.47,0,4.41,0,0,0,0,0,0,0,45,0,0,0,0,45,,,,,,,,,,,,,,0,中国投,2024-06-30 00:00:00,,,,,,,,0,0,0,0,0,0,0,0,0,0,0,0,2024-05-31 00:00:00,2024-05-31 00:00:00,2024-05-31 00:00:00,0,0,,,,,0,0,是,YXXS2024052000980,0,0,0,0,0,0,,否,是,,,,,,OM,服务,委托运营,,,其他,,,,,,3,,2023,Q3
357,计划,辽宁省鞍山市铁西区经开区环卫项目,2立项策划,北部大区,鞍山区域公司,,C,环卫,",,",,执行中,0,,,,,,,,,,,,,,,,,,,,,,,,,,,,,,,,,,,XS2024050800948,,2024-08-31 00:00:00,2024-09-30 00:00:00,2024-10-31 00:00:00,2024-11-30 00:00:00,2024-12-31 00:00:00,2024-05-15 09:39:30,2024-07-18 00:00:00,,,,,,,投标增量,,,,0,0,,,,,2024-12-31 00:00:00,,,,,,,,,,,,,,,,,,,,,,,,,,,,,,,,,,,,,,,,,,,,,,,,,,,,,,,,,,,,,,,,,是,YXXS2024050800948,,,,,,,,,是,,,,,,OM,服务,委托运营,,,,,,,,,3,,2023,Q3
358,计划,辽宁省鞍山市鞍山市餐厨垃圾项目,1市场阶段,北部大区,鞍山区域公司,,C,固体废物,",,",,执行中,0,,,,,,,,,,,,,,,,,,,,,,,,,,,,,,,,,,,XS2024050800949,2024-05-31 00:00:00,2024-10-31 00:00:00,2024-11-15 00:00:00,2024-12-02 00:00:00,2024-12-13 00:00:00,2024-12-31 00:00:00,2024-05-15 09:39:06,,,,,,,,投标增量,,,,0,0,,,,,2024-12-31 00:00:00,2,2,4,4,12,0,0,0,0,0,0,0,0,0,0,0,0,0,,,,,,,,,,,,,,,,,,,,,,,,,,,,,,,,,,,,,,,,,,,,,,,是,YXXS2024050800949,,,,,,,,,是,,,,,,其他,服务,委托运营,,,,,,,,,30,,2023,Q3
359,计划,常德安乡食品加工园区装配式污水厂,60,南部大区,常德区域公司,,C,其他,",,",,已完成（已签约）,0,0,0,0,0,1650,,,,,,,,,,,,,,,,,,,,,,,,,,,,,,XS2024030400797,2024-05-24 00:00:00,2024-06-06 00:00:00,2024-06-17 00:00:00,,2024-06-25 00:00:00,2024-06-28 00:00:00,2024-05-23 15:22:11,2024-06-06 00:00:00,2024-06-17 00:00:00,2024-06-20 00:00:00,2024-06-25 00:00:00,2024-06-28 00:00:00,其他,,非投标增量,,0,0,0,0,否,,,2024-06-20 00:00:00,2024-06-28 00:00:00,2.5,0,5.75,0,8.25,0,0,0,0,0,0,0,0,0,0,0,0,0,,,,,,,,,,,,,,0,0,2024-06-25 00:00:00,,,,,,,,0,0,0,0,0,0,0,0,0,0,0,0,2024-07-19 00:00:00,2024-09-20 00:00:00,2024-10-31 00:00:00,0,0,,,,,0,0,是,YXXS2024030400797,0,0,0,0,0,0,,否,是,,,,,,其他,产品,,环保装备,,新建,,,,,,0,,2023,Q3
360,计划,湖南省长沙市长沙县螺塘湾泵站委托运营,60,南部大区,长沙区域公司,敢胜垸污水处理厂,A,其他,",,",,已完成（已签约）,0,0,0,0,0,0,,,,,,,,,,,,0,0,,,,,,,,,,,,,,,,,XS2024050900963,2024-05-26 00:00:00,2024-07-10 00:00:00,2024-07-15 00:00:00,,2024-07-31 00:00:00,2024-08-31 00:00:00,2024-05-26 16:39:59,2024-07-10 00:00:00,2024-07-15 00:00:00,,2024-08-07 00:00:00,2024-08-27 00:00:00,其他,,非投标增量,,0,0,0,0,否,,,,2024-08-31 00:00:00,0,1,1,0,2,0,0,0,0,0,0,0,0,0,0,0,0,0,,,,,,,,,,,,,,0,无,2024-07-31 00:00:00,,,,,,,,0,0,0,0,0,0,0,0,0,0,0,0,2023-04-01 00:00:00,2024-05-31 00:00:00,2024-08-01 00:00:00,0,0,,,,,232,173,是,YXXS2024050900963,0,0,0,0,0,0,,否,是,,,,,,OM,服务,委托运营,,,无,,,,,,1,,2023,Q3
361,计划,珠海市富山第三（工业）水质净化厂技术服务采购项目,60,南部大区,珠海城市公司,,A,污水,",,工业污水处理",,已完成（已签约）,0,0,0,0,0,0,5,5,0,0,0,,,,,,,,,,,,,,,,,,,,,,,,无,YXCSH2023155,2023-04-17 00:00:00,2023-04-28 00:00:00,2024-04-02 00:00:00,2024-06-11 00:00:00,2024-06-17 00:00:00,2024-06-28 00:00:00,2023-04-01 00:00:00,2023-04-28 00:00:00,2024-04-02 00:00:00,2024-06-11 00:00:00,2024-06-17 00:00:00,2024-06-28 00:00:00,其他,,投标增量,,0,0,0,0,否,,,2024-06-11 00:00:00,2024-06-28 00:00:00,0,0,0,0,0,0,0,0,0,0,0,0,0,0,0,0,0,0,0,0,0,0,0,0,0,0,0,0,0,0,0,0,0,2024-05-30 00:00:00,,,,,,,,0,0,0,0,0,0,0,0,0,0,0,0,2022-01-01 00:00:00,2024-02-01 00:00:00,2024-05-01 00:00:00,0,0,0,0,0,0,0,0,是,YXCSH2023155,0,0,0,0,0,0,,否,是,,,,OM,,其他,服务,技术咨询,,技术服务采购项目,技术服务,,,,,,0,,2023,Q3
362,计划,四川省宜宾市叙州区排水管网运维项目,2立项策划,西部大区,宜宾区域公司,,C,排水管网,",,",,执行中,0,,,,,,,,,,,,,,,,,620,0,,,,,,,,,,,,,,,,,XS2024051600979,,2024-05-31 00:00:00,2024-06-28 00:00:00,2024-09-10 00:00:00,2024-08-15 00:00:00,2024-11-29 00:00:00,2024-05-17 11:25:29,,,2024-10-31 00:00:00,,,,,投标增量,,,,0,0,,,,2024-10-31 00:00:00,2024-11-29 00:00:00,,,,,,,,,,,,,,,,,,,,,,,,,,,,,,,,,,,,,,,,,,,,,,,,,,,,,,,,,,,,,,,,,是,YXXS2024051600979,,,,,,,,,是,,,,,,OM,服务,委托运营,,,,,,,,,3,,2023,Q3
363,计划,易门县污水处理厂深度处理（一级A标）委托运营项目,2立项策划,西部大区,玉溪区域公司,,C,污水,",,市政污水处理",,执行中,0,,,,,,1,1,0,,,,,,,,,,,,,,,,,,,,,,,,,,,XS2023111400433,2024-04-01 00:00:00,2024-04-15 00:00:00,2024-04-20 00:00:00,2024-07-15 00:00:00,2024-08-12 00:00:00,2024-08-31 00:00:00,2024-04-22 16:49:20,,,2024-08-12 00:00:00,,,,,投标增量,,,,0,0,,,,2024-08-12 00:00:00,2024-08-31 00:00:00,,,,,,,,,,,,,,,,,,,,,,,,,,,,,,,,,,,,,,,,,,,,,,,,,,,,,,,,,,,,,,,,,是,YXXS2023111400433,,,,,,,,,是,,,,,,OM,服务,委托运营,,,,,,,,,3,,2023,Q3
364,计划,贵州省遵义新蒲新区中桥污水处理厂一体化设备委托运营项目,60,西部大区,直管运营群_贵州,遵义市新蒲中桥污水处理厂,C,污水,",,市政污水处理",,已完成（已签约）,0,0,0,0,0,0,0.2,0.1,0.2,0,1.12,,,,,,,,,,,,,,,,,,,,,,,,,XS2024042400908,2024-04-30 00:00:00,2024-05-31 00:00:00,2024-05-31 00:00:00,,2024-06-15 00:00:00,2024-07-31 00:00:00,2024-04-24 16:50:50,2024-05-27 00:00:00,2024-05-31 00:00:00,2024-04-09 00:00:00,,,其他,,非投标增量,,100,100,0,0,否,,,2024-04-09 00:00:00,2024-07-31 00:00:00,0.27,0.27,0.27,0,0.81,0,0,0,0,0,0,0,0,0,0,0,0,0,,,,,,,,,,,,,,0,0,2024-05-31 00:00:00,,,,,,,,0,0,0,0,0,0,0,0,0,0,0,0,2023-09-20 00:00:00,2024-03-20 00:00:00,2024-05-31 00:00:00,0,0,,,,,0,0,是,YXXS2024042400908,0,0,0,0,0,0,,否,是,,,,,,OM,服务,委托运营,,,其他,,,,,,1,,2023,Q3
365,否,贵州省黔东南州雷山县城镇污水处理厂,2立项策划,西部大区,直管运营群_贵州,,C,污水,",,市政污水处理",,执行中,0,0,0,0,0,0,1.36,1.36,1.36,1.36,,,,,,,,,,,,,,,,,,,,,,,,,,YXCSH2023189,2023-04-28 00:00:00,2024-09-30 00:00:00,2024-11-30 00:00:00,2025-01-31 00:00:00,2025-02-28 00:00:00,2025-03-31 00:00:00,2023-04-28 00:00:00,2024-08-30 00:00:00,,,,,,,投标增量,,,,0,0,,,,,2025-03-31 00:00:00,0,0,11.17,0,11.17,0,0,0,0,0,0,0,0,0,0,0,0,0,0,0,0,0,0,0,0,0,0,0,0,0,0,,,,,,,,,,,,,,,,,,,,,,,2024-09-01 00:00:00,2024-09-01 00:00:00,2024-09-01 00:00:00,,,,,,,,,否,YXCSH2023189,,,,,,,,否,是,,,,OM,,OM,服务,委托运营,,对政府方污水厂进行委托运营,,,,,,,5,,2023,Q3
366,计划,云南省安宁市安宁工业园区第四污水处理厂及配套管网项目,2立项策划,西部大区,昆明区域公司,,C,污水,",,市政污水处理",,执行中,1.57,,,,,,1,1,1,,,,,,,,,168,,,,,,,,,,,,,,,,,,,2023-11-24 00:00:00,2023-06-30 00:00:00,,2023-10-20 00:00:00,2023-10-10 00:00:00,2024-06-30 00:00:00,2023-11-24 00:00:00,2023-06-30 00:00:00,,2023-10-20 00:00:00,2023-10-10 00:00:00,,,,投标增量,,,,8,10,,,,2023-10-20 00:00:00,2024-06-30 00:00:00,0,1,4,4,9,0,0,0,0,0,0,0,0,0,0,0,0,0,0,0,0,0,0,0,0,0,0,0,0,0,0,,,,,,,,,,,,,,,,,,,,,,,,,,,,,,,,,,,YXCSH2023190,,,,,,,,,是,,,,BOT,,,,,,BOT+TOT,,,,,,,,,2023,Q3
367,否,绵阳市塔子坝污水处理厂技术改造工程,2立项策划,西部大区,绵阳区域公司,,C,污水,",,市政污水处理",,执行中,0.2,,,,,,2,2,2,,,,,,,,,,,,,,,,,,,,,,,,,,,YXCSH2023276,2023-08-10 00:00:00,2023-08-15 00:00:00,2024-06-06 00:00:00,,2024-09-19 00:00:00,2024-11-29 00:00:00,,,,,,,,,非投标增量,,,,10,15,,,,,2024-11-29 00:00:00,0,0,4,6,10,0,0,0,0,0,0,0,0,0,0,0,0,0,,,,,,,,,,,,,,,,,,,,,,,,,,,,,,,,,,,,,,,,,,,,,,,否,YXCSH2023276,,,,,,,,,是,,,,BOT,,其他,产品,,环保装备,自主投资,,,,,,,10,,2023,Q3
368,计划,温江成钞污水处理厂委托运营项目,4中标策划,西部大区,蓉南区域公司,,C,污水,",,工业污水处理",,执行中,0,0,0,0,0,0,1.2,1.2,0,0,,,,,,,,,,,,,,,,,,,,,,,,,,XS2024050600919,2024-05-01 00:00:00,2024-05-17 00:00:00,2024-06-25 00:00:00,2024-06-26 00:00:00,2024-08-19 00:00:00,2024-09-02 00:00:00,2024-05-06 17:03:41,2024-05-15 00:00:00,2024-06-21 00:00:00,,,,北控水务（中国）投资有限公司,暂无,投标增量,,20,100,0,0,否,,,,2024-09-02 00:00:00,1.3,1.2,1.2,0,3.7,0,0,0,0,0,0,0,100,0,0,0,0,100,,,,,,,,,,,,,,0,暂无,2024-05-31 00:00:00,,,,,,,,0,0,0,0,0,0,0,0,0,0,0,0,2024-07-01 00:00:00,2024-07-25 00:00:00,2024-07-25 00:00:00,,,,,,,,,是,YXXS2024050600919,0,0,0,0,0,0,,否,是,,,,,,OM,服务,委托运营,,,,,,,,,3,,2023,Q3
369,计划,四川省绵阳市中石化油气田废水处理技术服务,3方案策划,西部大区,绵阳区域公司,,C,污水,",,市政污水处理",,已终止,0,,,,,,0,0,0,,,,,,,,,,,,,,,,,,,,,,,,,,,XS2023111600455,2023-11-18 00:00:00,2024-05-07 00:00:00,2024-05-15 00:00:00,2024-06-30 00:00:00,2024-07-22 00:00:00,2024-08-10 00:00:00,2023-12-01 00:00:00,,,,,,,,非投标增量,,,,10,10,,,,,2024-08-10 00:00:00,,,,,,,,,,,,,,,,,,,,,,,,,,,,,,,,,,,,,,,,,,,,,,,,,,,,,,,,,,,,,,,,,否,YXXS2023111600455,,,,,,,,,是,,,,,,其他,服务,技术咨询,,,,,,,,,1,,2023,Q3
370,否,叶城县第二污水处理厂委托运营项目,3方案策划,西部大区,直管运营群新疆及其他,,C,污水,",,市政污水处理",,已暂停,0,0,0,0,0,0,3.5,3.5,3.5,0,,,,,,,,,,,,,,,,,,,,,,,,,,XS2024042400907,2024-04-24 00:00:00,2024-05-29 00:00:00,2025-03-01 00:00:00,2024-07-31 00:00:00,2025-09-01 00:00:00,2025-12-01 00:00:00,2024-04-24 16:49:54,2024-05-29 00:00:00,,2024-07-31 00:00:00,,,,,非投标增量,,,,0,0,,,,2024-07-31 00:00:00,2025-12-01 00:00:00,0,0,0,0,0,0,0,0,0,0,0,0,0,0,0,0,0,0,,,,,,,,,,,,,,0,北控水务（中国）投资有限公司,2025-05-01 00:00:00,,,,,,,,,,,,,,,,,,,,2025-12-01 00:00:00,2025-12-30 00:00:00,2025-12-31 00:00:00,,,,,,,,,否,YXXS2024042400907,,,,,,,,否,是,,,,,,OM,服务,委托运营,,委托运营,,,,,,,5,,2023,Q3
371,计划,内蒙古自治区阿拉善盟阿拉善左旗庆华集团腾格里高新材料产业园污水处理装置技改及托管运营项目技术服务,60,西部大区,银川区域公司,银川区域公司,A+,综合技术解决方案,",,",,已完成（已签约）,0,0,0,0,0,0,,,,,,,,,,,,,,,,,,,,,,,,,,,,,,XS2024040300862,2024-03-01 00:00:00,2024-04-30 00:00:00,2024-05-10 00:00:00,,2024-05-31 00:00:00,2024-07-20 00:00:00,2024-05-13 14:54:28,2024-04-16 00:00:00,2024-04-30 00:00:00,2024-05-31 00:00:00,2024-05-15 00:00:00,2024-07-20 00:00:00,宁夏淏宁环保有限公司,,非投标增量,,100,100,17,17,否,,,2024-05-31 00:00:00,2024-07-20 00:00:00,0,0,0.15,0,0.15,0,0,0,0,0,0,0,0,0,0,0,0,0,,,,,,,,,,,,,,0,非投标增量，无保证金,2024-07-01 00:00:00,,,,,,,,0,0,0,0,0,0,0,0,0,0,0,0,2024-04-01 00:00:00,2024-04-01 00:00:00,2024-04-01 00:00:00,0,0,6,0,0,0,15.6,0,是,YXXS2024040300862,0,0,0,0,0,0,,否,是,,,,,,其他,服务,技术咨询,,技术服务,技术服务,,,,,,1,,2023,Q3
372,实际,云南省昆明市五华区西翥街道厂口片区污水处理厂项目,6项目签约,西部大区,昆明区域公司,,A+,污水,",,市政污水处理",,执行中,0,0,0,8490.23,0,0,0.75,0.75,0,0,0.69,0,0,0,0,,,,,,,,,,,,,,,,,,,,无,,2022-10-31 00:00:00,2023-03-01 00:00:00,2023-03-15 00:00:00,2023-04-15 00:00:00,2023-06-15 00:00:00,2023-06-30 00:00:00,2022-10-15 00:00:00,2023-02-18 00:00:00,2023-02-20 00:00:00,2023-02-27 00:00:00,2023-08-02 00:00:00,,北控水务（中国）投资有限公司,由中国投设立全资项目公司或使用现有的中国投全资项目公司作为运营主体,投标增量,北京建工集团有限责任公司,100,100,15.29,15.29,否,0,0,2023-02-27 00:00:00,2023-06-30 00:00:00,0,1,0.5,0,1.5,,,,,,,,,,,,,0,,,,,,,,,,,,,0,,北京建工集团有限责任公司,,,,,,,,,,,,,,,,,,,,,,,,,,,,,,,,,YXCSH2023085,,,,,,,,,是,,,,EPCO,,,,,,招采模式EPC+O，联合体成员：北京建工集团有限责任公司负责运营、南京院负责设计、我司负责运营,,,,,,,,,2023,Q3
373,计划,四川省绵阳市固华环保废水协同处置,60,西部大区,绵阳区域公司,绵阳区域公司,A+,污水,",,市政污水处理",,已完成（已签约）,0,0,0,0,0,0,0.03,0,0,0,15,,,,,,,,,,,,,,,,,,,,,,,,,XS2024032900857,2024-03-01 00:00:00,2024-03-12 00:00:00,2024-03-22 00:00:00,,2024-05-17 00:00:00,2024-06-28 00:00:00,2024-04-23 15:57:28,2024-03-06 00:00:00,2024-03-20 00:00:00,2024-03-27 00:00:00,2024-05-14 00:00:00,2024-05-27 00:00:00,其他,,非投标增量,,100,100,20,20,否,,,2024-03-27 00:00:00,2024-06-28 00:00:00,0,0,1.98,0,1.98,0,0,0,0,0,0,0,0,0,0,0,0,0,,,,,,,,,,,,,,0,暂无,2024-04-30 00:00:00,,,,,,,,0,0,0,0,0,0,0,0,0,0,0,0,2024-04-30 00:00:00,2024-04-30 00:00:00,2024-05-01 00:00:00,0,0,,,,,0,0,是,YXXS2024032900857,0,0,0,0,0,0,,是,是,,,,,,其他,服务,技术咨询,,,无建设内容,,,,,,0,,2023,Q3
374,否,云南省安宁市城市大管家市场化项目,1市场阶段,西部大区,昆明区域公司,,C,环卫,",,",,执行中,0.2,,,,,,,,,,,,,,,,,,,,,,,,,,,,,,,,,,,XS2024031300840,2024-03-15 00:00:00,2024-09-30 00:00:00,2024-10-31 00:00:00,2025-03-31 00:00:00,2025-05-10 00:00:00,2025-05-31 00:00:00,2024-04-22 16:52:37,,,2025-04-25 00:00:00,,,,,投标增量,,,,8,9,,,,2025-04-25 00:00:00,2025-05-31 00:00:00,,,,,,,,,,,,,,,,,,,,,,,,,,,,,,,,,,,,,,,,,,,,,,,,,,,,,,,,,,,,,,,,,否,YXXS2024031300840,,,,,,,,,是,,,,,,其他,服务,委托运营,,,,,,,,,8,,2023,Q3
375,计划,宁夏回族自治区银川市贺兰县城污（雨）水提升泵站运维管理服务项目,1市场阶段,西部大区,银川区域公司,,A,其他,",,",,执行中,0,,,,,,,,,,,,,,,,,,,,,,,,,,,,,,,,,,,XS2024040700869,2024-05-07 00:00:00,2024-05-27 00:00:00,2024-07-31 00:00:00,2024-11-30 00:00:00,2024-11-20 00:00:00,2024-12-20 00:00:00,2024-05-29 15:40:38,,,2024-11-30 00:00:00,,,,,投标增量,,,,8,8,,,,2024-11-30 00:00:00,2024-12-20 00:00:00,0,0,0.4,1,1.4,0,0,0,0,0,0,0,0,0,0,0,0,0,,,,,,,,,,,,,,10,宁夏淏宁环保有限公司,2024-10-31 00:00:00,,,,,,,,,,,,,,,,,,,,,,,,,,,,,,,是,YXXS2024040700869,,,,,,,,,是,,,,,,OM,服务,委托运营,,泵站运维管理,,,,,,,2,,2023,Q3
376,计划,宁夏回族自治区银川市贺兰县城3座污水提升泵站设施 维修改造项目,60,西部大区,银川区域公司,银川区域公司,A+,其他,",,",,执行中,0,0,0,0,0,0,,,,,,,,,,,,,,,,,,,,,,,,,,,,,,XS2024040800870,2024-03-31 00:00:00,2024-04-30 00:00:00,2024-05-15 00:00:00,2024-06-05 00:00:00,2024-06-30 00:00:00,2024-07-05 00:00:00,2024-05-29 15:40:00,2024-04-03 00:00:00,2024-05-08 00:00:00,2024-06-05 00:00:00,2024-06-30 00:00:00,2024-07-05 00:00:00,其他,项目公司,投标增量,,100,100,10,10,否,,,2024-06-05 00:00:00,2024-07-05 00:00:00,0,0,0.93,0,0.93,0,0,0,0,0,0,0,0,0,0,0,0,0,,,,,,,,,,,,,,0,0,2024-06-01 00:00:00,,,,,,,,0,0,0,0,0,0,0,0,0,0,0,0,2024-06-30 00:00:00,2024-10-31 00:00:00,2024-10-31 00:00:00,0,0,,,,,93,93,是,YXXS2024040800870,0,0,0,0,0,0,,否,是,,,,,,其他,服务,工程管理,,,其他,,,,,,1,,2023,Q3
377,否,四川省宜宾市江安县乡镇污水处理厂技术服务项目,2立项策划,西部大区,宜宾区域公司,,C,其他,",,",,已终止,0,,,,,,,,,,,,,,,,,,,,,,,,,,,,,,,,,,,XS2024050800951,,2024-05-30 00:00:00,2024-07-30 00:00:00,2024-08-30 00:00:00,2024-09-30 00:00:00,2024-10-30 00:00:00,2024-05-10 18:00:13,2024-05-27 00:00:00,,2024-07-30 00:00:00,,,,,投标增量,,,,0,0,,,,2024-07-30 00:00:00,2024-10-30 00:00:00,,,,,,,,,,,,,,,,,,,,,,,,,,,,,,,,0,无,2024-08-30 00:00:00,,,,,,,,,,,,,,,,,,,,2024-10-30 00:00:00,2025-05-30 00:00:00,2025-05-30 00:00:00,,,,,,,,,是,YXXS2024050800951,,,,,,,,,是,,,,,,其他,服务,技术咨询,,,,,,,,,0,,2023,Q3
378,计划,浙江省杭州市余杭区文一西路西延宝林路分流管网迁改工程,1市场阶段,东部大区,杭湖区域公司,,C,排水管网,",,",,执行中,0,,,,,,,,,,,,,,,,,0.5,0.5,,,,,,,,,,,,,,,,,XS2024043000916,2024-05-09 00:00:00,2024-07-01 00:00:00,2024-07-02 00:00:00,,2024-07-05 00:00:00,2024-07-10 00:00:00,2024-05-09 14:59:03,,,,,,,,非投标增量,,,,0,0,,,,,2024-07-10 00:00:00,1.4,2,2,1,6.4,0,0,0,0,0,0,0,0,0,0,0,0,0,,,,,,,,,,,,,,,,,,,,,,,,,,,,,,,,,,,,,,,,,,,,,,,是,YXXS2024043000916,,,,,,,,,是,,,,,,EPCO,服务,委托运营,,,,,,,,,,,2023,Q3
379,计划,杭州市余杭区北控氧生岛河道溢流排口新型原位低成本处理系统项目,60,东部大区,杭湖区域公司,余杭塘河PPP水环境运营项目部,C,"水环境综合治理, 综合技术解决方案",",,",,已完成（已签约）,0,0,0,0,0,0,,,,,,,,,,,,,,,,,,,,,,,,,,,,,,XS2024050600921,2024-05-08 00:00:00,2024-06-24 00:00:00,2024-06-27 00:00:00,,2024-07-04 00:00:00,2024-07-09 00:00:00,2024-05-08 10:10:17,2024-07-01 00:00:00,2024-07-03 00:00:00,,2024-06-27 00:00:00,2024-06-28 00:00:00,其他,北控（杭州）环境工程有限公司,非投标增量,,0,100,0,0,否,,,,2024-07-09 00:00:00,0.2,0.28,0,0,0.48,0,0,0,0,0,0,0,0,0,0,0,0,0,,,,,,,,,,,,,,0,不涉及,2024-06-25 00:00:00,,,,,,,,0,0,0,0,0,0,0,0,0,0,0,0,2024-07-01 00:00:00,2024-07-01 00:00:00,2024-07-01 00:00:00,41.58,0,,,,,0,0,是,YXXS2024050600921,0,0,0,0,0,0,,是,是,,,,,,其他,服务,技术咨询,,技术服务,新建,,,,,,1,,2023,Q3
380,计划,潍坊市潍城区环卫一体化项目,1市场阶段,东部大区,潍坊区域公司,,C,环卫,",,",,执行中,0.5,,,,,,,,,,,,,,,,,,,,,,,,,,,,,,,,,,,XS2024030100796,2024-03-16 00:00:00,2024-05-31 00:00:00,2024-12-27 00:00:00,2024-12-27 00:00:00,2024-12-27 00:00:00,2024-12-31 00:00:00,2024-03-16 00:00:00,,,,,,,,投标增量,,,,8,0,,,,,2024-12-31 00:00:00,0,0,5,5,10,0,0,0,0,0,0,0,0,0,0,0,0,0,,,,,,,,,,,,,,,,,,,,,,,,,,,,,,,,,,,,,,,,,,,,,,,是,YXXS2024030100796,,,,,,,,,是,,,,,,OM,服务,委托运营,,,,,,,,,3,,2023,Q3
381,计划,安徽省合肥市庐江县庐城第九轮环卫市场化服务,1市场阶段,东部大区,苏皖业务区,,C,环卫,",,",,已终止,0,,,,,,,,,,,,,,,,,,,,,,,,,,,,,,,,,,,XS2024030700802,,2024-06-20 00:00:00,2024-07-10 00:00:00,2024-08-10 00:00:00,2024-09-10 00:00:00,2024-10-20 00:00:00,2024-04-02 16:22:23,,,2024-09-30 00:00:00,,,,,投标增量,,,,8,8,,,,2024-09-30 00:00:00,2024-10-20 00:00:00,0,20,30,23,73,0,0,0,0,0,0,0,0,0,0,0,0,0,,,,,,,,,,,,,,,,,,,,,,,,,,,,,,,,,,,,,,,,,,,,,,,是,YXXS2024030700802,,,,,,,,,是,,,,,,其他,服务,委托运营,,政府购买服务,,,,,,,3,,2023,Q3
382,计划,安徽省合肥市庐江县庐江县第二轮城乡环卫一体化镇、村服务：金牛镇、石头镇,1市场阶段,东部大区,苏皖业务区,,C,环卫,",,",,已终止,0,,,,,,,,,,,,,,,,,,,,,,,,,,,,,,,,,,,XS2024030700807,,2024-06-20 00:00:00,2024-07-10 00:00:00,2024-08-10 00:00:00,2024-09-10 00:00:00,2024-10-20 00:00:00,2024-04-02 16:22:38,,,2024-09-30 00:00:00,,,,,投标增量,,,,8,8,,,,2024-09-30 00:00:00,2024-10-20 00:00:00,0,30,59.95,40,129.95,0,0,0,0,0,0,0,0,0,0,0,0,0,,,,,,,,,,,,,,,,,,,,,,,,,,,,,,,,,,,,,,,,,,,,,,,是,YXXS2024030700807,,,,,,,,,是,,,,,,其他,服务,委托运营,,政府购买服务,,,,,,,3,,2023,Q3
383,计划,安徽省铜陵市枞阳县城区环境卫生一体化服务项目,1市场阶段,东部大区,苏皖业务区,,C,环卫,",,",,执行中,0,,,,,,,,,,,,,,,,,,,,,,,,,,,,,,,,,,,XS2024030700811,2024-05-14 00:00:00,2024-05-20 00:00:00,2024-06-10 00:00:00,2024-09-02 00:00:00,2024-09-20 00:00:00,2024-10-31 00:00:00,2024-04-02 16:22:02,,,2024-09-30 00:00:00,,,,,投标增量,,,,8,8,,,,2024-09-30 00:00:00,2024-10-31 00:00:00,0,10,10,6.81,26.81,0,0,0,0,0,0,0,0,0,2400,0,0,2400,,,,,,,,,,,,,,,,,,,,,,,,,,,,,,,,,,,,,,,,,,,,,,,是,YXXS2024030700811,,,,,,,,,是,,,,,,其他,服务,委托运营,,政府购买服务,,,,,,,3,,2023,Q3
384,计划,江苏省盐城市东台市东台高铁站站前广场及地下车库委托运营项目,1市场阶段,东部大区,北京建工环境,,C,环卫,",,",,执行中,0,,,,,,,,,,,,,,,,,,,,,,,,,,,,,,,,,,,XS2024032500850,2024-05-07 00:00:00,2024-07-31 00:00:00,2024-08-16 00:00:00,,2024-08-30 00:00:00,2024-09-27 00:00:00,2024-05-07 13:57:19,,,,,,,,非投标增量,,,,0,0,,,,,2024-09-27 00:00:00,1.5,1.5,1.5,1.5,6,0,0,0,0,0,0,0,0,0,0,0,0,0,,,,,,,,,,,,,,,,,,,,,,,,,,,,,,,,,,,,,,,,,,,,,,,是,YXXS2024032500850,,,,,,,,,是,,,,,,OM,服务,委托运营,,,,,,,,,10,,2023,Q3
385,计划,安徽省黄山市休宁县县域清扫保洁服务采购项目,1市场阶段,东部大区,苏皖业务区,,C,环卫,",,",,已终止,0,,,,,,,,,,,,,,,,,,,,,,,,,,,,,,,,,,,XS2024042000890,,2024-06-20 00:00:00,2024-07-10 00:00:00,2024-07-20 00:00:00,2024-07-31 00:00:00,2024-09-20 00:00:00,2024-05-17 11:58:40,,,2024-08-30 00:00:00,,,,,投标增量,,,,8,8,,,,2024-08-30 00:00:00,2024-09-20 00:00:00,0,4,8,8,20,0,0,0,0,0,0,0,0,800,1000,0,0,1800,,,,,,,,,,,,,,,,,,,,,,,,,,,,,,,,,,,,,,,,,,,,,,,是,YXXS2024042000890,,,,,,,,,是,,,,,,其他,服务,委托运营,,政府购买服务,,,,,,,3,,2023,Q3
386,计划,安徽省宣城市宁国市第七轮城区环卫道路清扫保洁、生活垃圾收集转运服务采购项目第1标段,1市场阶段,东部大区,苏皖业务区,,C,环卫,",,",,已终止,0,,,,,,,,,,,,,,,,,,,,,,,,,,,,,,,,,,,XS2024042300903,,2024-07-20 00:00:00,2024-07-30 00:00:00,2024-08-20 00:00:00,2024-09-10 00:00:00,2024-10-30 00:00:00,2024-05-17 11:57:05,,,2024-09-30 00:00:00,,,,,投标增量,,,,8,8,,,,2024-09-30 00:00:00,2024-10-30 00:00:00,0,4,8,3.7,15.7,0,0,0,0,0,0,0,0,0,1413,0,0,1413,,,,,,,,,,,,,,,,,,,,,,,,,,,,,,,,,,,,,,,,,,,,,,,是,YXXS2024042300903,,,,,,,,,是,,,,,,其他,服务,委托运营,,政府购买服务,,,,,,,3,,2023,Q3
387,计划,安徽省宣城市宁国市第七轮城区环卫道路清扫保洁、生活垃圾收集转运服务采购项目第2标段,1市场阶段,东部大区,苏皖业务区,,C,环卫,",,",,已终止,0,,,,,,,,,,,,,,,,,,,,,,,,,,,,,,,,,,,XS2024042300904,,2024-07-20 00:00:00,2024-07-30 00:00:00,2024-08-20 00:00:00,2024-09-10 00:00:00,2024-10-30 00:00:00,2024-05-17 11:57:48,,,2024-09-30 00:00:00,,,,,投标增量,,,,8,8,,,,2024-09-30 00:00:00,2024-10-30 00:00:00,0,2,6,4.6,12.6,0,0,0,0,0,0,0,0,0,1134,0,0,1134,,,,,,,,,,,,,,,,,,,,,,,,,,,,,,,,,,,,,,,,,,,,,,,是,YXXS2024042300904,,,,,,,,,是,,,,,,其他,服务,委托运营,,政府购买服务,,,,,,,3,,2023,Q3
388,计划,江苏省盐城市建湖县高铁综合客运枢纽工程委托运营项目,1市场阶段,东部大区,北京建工环境,,C,环卫,",,",,执行中,0,,,,,,,,,,,,,,,,,,,,,,,,,,,,,,,,,,,XS2024050600920,2024-05-07 00:00:00,2024-07-31 00:00:00,2024-08-16 00:00:00,,2024-08-30 00:00:00,2024-09-27 00:00:00,2024-05-07 13:57:34,,,,,,,,非投标增量,,,,0,0,,,,,2024-09-27 00:00:00,0.35,0.35,0.35,0.35,1.4,0,0,0,0,0,0,0,0,0,0,0,0,0,,,,,,,,,,,,,,,,,,,,,,,,,,,,,,,,,,,,,,,,,,,,,,,是,YXXS2024050600920,,,,,,,,,是,,,,,,OM,服务,委托运营,,,,,,,,,9,,2023,Q3
389,计划,浙江省温州市瑞安市环卫保洁一体化项目（湖岭镇、林川镇、芳庄乡）,1市场阶段,东部大区,杭湖区域公司,,C,环卫,",,",,已终止,0,,,,,,,,,,,,,,,,,,,,,,,,,,,,,,,,,,,XS2024051000973,,2024-07-10 00:00:00,2024-07-20 00:00:00,2024-07-30 00:00:00,2024-08-20 00:00:00,2024-10-20 00:00:00,2024-05-17 11:59:47,,,2024-09-20 00:00:00,,,,,投标增量,,,,8,8,,,,2024-09-20 00:00:00,2024-10-20 00:00:00,0,3,5,2.66,10.66,0,0,0,0,0,0,0,0,950,0,0,0,950,,,,,,,,,,,,,,,,,,,,,,,,,,,,,,,,,,,,,,,,,,,,,,,是,YXXS2024051000973,,,,,,,,,是,,,,,,其他,服务,委托运营,,政府购买服务,,,,,,,3,,2023,Q3
390,计划,浙江省温州市瑞安市环卫保洁一体化项目（安阳街道）,1市场阶段,东部大区,杭湖区域公司,,C,环卫,",,",,已暂停,0,,,,,,,,,,,,,,,,,,,,,,,,,,,,,,,,,,,XS2024051000974,,2024-07-10 00:00:00,2024-07-20 00:00:00,2024-07-30 00:00:00,2024-08-20 00:00:00,2024-10-20 00:00:00,2024-05-17 11:59:13,,,2024-09-20 00:00:00,,,,,投标增量,,,,8,8,,,,2024-09-20 00:00:00,2024-10-20 00:00:00,0,11,11,11.07,33.07,0,0,0,0,0,0,0,0,2900,0,0,0,2900,,,,,,,,,,,,,,,,,,,,,,,,,,,,,,,,,,,,,,,,,,,,,,,是,YXXS2024051000974,,,,,,,,,是,,,,,,其他,服务,委托运营,,政府购买服务,,,,,,,3,,2023,Q3
391,计划,江苏省盐城市阜宁县城镇排水设施地理信息系统建设,2立项策划,东部大区,苏皖业务区,,A,排水管网,",,",,执行中,420,,,,,,,,,,,,,,,,,0,0,,,,,,,,,,,,,,,,,XS2024032800856,2024-05-05 00:00:00,2024-07-01 00:00:00,2024-07-05 00:00:00,2024-10-10 00:00:00,2024-10-15 00:00:00,2024-11-30 00:00:00,2024-05-23 15:01:03,2024-07-01 00:00:00,2024-07-05 00:00:00,,,,,,投标增量,,,,10,13,,,,,2024-11-30 00:00:00,1.2,1.2,1.2,1.2,4.8,0,0,0,0,0,0,0,0,0,0,0,0,0,,,,,,,,,,,,,,,,,,,,,,,,,,,,,,,,,,,,,,,,,,,,,,,是,YXXS2024032800856,,,,,,,,,是,,,,,,其他,产品,,环保装备,GIS系统,,,,,,,2,,2023,Q3
392,计划,济南高新区遥墙安置区中水站运营服务采购项目,60,东部大区,济南区域公司,东部大区,A,污水,",,市政污水处理",,已完成（已签约）,0,0,0,0,0,0,0,0,0,0,1.54,,,,,,,,,,,,,,,,,,,,,,,,0.5,XS2024042200892,2024-05-06 00:00:00,2024-05-10 00:00:00,2024-05-31 00:00:00,,2024-06-14 00:00:00,2024-06-28 00:00:00,2024-05-06 10:05:42,2024-05-10 00:00:00,2024-05-28 00:00:00,,2024-05-31 00:00:00,2024-06-01 00:00:00,其他,济南中科成水质净化有限公司轻资产委托运营,非投标增量,,100,100,0,0,否,,,,2024-06-28 00:00:00,0,2.8,0,0,2.8,0,0,0,0,0,0,0,0,0,0,0,0,0,,,,,,,,,,,,,,0,0,2029-07-31 00:00:00,,,,,,,,0,0,0,0,0,0,0,0,0,0,0,0,2030-07-31 00:00:00,2030-07-31 00:00:00,2024-06-01 00:00:00,0,0,,,,,0,0,是,YXXS2024042200892,0,0,0,0,0,0,,否,是,,,,,,OM,服务,委托运营,,,其他,,,,,,1,,2023,Q3
393,计划,丰县欢口镇0.5万吨污水处理厂技术服务项目,60,东部大区,苏皖业务区,,A+,污水,",,市政污水处理",,已完成（已签约）,0,0,0,0,0,0,0.5,0.5,0,0,0,,,,,,,,,,,,,,,,,,,,,,,,,XS2024042700913,2024-04-30 00:00:00,2024-05-27 00:00:00,2024-05-31 00:00:00,2024-06-15 00:00:00,2024-07-10 00:00:00,2024-07-30 00:00:00,2024-04-29 13:35:35,2024-05-17 00:00:00,2024-05-31 00:00:00,2024-06-28 00:00:00,,,其他,,投标增量,,0,0,21.35,21.35,否,,,2024-06-28 00:00:00,2024-07-30 00:00:00,0.1,0.1,0.2,0.1,0.5,0,0,0,0,0,0,0,0,0,0,0,0,0,,,,,,,,,,,,,,0,无,2024-08-13 00:00:00,,,,,,,,0,0,0,0,0,0,0,0,0,0,0,0,2024-08-14 00:00:00,2024-08-07 00:00:00,2024-08-20 00:00:00,0,0,,,,,0,0,是,YXXS2024042700913,0,0,0,0,0,0,,否,是,,,,,,OM,服务,技术咨询,,,其他,,,,,,3,,2023,Q3
394,计划,浙江省杭州市余杭区新桥港生态设备技术更新项目,60,东部大区,杭湖区域公司,北控（杭州）生态环境运营管理有限公司,C,水环境综合治理,",,",,已完成（已签约）,0,0,0,0,0,0,,,,,,,,,,,,,,,,,,,,,,,,,,,,,,XS2024043000915,2024-05-08 00:00:00,2024-05-23 00:00:00,2024-05-24 00:00:00,,2024-06-04 00:00:00,2024-06-07 00:00:00,2024-05-08 10:09:54,2024-05-23 00:00:00,2024-05-24 00:00:00,,2024-06-04 00:00:00,2024-06-14 00:00:00,北控水务（中国）投资有限公司,北控（杭州）环境工程有限公司,非投标增量,,0,0,0,0,否,,,,2024-06-07 00:00:00,0.1,0.1,0,0,0.2,0,0,0,0,0,0,0,0,0,0,0,0,0,,,,,,,,,,,,,,,,,,,,,,,,0,0,0,0,0,0,0,0,0,0,0,0,,,,16.95,0,,,,,0,0,是,YXXS2024043000915,0,0,0,0,0,0,,是,是,,,,,,其他,服务,技术咨询,,技术服务,新建,,,,,,1,,2023,Q3
395,计划,平阳县4个污水处理厂特许经营TOT项目,1市场阶段,东部大区,台州区域公司,,C,污水,",,市政污水处理, 市政污水处理",,执行中,0,,,,,,19.5,16,0,,,,,,,,,,,,,,,,,,,,,,,,,,,YXCSH2023213,2023-05-12 00:00:00,2024-09-16 00:00:00,2024-10-21 00:00:00,2025-01-15 00:00:00,2025-02-06 00:00:00,2025-03-10 00:00:00,2023-05-12 00:00:00,,,,,,,,投标增量,,,,0,0,,,,,2025-03-10 00:00:00,2,2,3,3,10,0,0,0,0,0,0,0,0,0,0,100,100,200,0,0,0,0,0,0,0,0,0,0,0,0,0,,,,,,,,,,,,,,,,,,,,,,,,,,,,,,,,,,否,YXCSH2023213,,,,,,,,,是,,,,TOT,,OM,服务,委托运营,,暂未确定合作模式，拟推进股权合作或委托运营,,,,,,,5,,2023,Q3
396,计划,安徽省安庆市潜山市污水处理厂提标改造项目委托运营2024,3方案策划,东部大区,苏皖业务区,,A+,污水,",,市政污水处理",,执行中,0,0,0,0,0,0,4,4,0,0,,,,,,,,,,,,,,,,,,,,,,,,,,XS2024042200891,2024-04-26 00:00:00,2024-05-31 00:00:00,2024-06-20 00:00:00,,2024-09-30 00:00:00,2024-10-30 00:00:00,2024-04-26 16:05:28,2024-04-25 00:00:00,,,,,,,非投标增量,,,,20,20,,,,,2024-10-30 00:00:00,1,1,1,1,4,0,0,0,0,0,0,0,0,0,0,0,0,0,,,,,,,,,,,,,,0,0,2024-05-31 00:00:00,,,,,,,,,,,,,,,,,,,,2024-09-30 00:00:00,2024-10-31 00:00:00,2024-12-31 00:00:00,,,,,,,,,是,YXXS2024042200891,,,,,,,,是,是,,,,,,OM,服务,委托运营,,委托运营,,,,,,,1,,2023,Q3
397,计划,济南高新区汉峪金谷中水站运营服务采购项目,60,东部大区,济南区域公司,东部大区,A,污水,",,市政污水处理",,已完成（已签约）,0,0,0,0,0,0,0,0,0,0,1.54,,,,,,,,,,,,,,,,,,,,,,,,0.6万吨/日,XS2024042200893,2024-05-06 00:00:00,2024-05-10 00:00:00,2024-05-31 00:00:00,,2024-06-15 00:00:00,2024-05-30 00:00:00,2024-05-06 10:05:55,2024-05-10 00:00:00,2024-05-24 00:00:00,,2024-05-31 00:00:00,2024-06-01 00:00:00,其他,济南中科成水质净化有限公司,,,100,100,0,0,否,,,,2024-05-30 00:00:00,0,3.3,0,0,3.3,0,0,0,0,0,0,0,0,0,0,0,0,0,,,,,,,,,,,,,,0,0,2029-07-31 00:00:00,,,,,,,,0,0,0,0,0,0,0,0,0,0,0,0,2027-07-31 00:00:00,2027-07-31 00:00:00,2024-06-01 00:00:00,0,0,,,,,0,0,是,YXXS2024042200893,0,0,0,0,0,0,,否,是,,,,,,OM,服务,委托运营,,,其他,,,,,,1,,2023,Q3
398,计划,江苏省盐城市城南污水厂提标改造项目,3方案策划,东部大区,北京建工环境(公司),,C,污水,",,市政污水处理",,执行中,1.3,,,,,,10,10,10,,,,,,,,,,,,,,,,,,,,,,,,,,,XS2023111700490,2023-11-28 00:00:00,2024-05-31 00:00:00,2024-06-30 00:00:00,2024-06-30 00:00:00,2024-08-31 00:00:00,2024-10-31 00:00:00,2023-11-28 00:00:00,,,,,,,,非投标增量,,,,7.5,9,,,,,2024-10-31 00:00:00,,,,,,,,,,,,,,,,,,,,,,,,,,,,,,,,0,无,2024-12-31 00:00:00,,,,,,,,,,,,,,,,,,,,2024-09-01 00:00:00,2025-12-31 00:00:00,2026-01-01 00:00:00,,,,,,,,,是,YXXS2023111700490,,,,,,,,,否,,,,BOT,2类-存带增,,,,,,,,,,,,,,2023,Q3
399,计划,浙江省台州市仙居县第二污水厂委托运营,2立项策划,东部大区,台州区域公司,,C,污水,",,市政污水处理",,执行中,0,,,,,,6,6,0,,,,,,,,,,,,,,,,,,,,,,,,,,,XS2023112000512,2023-11-29 00:00:00,2024-09-23 00:00:00,2024-10-09 00:00:00,2024-10-25 00:00:00,2024-11-01 00:00:00,2024-11-11 00:00:00,2023-11-29 00:00:00,,,,,,,,投标增量,,,,0,0,,,,,2024-11-11 00:00:00,2,2,2,3,9,0,0,0,0,0,0,0,0,0,100,0,0,100,0,0,0,0,0,0,0,0,0,0,0,0,0,,,,,,,,,,,,,,,,,,,,,,,,,,,,,,,,,,是,YXXS2023112000512,,,,,,,,,是,,,,,,OM,服务,委托运营,,,,,,,,,5,,2023,Q3
400,计划,路桥街道辖区清扫保洁服务,3方案策划,东部大区,台州区域公司,,C,环卫,",,",,执行中,0.1,,,,,,,,,,,,,,,,,,,,,,,,,,,,,,,,,,,XS2024030800826,2024-03-15 00:00:00,2024-07-02 00:00:00,2024-07-20 00:00:00,2024-09-18 00:00:00,2024-09-03 00:00:00,2024-10-30 00:00:00,2024-03-15 00:00:00,,,2024-11-15 00:00:00,,,,,投标增量,,,,8,8,,,,2024-11-15 00:00:00,2024-10-30 00:00:00,,,,,,,,,,,,,,,,,,,,,,,,,,,,,,,,,,,,,,,,,,,,,,,,,,,,,,,,,,,,,,,,,否,YXXS2024030800826,,,,,,,,,是,,,,,,OM,服务,委托运营,,,,,,,,,3,,2023,Q3
401,计划,路北街道辖区清扫保洁服务,3方案策划,东部大区,台州区域公司,,C,环卫,",,",,执行中,,,,,,,,,,,,,,,,,,,,,,,,,,,,,,,,,,,,XS2024030800827,2024-03-15 00:00:00,,,,,,2024-03-15 00:00:00,,,,,,,,,,,,,,,,,,,,,,,,,,,,,,,,,,,,,,,,,,,,,,,,,,,,,,,,,,,,,,,,,,,,,,,,,,,,,,,,,,,,YXXS2024030800827,,,,,,,,,是,,,,,,,,,,,,,,,,,,,2023,Q3
402,计划,路南街道辖区清扫保洁服务,3方案策划,东部大区,台州区域公司,,C,环卫,",,",,执行中,,,,,,,,,,,,,,,,,,,,,,,,,,,,,,,,,,,,XS2024030800828,2024-03-15 00:00:00,,,,,,2024-03-15 00:00:00,,,,,,,,,,,,,,,,,,,,,,,,,,,,,,,,,,,,,,,,,,,,,,,,,,,,,,,,,,,,,,,,,,,,,,,,,,,,,,,,,,,,YXXS2024030800828,,,,,,,,,是,,,,,,,,,,,,,,,,,,,2023,Q3
403,计划,济南高新区生物医药产业园污水站运营项目,60,东部大区,济南区域公司,,C,污水,",,工业污水处理",,已完成（已签约）,0,0,0,0,0,0,0.2,0.2,0.2,0,2.68,,,,,,,,,,,,,,,,,,,,,,,,0.2,XS2024031900844,2024-03-15 00:00:00,2024-03-20 00:00:00,2024-03-29 00:00:00,2024-04-08 00:00:00,2024-04-26 00:00:00,2024-04-30 00:00:00,2024-03-20 00:00:00,2024-03-21 00:00:00,2024-03-29 00:00:00,2024-04-19 00:00:00,2024-05-28 00:00:00,2024-06-21 00:00:00,轻资产项目，无需投资,,投标增量,,0,100,0,0,否,,,2024-04-19 00:00:00,2024-04-30 00:00:00,0,2,0,0,2,0,0,0,0,0,0,0,0,0,0,0,0,0,,,,,,,,,,,,,,4,济南中科成水质净化有限公司,2024-04-30 00:00:00,,,,,,,,0,0,0,0,0,0,0,0,0,0,0,0,2026-07-31 00:00:00,2027-05-31 00:00:00,2024-06-01 00:00:00,0,0,24,0.2,2.68,1,120.96,120.96,是,YXXS2024031900844,0,0,0,0,0,0,,否,是,,,,,,OM,服务,委托运营,,,轻资产，无需建设；,,,,,,2,,2023,Q3
404,计划,浙江省台州市路桥垃圾填埋场渗滤液处理运管服务项目,1市场阶段,东部大区,台州区域公司,,C,环卫,",,",,执行中,0,,,,,,,,,,,,,,,,,,,,,,,,,,,,,,,,,,,XS2024032200847,2024-05-15 00:00:00,2024-09-30 00:00:00,2024-09-30 00:00:00,2024-10-30 00:00:00,2024-11-30 00:00:00,2024-12-30 00:00:00,2024-05-15 17:47:25,,,,,,,,投标增量,,,,0,0,,,,,2024-12-30 00:00:00,0.5,0.5,2,2,5,0,0,0,0,0,0,0,0,0,0,100,0,100,,,,,,,,,,,,,,,,,,,,,,,,,,,,,,,,,,,,,,,,,,,,,,,是,YXXS2024032200847,,,,,,,,,是,,,,,,OM,服务,委托运营,,,,,,,,,3,,2023,Q3
405,计划,五莲第二污水处理厂提标项目,1市场阶段,东部大区,青岛区域公司,,A+,污水,",,市政污水处理",,执行中,0,,,,,,2.7,2.7,0,,,,,,,,,,,,,,,,,,,,,,,,,,,XS2024040300861,,2024-07-31 00:00:00,2024-07-31 00:00:00,,2024-08-30 00:00:00,2024-09-30 00:00:00,2024-04-12 11:14:59,,,,,,,,非投标增量,,,,0,0,,,,,2024-09-30 00:00:00,0,0,0,1.3,1.3,0,0,0,0,0,0,0,0,0,0,0,0,0,,,,,,,,,,,,,,,,,,,,,,,,,,,,,,,,,,,,,,,,,,,,,,,是,YXXS2024040300861,,,,,,,,,是,,,,,,OM,服务,委托运营,,,,,,,,,3,,2023,Q3
406,计划,潍柴雷沃污水站委托运营项目,1市场阶段,东部大区,潍坊区域公司,,A,污水,",,市政污水处理",,执行中,0,,,,,,0.2,0.2,0,,,,,,,,,,,,,,,,,,,,,,,,,,,XS2024041900889,,2024-07-25 00:00:00,2024-08-15 00:00:00,2024-08-30 00:00:00,2024-09-03 00:00:00,2024-09-13 00:00:00,2024-04-27 10:14:47,,,,,,,,投标增量,,,,11,0,,,,,2024-09-13 00:00:00,0,0,2,1,3,0,0,0,0,0,0,0,0,20,0,0,0,20,,,,,,,,,,,,,,,,,,,,,,,,,,,,,,,,,,,,,,,,,,,,,,,是,YXXS2024041900889,,,,,,,,,是,,,,,,OM,产品,,运营技术产品,,,,,,,,3,,2023,Q3
407,计划,浙江省台州市温岭市东部新区南片、北片、坞根污水厂委托运营项目,2立项策划,东部大区,台州区域公司,,C,污水,",,市政污水处理",,执行中,0,,,,,,10,10,0,,,,,,,,,,,,,,,,,,,,,,,,,,,XS2024050600917,,2024-07-31 00:00:00,2024-08-09 00:00:00,2024-08-21 00:00:00,2024-08-28 00:00:00,2024-09-10 00:00:00,2024-05-15 17:46:50,,,,,,,,投标增量,,,,0,0,,,,,2024-09-10 00:00:00,6,6,8,8,28,0,0,0,0,0,0,0,0,200,0,0,0,200,,,,,,,,,,,,,,0,0,2024-07-31 00:00:00,,,,,,,,,,,,,,,,,,,,,,,,,,,,,,,是,YXXS2024050600917,,,,,,,,,是,,,,,,OM,服务,委托运营,,,,,,,,,3,,2023,Q3
408,计划,日照山海天旅游度假区污水管网及泵站运行维护项目,60,东部大区,青岛区域公司,,A+,排水管网,",,市政污水处理",,已完成（已签约）,0,0,0,0,0,0,,,,,,,,,,,,34,34,,0,0,0,1.3,,,,,,,,,,,,XS2024050700924,,2024-05-13 00:00:00,2024-05-15 00:00:00,2024-05-31 00:00:00,2024-06-19 00:00:00,2024-06-24 00:00:00,2024-05-15 15:47:38,,,,,,不涉及,,投标增量,,0,0,12,0,否,,,,2024-06-24 00:00:00,0,0,0.99,0,0.99,0,0,0,0,0,0,0,0,0,0,0,0,0,,,,,,,,,,,,,,0,无,2024-05-30 00:00:00,,,,,,,,0,0,0,0,0,0,0,0,0,0,0,0,,,,0,0,,,,,0,0,是,YXXS2024050700924,0,0,0,0,0,0,,否,是,,,,,,OM,服务,委托运营,,,新建,,,,,,3,,2023,Q3
409,计划,江苏省苏州市太仓市城东污水处理厂一二期深度处理及三期工程委托运营项目,1市场阶段,东部大区,北京建工环境,,C,污水,",,市政污水处理",,执行中,0,,,,,,7,7,0,,,,,,,,,,,,,,,,,,,,,,,,,,,XS2024060601009,,2024-11-15 00:00:00,2024-11-15 00:00:00,,2024-12-20 00:00:00,2024-12-31 00:00:00,2024-06-07 17:06:48,,,,,,,,非投标增量,,,,0,0,,,,,2024-12-31 00:00:00,0,0,2,2,4,0,0,0,0,0,0,0,0,0,0,0,0,0,,,,,,,,,,,,,,,,,,,,,,,,,,,,,,,,,,,,,,,,,,,,,,,是,YXXS2024060601009,,,,,,,,,是,,,,,,OM,服务,委托运营,,,,,,,,,1,,2023,Q3
410,计划,江苏省苏州市太仓市城北河湿地公园及八佰泾泵站委托运营项目,1市场阶段,东部大区,北京建工环境,,C,污水,",,市政污水处理",,执行中,0,,,,,,3,3,3,,,,,,,,,,,,,,,,,,,,,,,,,,,XS2024060601010,,2024-08-30 00:00:00,2024-08-30 00:00:00,,2024-09-20 00:00:00,2024-09-30 00:00:00,2024-06-11 15:47:14,,,,,,,,非投标增量,,,,0,0,,,,,2024-09-30 00:00:00,0,0.2,0.2,0.2,0.6,0,0,0,0,0,0,0,0,0,0,0,0,0,,,,,,,,,,,,,,,,,,,,,,,,,,,,,,,,,,,,,,,,,,,,,,,是,YXXS2024060601010,,,,,,,,,是,,,,,,OM,服务,委托运营,,,,,,,,,1,,2023,Q3
411,否,昌乐实康城南供水厂项目,3方案策划,东部大区,潍坊区域公司,,C,供水,"水司(主营业务),,",,执行中,0.4,,,,,,,,,,,10,10,10,,,,,,,,,,,,,,,,,,,,,,XS2023110700051,2023-12-04 00:00:00,2023-06-16 00:00:00,2024-08-20 00:00:00,2023-12-29 00:00:00,2025-01-30 00:00:00,2024-02-15 00:00:00,2023-12-04 00:00:00,,,,,,,,非投标增量,,,,5,5,,,,,2024-02-15 00:00:00,,,,,,,,,,,,,,,,,,,,,,,,,,,,,,,,,,,,,,,,,,,,,,,,,,,,,,,,,,,,,,,,,否,YXXS2023110700051,,,,,,,,,否,,,,BOT,1类-保履约,,,,,,,,,,,,,,2023,Q3
412,否,山东省潍坊市寒亭区生物基污水厂处理厂项目,3方案策划,东部大区,潍坊区域公司,,C,污水,",,工业污水处理",,执行中,0,,,,,,3,3,0,,,,,,,,,,,,,,,,,,,,,,,,,,,XS2023110700127,2023-12-01 00:00:00,2024-02-29 00:00:00,2024-04-25 00:00:00,2024-05-24 00:00:00,2024-06-28 00:00:00,2024-07-26 00:00:00,2023-12-01 00:00:00,,,,,,,,投标增量,,,,0,0,,,,,2024-07-26 00:00:00,,,,,,,,,,,,,,,,,,,,,,,,,,,,,,,,0,无,2024-05-21 00:00:00,,,,,,,,,,,,,,,,,,,,2023-01-03 00:00:00,2023-11-22 00:00:00,2023-12-15 00:00:00,,,,,,,,,否,YXXS2023110700127,,,,,,,,,是,,,,,,OM,服务,委托运营,,,,,,,,,8,,2023,Q3
413,否,浙江省台州市黄岩区中部污水处理厂,1市场阶段,东部大区,台州区域公司,,C,污水,",,市政污水处理",,执行中,0,,,,,,5,5,0,,,,,,,,,,,,,,,,,,,,,,,,,,,XS2023110700150,2023-12-22 00:00:00,2024-10-15 00:00:00,2024-11-20 00:00:00,2025-01-16 00:00:00,2025-02-10 00:00:00,2025-03-05 00:00:00,2023-12-22 00:00:00,,,,,,,,投标增量,,,,0,0,,,,,2025-03-05 00:00:00,3,3,3,6,15,0,0,0,0,0,0,0,0,0,0,0,500,500,,,,,,,,,,,,,,,,,,,,,,,,,,,,,,,,,,,,,,,,,,,,,,,否,YXXS2023110700150,,,,,,,,,是,,,,,,OM,服务,委托运营,,,,,,,,,5,,2023,Q3
414,否,灵宝西、函谷关污水处理厂,3方案策划,东部大区,洛阳区域公司,,C,污水,",,市政污水处理",,执行中,1.1,,,,,,3,3,0,,,,,,,,,,,,,,,,,,,,,,,,,,,XS2023110700195,2023-11-29 00:00:00,2024-04-20 00:00:00,2024-05-20 00:00:00,2024-07-25 00:00:00,2023-08-10 00:00:00,2024-09-05 00:00:00,2023-11-29 00:00:00,,,,,,,,投标增量,,,,7.5,8.3,,,,,2024-09-05 00:00:00,,,,,,,,,,,,,,,,,,,,,,,,,,,,,,,,,,,,,,,,,,,,,,,,,,,,,,,,,,,,,,,,,否,YXXS2023110700195,,,,,,,,,是,,,,,,EPCO,服务,委托运营,,,,,,,,,,,2023,Q3
415,否,洛宁县新建污水处理厂项目,3方案策划,东部大区,洛阳区域公司,,C,污水,",,市政污水处理",,执行中,0,,,,,,5,5,0,,,,,,,,,,,,,,,,,,,,,,,,,,,XS2023110700260,2023-12-05 00:00:00,2024-03-22 00:00:00,2024-04-30 00:00:00,2024-06-30 00:00:00,2024-07-12 00:00:00,2024-07-26 00:00:00,2023-12-05 00:00:00,,,,,,,,投标增量,,,,0,0,,,,,2024-07-26 00:00:00,,,,,,,,,,,,,,,,,,,,,,,,,,,,,,,,,,,,,,,,,,,,,,,,,,,,,,,,,,,,,,,,,否,YXXS2023110700260,,,,,,,,,是,,,,,,EPCO,服务,委托运营,,,,,,,,,,,2023,Q3
416,否,诸城市第三污水厂处理厂及配套管网项目,3方案策划,东部大区,潍坊区域公司,,C,污水,",,市政污水处理",,执行中,,,,,,,,,,,,,,,,,,,,,,,,,,,,,,,,,,,,XS2023110700370,2023-12-28 00:00:00,,,,,,2023-12-28 00:00:00,,,,,,,,,,,,,,,,,,,,,,,,,,,,,,,,,,,,,,,,,,,,,,,,,,,,,,,,,,,,,,,,,,,,,,,,,,,,,,,,,,,,YXXS2023110700370,,,,,,,,,是,,,,,,,,,,,,,,,,,,,2023,Q3
417,否,济宁高新区接庄污水处理厂改扩建及管网配套工程,3方案策划,东部大区,济宁区域公司,,C,污水,",,市政污水处理",,执行中,0,,,,,,8,8,8,,,,,,,,,,,,,,,,,,,,,,,,,,,XS2023110900405,2023-11-28 00:00:00,2024-02-28 00:00:00,2024-03-30 00:00:00,2024-06-30 00:00:00,2024-07-30 00:00:00,2024-08-30 00:00:00,2023-11-27 00:00:00,,,,,,,,投标增量,,,,7,9,,,,,2024-08-30 00:00:00,8,8,8,0,24,0,0,0,500,0,0,0,0,0,0,0,0,500,0,0,0,0,0,0,0,0,0,0,0,0,0,,,,,,,,,,,,,,,,,,,,,,,,,,,,,,,,,,否,YXXS2023110900405,,,,,,,,,是,,,,,,OM,服务,委托运营,,无,,,,,,,10,,2023,Q3
418,否,浙江省台州市椒江区分散式净水厂建设工程（太和净水厂）,1市场阶段,东部大区,台州区域公司,,C,污水,",,市政污水处理",,执行中,0,,,,,,3,3,0,,,,,,,,,,,,,,,,,,,,,,,,,,,XS2023111300421,2023-11-29 00:00:00,2024-10-15 00:00:00,2024-12-20 00:00:00,2025-03-15 00:00:00,2025-04-04 00:00:00,2025-04-15 00:00:00,2023-11-29 00:00:00,,,,,,,,投标增量,,,,0,0,,,,,2025-04-15 00:00:00,3,3,4,5,15,0,0,0,0,0,0,0,0,0,0,0,200,200,0,0,0,0,0,0,0,0,0,0,0,0,0,,,,,,,,,,,,,,,,,,,,,,,,,,,,,,,,,,否,YXXS2023111300421,,,,,,,,,是,,,,,,OM,服务,委托运营,,,,,,,,,8,,2023,Q3
419,否,浙江省台州市椒江区椒江西部葭芷污水处理厂,1市场阶段,东部大区,台州区域公司,,C,污水,",,市政污水处理",,执行中,0,,,,,,5,5,0,,,,,,,,,,,,,,,,,,,,,,,,,,,XS2023111600450,2023-11-27 00:00:00,2024-12-15 00:00:00,2025-03-15 00:00:00,2025-05-30 00:00:00,2025-07-15 00:00:00,2025-08-15 00:00:00,2023-11-27 00:00:00,,,,,,,,投标增量,,,,0,0,,,,,2025-08-15 00:00:00,3,3,4,5,15,0,0,0,0,0,0,0,0,0,0,0,0,0,0,0,0,0,0,0,0,0,0,0,0,0,0,,,,,,,,,,,,,,,,,,,,,,,,,,,,,,,,,,否,YXXS2023111600450,,,,,,,,,是,,,,,,OM,服务,委托运营,,,,,,,,,5,,2023,Q3
420,否,江门市恩平市谭江重点支流水环境治理工程EPCO项目,1市场阶段,南部大区,江门区域公司,,C,水环境综合治理,",,",,执行中,0,,,,,,,,,,,,,,,,,,,,,,,,,,,,,,,,,,,XS2023111700506,2024-01-25 00:00:00,2024-11-30 00:00:00,2025-01-26 00:00:00,2025-02-23 00:00:00,2025-03-20 00:00:00,2025-04-02 00:00:00,2024-01-25 00:00:00,,,,,,,,投标增量,,,,0,0,,,,,2025-04-02 00:00:00,,,,,,,,,,,,,,,,,,,,,,,,,,,,,,,,,,,,,,,,,,,,,,,,,,,,,,,,,,,,,,,,,否,YXXS2023111700506,,,,,,,,,是,,,,,,EPCO,服务,委托运营,,,,,,,,,,,2023,Q3
421,否,江门市蓬江区城乡排水设施完善工程,1市场阶段,南部大区,江门区域公司,,C,水环境综合治理,",,",,执行中,0,,,,,,,,,,,,,,,,,,,,,,,,,,,,,,,,,,,XS2023111700507,2023-12-01 00:00:00,2024-09-30 00:00:00,2024-11-26 00:00:00,2025-01-23 00:00:00,2025-02-20 00:00:00,2025-03-02 00:00:00,2023-12-01 00:00:00,,,,,,,,投标增量,,,,0,0,,,,,2025-03-02 00:00:00,,,,,,,,,,,,,,,,,,,,,,,,,,,,,,,,,,,,,,,,,,,,,,,,,,,,,,,,,,,,,,,,,否,YXXS2023111700507,,,,,,,,,是,,,,,,EPCO,服务,委托运营,,,,,,,,,,,2023,Q3
422,否,洛宁污水处理项目（存量第一、第二污水处理厂）,3方案策划,东部大区,洛阳区域公司,,C,污水,",,市政污水处理",,执行中,0,,,,,,6,6,0,,,,,,,,,,,,,,,,,,,,,,,,,,,XS2023112000519,2023-12-05 00:00:00,2024-03-15 00:00:00,2024-04-20 00:00:00,2024-07-20 00:00:00,2024-08-10 00:00:00,2024-08-30 00:00:00,2023-12-05 00:00:00,,,,,,,,投标增量,,,,0,0,,,,,2024-08-30 00:00:00,,,,,,,,,,,,,,,,,,,,,,,,,,,,,,,,,,,,,,,,,,,,,,,,,,,,,,,,,,,,,,,,,否,YXXS2023112000519,,,,,,,,,是,,,,TOT,3类-空白区域,EPCO,服务,委托运营,,拟策划为EPCO项目,,,,,,,,,2023,Q3
423,否,江苏省无锡市宜兴市八厂提标改造项目,3方案策划,东部大区,北京建工环境,,C,污水,",,市政污水处理",,执行中,0,,,,,,19.5,19.5,19.5,,,,,,,,,,,,,,,,,,,,,,,,,,,XS2023112100562,2023-11-28 00:00:00,2020-07-01 00:00:00,2020-08-01 00:00:00,2020-08-01 00:00:00,2024-01-31 00:00:00,2024-12-30 00:00:00,2023-11-28 00:00:00,,,,,,,,非投标增量,,,,7.5,8.5,,,,,2024-12-30 00:00:00,40,10,8,0,58,0,0,0,0,0,0,0,0,0,0,0,0,0,0,0,0,0,0,0,0,0,0,0,0,0,0,0,0,2023-11-01 00:00:00,,,,,,,,,,,,,,,,,,,,2020-09-01 00:00:00,2020-12-31 00:00:00,2021-01-01 00:00:00,,,,,,,,,否,YXXS2023112100562,,,,,,,,,是,,,,BOT,1类-保履约,,,,,提标改造项目,,,,,,,,,2023,Q3
424,否,大冶大箕铺镇生活污水处理厂二期委托运营项目,3方案策划,东部大区,北京建工环境,,C,污水,",,市政污水处理",,执行中,2,,,,,,4,4,0,,,,,,,,,,,,,,,,,,,,,,,,,,,XS2023112200584,2023-12-04 00:00:00,2024-02-28 00:00:00,2025-06-20 00:00:00,2024-11-18 00:00:00,2025-11-18 00:00:00,2025-12-08 00:00:00,2023-12-04 00:00:00,,,,,,,,非投标增量,,,,7.5,8.5,,,,,2025-12-08 00:00:00,,,,,,,,,,,,,,,,,,,,,,,,,,,,,,,,,,,,,,,,,,,,,,,,,,,,,,,,,,,,,,,,,否,YXXS2023112200584,,,,,,,,,是,,,,,,OM,服务,委托运营,,大箕铺镇生活污水处理厂二期扩建工程项目 4 万 m3 /d 委托运营服务,,,,,,,5,,2023,Q3
425,否,大冶高新区管网委托运营项目,3方案策划,东部大区,北京建工环境,,C,排水管网,",,",,执行中,0,,,,,,,,,,,,,,,,,52.6,52.6,,,,,,,,,,,,,,,,,XS2023112200594,2023-11-25 00:00:00,2023-12-08 00:00:00,2023-12-12 00:00:00,2024-05-06 00:00:00,2024-11-12 00:00:00,2024-12-26 00:00:00,2023-12-04 00:00:00,,,,,,,,非投标增量,,,,7.5,8.5,,,,,2024-12-26 00:00:00,,,,,,,,,,,,,,,,,,,,,,,,,,,,,,,,,,,,,,,,,,,,,,,,,,,,,,,,,,,,,,,,,否,YXXS2023112200594,,,,,,,,,是,,,,,,OM,服务,委托运营,,大冶高新区运营的存量污水厂项目，进一步策划实施大冶高新区污水管网委托运营项目,,,,,,,5,,2023,Q3
426,否,安徽省淮北市相山区淮北相山区第二污水处理厂,3方案策划,东部大区,苏皖业务区,,C,污水,",,工业污水处理",,执行中,0,,,,,,1,1,1,,,,,,,,,,,,,,,,,,,,,,,,,,,XS2023112200595,2023-11-01 00:00:00,2024-12-01 00:00:00,2024-12-17 00:00:00,2024-12-18 00:00:00,2024-12-20 00:00:00,2024-12-31 00:00:00,2023-11-29 00:00:00,,,2024-12-24 00:00:00,,,,,投标增量,,,,20,20,,,,2024-12-24 00:00:00,2024-12-31 00:00:00,,,,,,,,,,,,,,,,,,,,,,,,,,,,,,,,,,,,,,,,,,,,,,,,,,,,,,,,,,,,,,,,,否,YXXS2023112200595,,,,,,,,,是,,,,,,OM,服务,委托运营,,,,,,,,,5,,2023,Q3
427,否,佛冈县城污水处理厂改造扩容工程,3方案策划,南部大区,广佛区域公司,,C,污水,",,市政污水处理",,执行中,0,,,,,,5.5,3,0,,,,,,,,,,,,,,,,,,,,,,,,,,,XS2023112300604,2023-12-01 00:00:00,2024-09-01 00:00:00,2024-12-15 00:00:00,2025-04-01 00:00:00,2025-07-05 00:00:00,2025-08-05 00:00:00,2023-12-01 00:00:00,,,2025-05-30 00:00:00,,,,,投标增量,,,,0,0,,,,2025-05-30 00:00:00,2025-08-05 00:00:00,,,,,,,,,,,,,,,,,,,,,,,,,,,,,,,,20,北控水务（中国）投资有限公司,2025-05-20 00:00:00,,,,,,,,,,,,,,,,,,,,2025-08-15 00:00:00,2026-08-14 00:00:00,2026-09-30 00:00:00,,,,,,,,,否,YXXS2023112300604,,,,,,,,,是,,,,,,EPCO,产品,,环保装备,,,,,,,,,,2023,Q3
428,否,湖南省长沙市浏阳市镇头污水处理厂扩建项目,1市场阶段,南部大区,长沙区域公司,,C,其他,",,",,执行中,0.1,,,,,,0,0,0,,,,,,,,,,,,,,,,,,,,,,,,,,预计装备销售合同1000万元,XS2023112300605,,2024-12-31 00:00:00,2025-03-31 00:00:00,,2025-05-31 00:00:00,2025-06-30 00:00:00,2024-05-30 16:56:18,,,,,,,,,,,,0,0,,,,,2025-06-30 00:00:00,0,0,0,0,0,0,0,0,0,0,0,0,0,0,0,0,0,0,,,,,,,,,,,,,,,,,,,,,,,,,,,,,,,,,,,,,,,,,,,,,,,否,YXXS2023112300605,,,,,,,,,是,,,,,,其他,产品,,环保装备,,,,,,,,0,,2023,Q3
429,否,石龙厂原位扩容（装备供应）项目,3方案策划,南部大区,莞惠区域公司,,C,污水,",,市政污水处理",,执行中,0,,,,,,2,2,0,,,,,,,,,,,,,,,,,,,,,,,,,,,XS2023112300614,2023-12-01 00:00:00,2025-10-20 00:00:00,2026-01-08 00:00:00,2026-03-27 00:00:00,2026-04-30 00:00:00,2026-05-15 00:00:00,2023-12-01 00:00:00,,,2026-03-31 00:00:00,,,,,投标增量,,,,0,0,,,,2026-03-31 00:00:00,2026-05-15 00:00:00,,,,,,,,,,,,,,,,,,,,,,,,,,,,,,,,,,,,,,,,,,,,,,,,,,,,,,,,,,,,,,,,,否,YXXS2023112300614,,,,,,,,,是,,,,,,OM,产品,,环保装备,,,,,,,,8,,2023,Q3
430,否,山西省运城市垣曲污水处理厂委托运营项目,3方案策划,东部大区,晋临区域公司,,C,污水,",,市政污水处理",,执行中,0,,,,,,3,3,0,,,,,,,,,,,,,,,,,,,,,,,,,,,XS2023112300616,2023-11-28 00:00:00,2024-11-22 00:00:00,2025-01-23 00:00:00,2025-03-28 00:00:00,2025-04-30 00:00:00,2025-05-28 00:00:00,2023-11-28 00:00:00,,,2025-03-28 00:00:00,,,,,投标增量,,,,0,0,,,,2025-03-28 00:00:00,2025-05-28 00:00:00,,,,,,,,,,,,,,,,,,,,,,,,,,,,,,,,,,,,,,,,,,,,,,,,,,,,,,,,,,,,,,,,,否,YXXS2023112300616,,,,,,,,,是,,,,,,OM,服务,委托运营,,,,,,,,,5,,2023,Q3
431,否,惠州仲恺三和、西坑、广和三厂委托运营,2立项策划,南部大区,莞惠区域公司,,C,污水,",,市政污水处理, 市政污水处理",,执行中,0,,,,,,7.5,7.5,0,,,,,,,,,,,,,,,,,,,,,,,,,,无,,2023-06-30 00:00:00,2024-06-30 00:00:00,2024-08-31 00:00:00,2024-10-31 00:00:00,2024-12-01 00:00:00,2024-12-31 00:00:00,2023-11-01 00:00:00,,,2024-11-29 00:00:00,,,,,投标增量,,,,0,0,,,,2024-11-29 00:00:00,2024-12-31 00:00:00,5.6,5.6,5.6,5.6,22.4,0,0,0,0,0,0,0,0,0,0,0,0,0,0,0,0,0,0,0,0,0,0,0,0,0,0,,,,,,,,,,,,,,,,,,,,,,,,,,,,,,,,,,否,YXCSH2023306,,,,,,,,,是,,,,OM,,OM,服务,委托运营,,我司与仲恺城发集团计划成立运营管理平台公司，在项目建设阶段提供技术优化、技术审核等方案，提供过程支持，并在建成后提供运维服务，股权比例需要高层对接后确定。,,,,,,,3,,2023,Q3
432,否,双牌县污水处理厂扩容提标（工业集中区污水处理）项目（TOT）,2立项策划,南部大区,永州区域公司,,C,污水,",,工业污水处理",,执行中,0.5,,,,,,1,1,1,,,0,0,0,,,,0,0,,,,,,0,0,0,,,0,0,,,,0,,2023-11-01 00:00:00,2023-12-31 00:00:00,2025-04-01 00:00:00,2025-06-01 00:00:00,2025-08-01 00:00:00,2025-09-01 00:00:00,2023-11-01 00:00:00,,,2025-06-01 00:00:00,,,,,投标增量,,,,0,0,,,,2025-06-01 00:00:00,2025-09-01 00:00:00,,,,,,,,,,,,,,,,,,,,,,,,,,,,,,,,0,无,2024-10-16 00:00:00,,,,,,,,,,,,,,,,,,,,2022-06-01 00:00:00,2024-06-01 00:00:00,2024-07-01 00:00:00,,,,,,,,,否,YXCSH2023302,,,,,,,,,否,,,,TOT,2类-存带增,OM,服务,委托运营,,,,,,,,,8,,2023,Q3
433,否,角山厂外管网泵站运维项目 (OM),2立项策划,南部大区,永州区域公司,,C,排水管网,",,",,执行中,0,,,,,,0,0,0,,,0,0,0,,,,15,15,,,,,,0,0,0,,,0,0,,,,0,,2023-11-01 00:00:00,2024-11-01 00:00:00,2025-02-11 00:00:00,2025-03-25 00:00:00,2025-05-25 00:00:00,2025-06-30 00:00:00,2023-11-01 00:00:00,,,2025-03-25 00:00:00,,,,,投标增量,,,,0,0,,,,2025-03-25 00:00:00,2025-06-30 00:00:00,,,,,,,,,,,,,,,,,,,,,,,,,,,,,,,,,,,,,,,,,,,,,,,,,,,,,,,,,,,,,,,,,否,YXCSH2023301,,,,,,,,,是,,,,OM,,OM,服务,委托运营,,委托运营项目,,,,,,,3,,2023,Q3
434,否,山东省潍坊市滨海区中央城区城镇污水处理厂项目,3方案策划,东部大区,潍坊区域公司,,C,污水,",,市政污水处理",,执行中,0,,,,,,3,3,0,,,,,,,,,,,,,,,,,,,,,,,,,,,XS2023112700647,2023-12-04 00:00:00,2024-03-15 00:00:00,2024-04-25 00:00:00,2024-05-30 00:00:00,2024-06-20 00:00:00,2024-07-19 00:00:00,2023-12-04 00:00:00,,,,,,,,投标增量,,,,0,0,,,,,2024-07-19 00:00:00,,,,,,,,,,,,,,,,,,,,,,,,,,,,,,,,,,,,,,,,,,,,,,,,,,,,,,,,,,,,,,,,,否,YXXS2023112700647,,,,,,,,,是,,,,,,OM,服务,委托运营,,,,,,,,,5,,2023,Q3
435,否,南京禄口国际机场污水处理厂委托运营项目,2立项策划,东部大区,苏皖业务区,,C,污水,",,市政污水处理",,执行中,0,,,,,,0.5,0.5,0,,,,,,,,,,,,,,,,,,,,,,,,,,,XS2023112800665,2023-12-01 00:00:00,2024-10-01 00:00:00,2024-10-31 00:00:00,2024-11-15 00:00:00,2024-11-30 00:00:00,2024-12-31 00:00:00,2023-11-30 00:00:00,,,,,,,,投标增量,,,,8,6.9,,,,,2024-12-31 00:00:00,,,,,,,,,,,,,,,,,,,,,,,,,,,,,,,,0,北控水务（中国）投资有限公司,2024-02-10 00:00:00,,,,,,,,,,,,,,,,,,,,2024-04-20 00:00:00,2024-10-20 00:00:00,2024-11-20 00:00:00,,,,,,,,,否,YXXS2023112800665,,,,,,,,,是,,,,,,OM,服务,委托运营,,,,,,,,,3,,2023,Q3
436,否,长治市滨湖区污水处理及回用工程,3方案策划,东部大区,晋临区域公司,,C,污水,",,市政污水处理",,执行中,0,,,,,,8,3,3,,,,,,,,,,,,,,,,,,,,,,,,,,,XS2023112800666,2023-11-28 00:00:00,2025-02-03 00:00:00,2025-04-25 00:00:00,2025-06-05 00:00:00,2025-06-27 00:00:00,2025-07-10 00:00:00,2023-11-29 00:00:00,,,2025-06-05 00:00:00,,,,,投标增量,,,,0,0,,,,2025-06-05 00:00:00,2025-07-10 00:00:00,,,,,,,,,,,,,,,,,,,,,,,,,,,,,,,,,,,,,,,,,,,,,,,,,,,,,,,,,,,,,,,,,否,YXXS2023112800666,,,,,,,,,是,,,,,,其他,服务,委托运营,,,,,,,,,3,,2023,Q3
437,否,长治市上党区主城区污水处理厂扩容搬迁工程,3方案策划,东部大区,晋临区域公司,,C,污水,",,市政污水处理",,执行中,0,,,,,,2,2,2,,,,,,,,,,,,,,,,,,,,,,,,,,,XS2023112800667,2023-11-29 00:00:00,2024-11-22 00:00:00,2024-12-12 00:00:00,2025-03-13 00:00:00,2025-03-28 00:00:00,2025-04-10 00:00:00,2023-11-29 00:00:00,,,2025-03-13 00:00:00,,,,,投标增量,,,,0,0,,,,2025-03-13 00:00:00,2025-04-10 00:00:00,,,,,,,,,,,,,,,,,,,,,,,,,,,,,,,,,,,,,,,,,,,,,,,,,,,,,,,,,,,,,,,,,否,YXXS2023112800667,,,,,,,,,是,,,,,,OM,服务,委托运营,,,,,,,,,3,,2023,Q3
438,否,山西省朔州市怀仁市污水处理项目,3方案策划,东部大区,太原区域公司,,C,污水,",,市政污水处理",,执行中,0,,,,,,5,5,0,,,,,,,,,,,,,,,,,,,,,,,,,,,XS2023112800672,2024-02-22 00:00:00,2024-12-19 00:00:00,2025-02-27 00:00:00,2025-05-14 00:00:00,2025-07-17 00:00:00,2025-09-02 00:00:00,2024-02-22 00:00:00,,,2025-05-14 00:00:00,,,,,投标增量,,,,0,0,,,,2025-05-14 00:00:00,2025-09-02 00:00:00,,,,,,,,,,,,,,,,,,,,,,,,,,,,,,,,15,北控水务（中国）投资有限公司,2024-11-14 00:00:00,,,,,,,,,,,,,,,,,,,,2025-03-04 00:00:00,2025-12-11 00:00:00,2025-12-24 00:00:00,,,,,,,,,否,YXXS2023112800672,,,,,,,,,是,,,,,,OM,服务,委托运营,,,,,,,,,3,,2023,Q3
439,否,红山污水处理项目,3方案策划,东部大区,洛阳区域公司,,C,污水,",,市政污水处理",,执行中,0,,,,,,3,3,3,,,,,,,,,,,,,,,,,,,,,,,,,,,XS2023112900673,2023-12-05 00:00:00,2024-04-20 00:00:00,2024-05-20 00:00:00,2024-07-20 00:00:00,2024-08-15 00:00:00,2024-08-30 00:00:00,2023-12-05 00:00:00,,,,,,,,投标增量,,,,0,0,,,,,2024-08-30 00:00:00,,,,,,,,,,,,,,,,,,,,,,,,,,,,,,,,,,,,,,,,,,,,,,,,,,,,,,,,,,,,,,,,,否,YXXS2023112900673,,,,,,,,,是,,,,,,OM,服务,委托运营,,委托运营模式 ，年度净利润200万元/年,,,,,,,6,,2023,Q3
440,否,新建辛店污水处理项目,3方案策划,东部大区,洛阳区域公司,,C,污水,",,市政污水处理",,执行中,0,,,,,,6,6,0,,,,,,,,,,,,,,,,,,,,,,,,,,,XS2023112900674,2023-12-05 00:00:00,2024-08-31 00:00:00,2024-09-30 00:00:00,2024-11-30 00:00:00,2024-12-31 00:00:00,2025-02-13 00:00:00,2023-12-05 00:00:00,,,2024-11-30 00:00:00,,,,,投标增量,,,,0,0,,,,2024-11-30 00:00:00,2025-02-13 00:00:00,,,,,,,,,,,,,,,,,,,,,,,,,,,,,,,,,,,,,,,,,,,,,,,,,,,,,,,,,,,,,,,,,否,YXXS2023112900674,,,,,,,,,是,,,,,,OM,服务,委托运营,,,,,,,,,6,,2023,Q3
441,否,洪洞经济技术开发区第一、第二污水处理厂项目,1市场阶段,东部大区,晋临区域公司,,C,污水,",,市政污水处理",,执行中,0,,,,,,3.5,3.5,0,,,,,,,,,,,,,,,,,,,,,,,,,,,XS2023112900675,2023-11-29 00:00:00,2024-08-23 00:00:00,2024-11-14 00:00:00,2024-12-19 00:00:00,2025-01-09 00:00:00,2025-01-16 00:00:00,2023-11-29 00:00:00,,,2024-12-19 00:00:00,,,,,投标增量,,,,0,0,,,,2024-12-19 00:00:00,2025-01-16 00:00:00,,,,,,,,,,,,,,,,,,,,,,,,,,,,,,,,,,,,,,,,,,,,,,,,,,,,,,,,,,,,,,,,,否,YXXS2023112900675,,,,,,,,,是,,,,,,其他,服务,工程管理,,,,,,,,,1,,2023,Q3
442,否,汉川市高铁新区污水处理厂委托运营项目,3方案策划,东部大区,北京建工环境,,C,污水,",,市政污水处理",,执行中,1.2,,,,,,3,3,3,,,,,,,,,,,,,,,,,,,,,,,,,,3,XS2023121400719,2023-12-25 00:00:00,2024-09-20 00:00:00,2024-10-15 00:00:00,2024-10-30 00:00:00,2025-03-10 00:00:00,2025-03-28 00:00:00,2023-12-15 00:00:00,,,,,,,,非投标增量,,,,8,9,,,,,2025-03-28 00:00:00,,,,,,,,,,,,,,,,,,,,,,,,,,,,,,,,,,,,,,,,,,,,,,,,,,,,,,,,,,,,,,,,,否,YXXS2023121400719,,,,,,,,,是,,,,,,OM,服务,委托运营,,,,,,,,,5,,2023,Q3
443,否,山东省淄博市淄川区范阳河污水厂配套湿地项目,3方案策划,东部大区,聊城区域公司,,C,污水,",,市政污水处理",,执行中,,,,,,,,,,,,,,,,,,,,,,,,,,,,,,,,,,,,XS2023121600722,2023-12-21 00:00:00,,,,,,2023-12-21 00:00:00,,,,,,,,,,,,,,,,,,,,,,,,,,,,,,,,,,,,,,,,,,,,,,,,,,,,,,,,,,,,,,,,,,,,,,,,,,,,,,,,,,,,YXXS2023121600722,,,,,,,,,是,,,,,,,,,,,,,,,,,,,2023,Q3
444,否,山东省淄博市临淄区齐都及齐城污水厂项目,3方案策划,东部大区,聊城区域公司,,C,污水,",,市政污水处理",,执行中,,,,,,,,,,,,,,,,,,,,,,,,,,,,,,,,,,,,XS2023121600723,2023-12-21 00:00:00,,,,,,2023-12-21 00:00:00,,,,,,,,,,,,,,,,,,,,,,,,,,,,,,,,,,,,,,,,,,,,,,,,,,,,,,,,,,,,,,,,,,,,,,,,,,,,,,,,,,,,YXXS2023121600723,,,,,,,,,是,,,,,,,,,,,,,,,,,,,2023,Q3
445,否,医化工业污水处理厂委托运营项目,1市场阶段,东部大区,台州区域公司,,C,污水,",,工业污水处理",,执行中,0,,,,,,3,3,0,,,,,,,,,,,,,,,,,,,,,,,,,,,XS2023122000724,2023-12-22 00:00:00,2024-09-02 00:00:00,2024-09-30 00:00:00,2024-10-28 00:00:00,2024-11-15 00:00:00,2024-12-20 00:00:00,2023-12-22 00:00:00,,,,,,,,投标增量,,,,0,0,,,,,2024-12-20 00:00:00,7,7,8,8,30,0,0,0,0,0,0,0,0,0,0,0,0,0,,,,,,,,,,,,,,,,,,,,,,,,,,,,,,,,,,,,,,,,,,,,,,,否,YXXS2023122000724,,,,,,,,,是,,,,,,OM,服务,委托运营,,,,,,,,,5,,2023,Q3
446,否,陕西省咸阳市泾阳县引汉济渭泾阳售水区云阳水厂项目,3方案策划,东部大区,西安区域公司,,C,供水,"制水,,",,执行中,0,,,,,,,,,,,5,2,0,,,,,,,,,,,,,,,,,,,,,,XS2023122000725,2023-12-27 00:00:00,2024-07-28 00:00:00,2024-08-28 00:00:00,2024-09-30 00:00:00,2024-11-25 00:00:00,2024-12-30 00:00:00,2023-12-27 00:00:00,,,2024-10-15 00:00:00,,,,,投标增量,,,,0,0,,,,2024-10-15 00:00:00,2024-12-30 00:00:00,,,,,,,,,,,,,,,,,,,,,,,,,,,,,,,,,,,,,,,,,,,,,,,,,,,,,,,,,,,,,,,,,是,YXXS2023122000725,,,,,,,,,是,,,,,,EPCO,服务,委托运营,,,,,,,,,3,,2023,Q3
447,否,安徽固镇经济开发区污水处理厂五期及尾水生态净化项目,2立项策划,东部大区,苏皖业务区,,C,污水,",,市政污水处理",,执行中,0,,,,,,4,0,0,,,,,,,,,,,,,,,,,,,,,,,,,,,XS2023122000729,2023-12-26 00:00:00,2024-08-31 00:00:00,2024-09-09 00:00:00,2024-11-01 00:00:00,2024-12-20 00:00:00,2024-12-27 00:00:00,2023-12-26 00:00:00,,,,,,,,投标增量,,,,20,20,,,,,2024-12-27 00:00:00,5,5,5,5,20,50,50,50,50,50,50,0,0,0,0,0,0,300,,,,,,,,,,,,,,,,,,,,,,,,,,,,,,,,,,,,,,,,,,,,,,,否,YXXS2023122000729,,,,,,,,,是,,,,,,EPCO,服务,委托运营,,EPCO模式,,,,,,,,,2023,Q3
448,否,潍坊市高新区全域道路保洁服务项目,1市场阶段,东部大区,潍坊区域公司,,C,环卫,",,",,执行中,,,,,,,,,,,,,,,,,,,,,,,,,,,,,,,,,,,,XS2024030700816,2024-03-16 00:00:00,,,,,2025-02-28 00:00:00,2024-03-16 00:00:00,,,,,,,,投标增量,,,,,,,,,,2025-02-28 00:00:00,,,,,,,,,,,,,,,,,,,,,,,,,,,,,,,,,,,,,,,,,,,,,,,,,,,,,,,,,,,,,,,,,,YXXS2024030700816,,,,,,,,,是,,,,,,,,,,,,,,,,,3,,2023,Q3
449,否,河南省焦作市沁阳市城乡一体化环卫项目,1市场阶段,东部大区,郑州业务区,,C,环卫,",,",,执行中,0,,,,,,,,,,,,,,,,,,,,,,,,,,,,,,,,,,,XS2024052300986,,2024-06-28 00:00:00,2024-07-05 00:00:00,2024-09-27 00:00:00,2024-10-08 00:00:00,2024-10-31 00:00:00,2024-06-11 15:52:27,,,2024-10-11 00:00:00,,,,,投标增量,,,,6,6,,,,2024-10-11 00:00:00,2024-10-31 00:00:00,,,,,,,,,,,,,,,,,,,,,,,,,,,,,,,,,,,,,,,,,,,,,,,,,,,,,,,,,,,,,,,,,是,YXXS2024052300986,,,,,,,,,是,,,,,,其他,服务,委托运营,,,,,,,,,3,,2023,Q3
450,否,山西省临汾市霍州市环卫项目,1市场阶段,东部大区,晋临区域公司,,C,环卫,",,",,执行中,0,,,,,,,,,,,,,,,,,,,,,,,,,,,,,,,,,,,XS2024052800995,,2024-08-05 00:00:00,2024-09-10 00:00:00,2024-09-23 00:00:00,2024-10-28 00:00:00,2024-11-25 00:00:00,2024-06-04 09:07:33,,,2024-11-04 00:00:00,,,,,投标增量,,,,6,8,,,,2024-11-04 00:00:00,2024-11-25 00:00:00,1,1,14,14,30,0,0,0,0,0,0,0,0,0,0,0,0,0,,,,,,,,,,,,,,0,,,,,,,,,,,,,,,,,,,,,,,,,,,,,,,,,是,YXXS2024052800995,,,,,,,,,是,,,,,,OM,服务,委托运营,,,,,,,,,3,,2023,Q3
451,否,安国市污水厂及再生水厂TOT项目,3方案策划,北部大区,冀东区域公司,,A,污水,",,市政污水处理",,已暂停,0.5,1000,0,0,4000,0,6,6,6,5000,1.85,,,,,,,,,,,,,,,,,,,,,,,,,YXCSH2023001,2023-01-06 00:00:00,2023-04-25 00:00:00,2023-06-15 00:00:00,2023-07-20 00:00:00,2023-08-15 00:00:00,2023-08-30 00:00:00,2023-01-06 00:00:00,2023-05-10 00:00:00,,,,,,,投标增量,,,,8.48,14.31,,,,,2023-08-30 00:00:00,5.25,5.25,5.25,5.25,21,,,,,,,,,,,,,0,,,,,,,,,,,,,0,,,,,,,,,,,,,,,,,,,,,,,,,,,,,,,,,,,YXCSH2023001,,,,,,,,,,,,,TOT,,,,,,无,,,,,,,,,2023,Q3
452,否,香河县三强污水特许经营项目,3方案策划,北部大区,三河区域公司,,A,污水,",,市政污水处理, 市政污水处理",,已暂停,0,35000,,0,2.8,,8,8,8,35000,,,,,,,,,,,,,,,,,,,,,,,,,,YXCSH2023008,2023-04-25 00:00:00,2023-05-12 00:00:00,2024-05-31 00:00:00,2024-07-31 00:00:00,2024-09-30 00:00:00,2024-12-31 00:00:00,2023-04-25 00:00:00,2023-05-15 00:00:00,,,,,,,投标增量,,,,8,10,,,,,2024-12-31 00:00:00,6,6,6,6,24,0,0,0,0,0,0,0,0,0,0,0,50,50,0,0,0,0,0,0,0,0,0,0,0,0,0,,,,,,,,,,,,,,,,,,,,,,,,,,,,,,,,,,否,YXCSH2023008,,,,,,,,,否,,,,TOT,2类-存带增,,,,,,,,,,,,,,2023,Q3
453,否,东海县城南污水处理厂及配套管网工程PPP项目,3方案策划,东部大区,苏皖业务区,,,污水,",,市政污水处理",,执行中,1.9972,2596,0,1398,15978,0,3,2,2,19973.1,,,0,0,0,,0,0,0,,0,,,,,,,,,,,,,,,,2022-05-12 00:00:00,2022-10-08 00:00:00,,2023-05-31 00:00:00,,,2022-05-12 00:00:00,2022-10-04 00:00:00,,,,,北控水务（中国）投资有限公司,北控水务（中国）投资有限公司,投标增量,北控水务（中国）投资有限公司,20,65,7.48,11.54,否,,,,,0,0,,,0,0,0,0,0,0,0,0,0,0,0,0,0,0,0,0,0,0,0,0,0,0,0,0,0,0,0,,,,,,,,,,,,,,,,,,,,,,,,,,,,,,,,,,,YXCSH2023010,,,,,,,,,是,,,,BOOT,,,,,,PPP模式,,,,,,,,,2023,Q3
454,否,鞍山清朗、清畅水务有限公司100%股权转让项目,5正式评审,北部大区,鞍山区域公司,,B,污水,",,市政污水处理",,已暂停,2.4,,,,,,23,23,18,,,,,,,,,,,,,,,,,,,,,,,,,,,YXCSH2023012,2022-03-21 00:00:00,2022-05-18 00:00:00,2022-04-24 00:00:00,,2022-11-28 00:00:00,2023-12-31 00:00:00,2022-03-21 00:00:00,2022-05-18 00:00:00,2022-04-24 00:00:00,,2022-11-28 00:00:00,,北控水务（中国）投资有限公司,,并购增量,,,,9.58,,否,,,,2023-12-31 00:00:00,20.125,20.125,20.125,20.125,80.5,,,,,,,,,,,,,0,,,,,,,,,,,,2000,2000,,,,,,,,,,,,,,,,,24000,12000,12000,,,,,,,,,,,,,,,,YXCSH2023012,,,,,,,,,,,,,并购,,,,,,,,,,,,,,,2023,Q3
455,否,大连旅顺新城污水项目收购,2立项策划,北部大区,东北业务区,,C,污水,",,市政污水处理",,执行中,2,,,,,,3,3,3,,,,,,,,,,,,,,,,,,,,,3,3,,,,0,,,,,,,,,,,,,,,,,,,,7,10,,,,,,2.5,2.5,2.5,2.5,10,,,,,,,,,,,,,0,,,,,,,,,,,,,0,,,,,,,,,,,,,,,,,,,,,,,,,,,,,,,,,,,YXCSH2023013,,,,,,,,,是,,,,并购,,,,,,并购,,,,,,,,,2023,Q3
456,否,黄冈麻城委托运营项目,2立项策划,东部大区,北京建工环境,,C,污水,",,市政污水处理, 市政污水处理",,执行中,0,,,,,,4,4,4,,,,,,,,,,,,,,,,,,,,,,,,,,,,2023-07-12 00:00:00,2023-09-06 00:00:00,2025-03-12 00:00:00,2025-05-16 00:00:00,2025-06-10 00:00:00,2024-07-26 00:00:00,2023-07-12 00:00:00,,,2024-06-20 00:00:00,,,,,投标增量,,,,12,15,,,,2024-06-20 00:00:00,2024-07-26 00:00:00,1,1,0,1,3,0,0,0,0,500,0,0,0,0,0,0,0,500,0,0,0,0,0,0,0,0,0,0,0,0,0,,,,,,,,,,,,,,,,,,,,,,,,,,,,,,,,,,否,YXCSH2023019,,,,,,,,,是,,,,OM,,OM,服务,委托运营,,麻城市污水城乡一体化运营管理,,,,,,,8,,2023,Q3
457,否,香河县国兴污水特许经营项目,2立项策划,北部大区,三河区域公司,,C,污水,",,市政污水处理, 市政污水处理",,已暂停,0,,,,,,3,3,3,,,,,,,,,,,,,,,,,,,,,,,,,,,YXCSH2023041,2023-04-25 00:00:00,2023-08-15 00:00:00,2024-06-28 00:00:00,2024-09-30 00:00:00,2024-10-31 00:00:00,2024-12-31 00:00:00,2023-04-25 00:00:00,,,,,,,,投标增量,,,,8,10,,,,,2024-12-31 00:00:00,2,2,2,3,9,0,0,0,0,0,0,0,0,0,0,0,50,50,0,0,0,0,0,0,0,0,0,0,0,0,0,,,,,,,,,,,,,,,,,,,,,,,,,,,,,,,,,,否,YXCSH2023041,,,,,,,,,否,,,,TOT,2类-存带增,,,,,,,,,,,,,,2023,Q3
458,否,湖北省孝感市云梦县城市生活污水厂,3方案策划,南部大区,鄂赣业务区,,B,污水,",,市政污水处理",,执行中,1.1,1980,0,1320,7700,0,5,5,5,1.1,0.86,,,,,,,,,,,,,,,,,,,,,,,,,,2023-11-01 00:00:00,2023-03-31 00:00:00,2024-09-06 00:00:00,2024-09-27 00:00:00,2024-10-17 00:00:00,2024-11-28 00:00:00,2023-11-01 00:00:00,2023-03-31 00:00:00,,2024-09-27 00:00:00,,,,,投标增量,,,,7,8,,,,2024-09-27 00:00:00,2024-11-28 00:00:00,2,2,2,2,8,0,0,0,0,0,0,0,0,0,0,0,3300,3300,0,0,0,0,0,0,0,0,0,0,0,0,0,,,,,,0,0,0,0,,0,0,0,0,0,0,0,0,0,0,0,0,2024-12-20 00:00:00,2026-06-26 00:00:00,2026-12-18 00:00:00,,,,,,,,,是,YXCSH2023049,0,1980,0,1320,7700,0,,否,是,,,,TOT,,其他,服务,委托运营,,TOT,,,,,,,30,,2023,Q3
459,否,北京市海淀区上庄再生水厂二期项目,2立项策划,北部大区,北京业务区,,C,污水,",,市政污水处理",,执行中,5,,,,,,10.8,10.8,10.8,,,0,0,0,,,,0,0,,,,,,0,0,0,,,0,0,,,,0,,,2023-08-31 00:00:00,2023-12-31 00:00:00,2024-10-31 00:00:00,2024-12-10 00:00:00,2024-12-31 00:00:00,,,,,,,,,投标增量,,,,6.5,9,,,,,2024-12-31 00:00:00,0,1,3,3,7,0,0,0,0,0,0,0,0,0,0,0,0,0,0,0,0,0,0,0,0,0,0,0,0,0,0,,,,,0,0,0,0,0,0,50000,15000,35000,0,0,0,0,0,0,0,0,0,,,,,,,,,,,,,YXCSH2023053,0,0,0,0,0,0,,,是,,,,BOT,,,,,,,,,,,,,,,2023,Q3
460,否,三河东郊污水厂收购项目,2立项策划,北部大区,三河区域公司,,C,污水,",,市政污水处理",,已暂停,0,,,,,,5,5,5,,,,,,,,,,,,,,,,,,,,,,,,,,,YXCSH2023061,,2023-04-20 00:00:00,2023-12-31 00:00:00,2024-11-25 00:00:00,2024-11-25 00:00:00,2024-12-25 00:00:00,,,,,,,,,并购增量,,,,8,8,,,,,2024-12-25 00:00:00,3,3,3,6,15,0,0,0,0,0,0,0,0,0,0,100,0,100,0,0,0,0,0,0,0,0,0,0,0,0,0,,,,,,,,,,,,,,,,,,,,,,,,,,,,,,,,,,是,YXCSH2023061,,,,,,,0,,否,,,,并购,2类-存带增,,,,,,,,,,,,,,2023,Q3
461,否,沈阳辽中污水项目,2立项策划,北部大区,沈阳区域公司,,C,污水,",,市政污水处理",,已暂停,0,,,,,,6,6,0,,,,,,,,,,,,,,,,,,,,,,,,,,,YXCSH2023079,2023-03-22 00:00:00,2023-05-31 00:00:00,2023-09-30 00:00:00,2023-10-31 00:00:00,2023-11-30 00:00:00,2023-12-31 00:00:00,,,,,,,,,投标增量,,,,10,10,,,,,2023-12-31 00:00:00,,,,,0,,,,,,,,,,,,,0,,,,,,,,,,,,,0,,,,,,,,,,,,,,,,,,,,,,,,,,,,,,,,,,,YXCSH2023079,,,,,,,,,,,,,OM,,,,,,股权收购或委托运营待定,,,,,,,,,2023,Q3
462,否,汉川市银泉环保科技有限公司,2立项策划,东部大区,北京建工环境,,C,污水,",,市政污水处理",,执行中,2,,,,,,10,10,10,,,,,,,,,,,,,,,,,,,,,,,,,,,,2023-11-01 00:00:00,2023-04-12 00:00:00,2023-07-10 00:00:00,2024-08-01 00:00:00,2024-09-16 00:00:00,2024-10-15 00:00:00,2023-11-01 00:00:00,,,,,,,,并购增量,,,,8,8.5,,,,,2024-10-15 00:00:00,5,1.5,1.5,5,13,0,0,0,0,0,0,0,0,0,4000,0,0,4000,0,0,0,0,0,0,0,0,0,6000,0,6000,12000,0,无,2024-08-15 00:00:00,,,,,,,,,,,,,,,,,,,,2024-10-15 00:00:00,2024-12-15 00:00:00,2024-12-31 00:00:00,,,,,,,,,否,YXCSH2023080,,,,,,,2139,,是,,,,并购,3类-空白区域,,,,,为存量污水收并购,,,,,,,,,2023,Q3
463,否,鞍山市供水特许经营项目,2立项策划,北部大区,鞍山区域公司,,C,供水,"水司(主营业务),,",,已暂停,0,,,,,,,,,,,52,52.5,52.5,,,,,,,,,,,,,,,,,,,,,,YXCSH2023105,,2023-09-30 00:00:00,2024-04-20 00:00:00,2024-10-30 00:00:00,2024-11-22 00:00:00,2024-12-10 00:00:00,,,,,,,,,投标增量,,,,7,8.5,,,,,2024-12-10 00:00:00,40,40,50,26,156,0,0,0,0,0,0,0,0,0,0,500,0,500,0,0,0,0,0,0,0,0,0,0,0,0,0,,,,,,,,,,,,,,,,,,,,,,,,,,,,,,,,,,否,YXCSH2023105,,,,,,,,,是,,,,混改,,其他,服务,委托运营,,水司混改项目，策划引入投资方,,,,,,,30,,2023,Q3
464,否,赤峰市红庙子污水处理厂三期工程,2立项策划,北部大区,赤峰区域公司,,C,污水,",,工业污水处理",,执行中,1.3,,,,,,5,2.5,2.5,,,,,,,,,,,,,,,,,,,,,,,,,,,,2023-03-22 00:00:00,2023-06-30 00:00:00,2023-07-31 00:00:00,2023-10-31 00:00:00,2023-11-10 00:00:00,2023-12-15 00:00:00,2023-03-22 00:00:00,,,,,,,,投标增量,,,,,,,,,,2023-12-15 00:00:00,,,,,0,,,,,,,,,,,,,0,,,,,,,,,,,,,0,,,,,,,,,,,,,,,,,,,,,,,,,,,,,,,,,,,YXCSH2023106,,,,,,,,,是,,,,BOT,,,,,,,,,,,,,,,2023,Q3
465,否,苏托垸再生水中心及配套设施项目,1市场阶段,南部大区,长沙区域公司,,C,再生水,",销售经营类ToB,",,执行中,0.4,,,,,,,,,,,,,,,,,,,,,,,,,,,,,5,5,,,,,,2023-08-31 00:00:00,2024-12-01 00:00:00,2025-03-01 00:00:00,2025-06-01 00:00:00,2025-07-01 00:00:00,2025-10-31 00:00:00,2023-11-01 00:00:00,,,,,,,,非投标增量,,,,8,8,,,,,2025-10-31 00:00:00,5,5,5,0,15,0,0,0,0,0,0,0,0,0,0,1200,0,1200,0,0,0,0,0,0,0,0,0,0,0,0,0,,,,,,,,,,,,,,,,,,,,,,,,,,,,,,,,,,否,YXCSH2023136,,,,,,,,,是,,,,BOT,2类-存带增,OM,服务,委托运营,,,,,,,,,3,,2023,Q3
466,否,"广西壮族自治区贵港市平南县生活垃圾焚烧发电厂协同处置生活污水厂污泥
BOO项目",2立项策划,南部大区,贵港区域公司,,C,污泥,",,",,执行中,0.11,,,,,,,,,,,,,,,,,,,,,,,,,,,,,,,,,,,,2023-11-01 00:00:00,2024-04-15 00:00:00,2024-06-15 00:00:00,2024-08-01 00:00:00,2024-09-01 00:00:00,2024-10-01 00:00:00,2023-11-01 00:00:00,,,,,,,,并购增量,,,,,,,,,,2024-10-01 00:00:00,,,,,,,,,,,,,,,,,,,,,,,,,,,,,,,,,,,,,,,,,,,,,,,,,,,,,,,,,,,,,,,,,,YXCSH2023145,,,,,,,,,是,,,,BOO,,,,,,,,,,,,,,,2023,Q3
467,否,海口市长流扩容扩建项目,5正式评审,南部大区,海口区域公司,,B,"其他, 污水",",,市政污水处理, 市政污水处理",,执行中,1.26,3780,0,0,8820,0,5,5,5,12600,1.5,,,,,,,,,,,,,,,,,,,,,,,,0,,2022-07-01 00:00:00,2022-08-01 00:00:00,2023-04-03 00:00:00,,2024-04-29 00:00:00,2025-05-30 00:00:00,2022-07-01 00:00:00,2022-08-01 00:00:00,2023-04-03 00:00:00,2024-04-30 00:00:00,,,其他,海口水务局委托北控作为代理业主,非投标增量,,0,0,0,0,否,,,2024-04-30 00:00:00,2025-05-30 00:00:00,0,0,0,0,0,,,,,,,,,,,,,0,,,,,,,,,,,,,0,0,0,2024-04-20 00:00:00,,,,,,,,0,0,0,0,0,0,0,0,0,0,0,0,2024-08-31 00:00:00,2025-12-31 00:00:00,2026-06-30 00:00:00,,,,,,,,,是,YXCSH2023148,0,0,0,0,0,0,,否,是,,,,BOT,,OM,服务,委托运营,,扩建部分按代建模式执行（实际作为项目业主），建成后委托运营另外发包给我司。,,,,,,,0,,2023,Q3
468,否,秦皇岛二污提标扩容项目,2立项策划,北部大区,秦皇岛区域公司,,C,污水,",,市政污水处理",,已暂停,0.05,,,,,,4,4,4,,,,,,,,,,,,,,,,,,,,,,,,,,,YXCSH2023158,2023-04-25 00:00:00,2023-05-12 00:00:00,,,,,2023-04-25 00:00:00,,,,,,,,非投标增量,,,,7.5,7.5,,,,,,,,,,0,,,,,,,,,,,,,0,,,,,,,,,,,,,0,,,,,,,,,,,,,,,,,,,,,,,,,,,,,,,,,,,YXCSH2023158,,,,,,,,,,,,,BOT,,,,,,,,,,,,,,,2023,Q3
469,否,大石桥有色工业园区、南楼、永安污水厂,2立项策划,北部大区,东北业务区,,C,污水,",,市政污水处理",,已暂停,3.7,,,,,,4.2,4.2,4.2,,,,,,,,,,,,,,,,,,,,,,,,,,,YXCSH2023195,2023-05-01 00:00:00,2023-09-30 00:00:00,,,,,,,,,,,,,投标增量,,,,,,,,,,,,,,,0,,,,,,,,,,,,,0,,,,,,,,,,,,,0,,,,,,,,,,,,,,,,,,,,,,,,,,,,,,,,,,,YXCSH2023195,,,,,,,,,,,,,TOT,,,,,,,,,,,,,,,2023,Q3
470,否,义县七里河二期扩建项目,2立项策划,北部大区,锦州区域公司,,C,污水,",,市政污水处理",,执行中,0.46,,,,,,1,1,1,,,,,,,,,,,,,,,,,,,,,,,,,,,YXCSH2023197,,2024-08-31 00:00:00,2024-09-30 00:00:00,2024-10-31 00:00:00,2024-11-30 00:00:00,2024-12-31 00:00:00,,,,,,,,,投标增量,,,,0,0,,,,,2024-12-31 00:00:00,0.75,0.75,0.75,0.75,3,0,0,0,0,0,0,0,0,0,0,0,31,31,,,,,,,,,,,,,0,,,,,,,,,,,,,,,,,,,,,,,,,,,,,,,,,,否,YXCSH2023197,,,,,,,,,是,,,,TOT,,OM,服务,委托运营,,,,,,,,,3,,2023,Q3
471,否,包头装备制造园区再生水利用项目,2立项策划,北部大区,内蒙古业务区,,C,再生水,",,",,执行中,,,,,,,,,,,,,,,,,,,,,,,,,,,,,,,,,,,,YXCSH2023208,,,,,,,,,,,,,,,,,,,,,,,,,,,,,,,,,,,,,,,,,,,,,,,,,,,,,,,,,,,,,,,,,,,,,,,,,,,,,,,,,,,,,,,,,,,YXCSH2023208,,,,,,,,,,,,,,,,,,,,,,,,,,,,2023,Q3
472,否,昆山北区污水处理厂四期TOT项目,2立项策划,东部大区,北京建工环境,,C,污水,",,市政污水处理, 市政污水处理",,执行中,0,,,,,,4.8,4.8,4.8,,,,,,,,,,,,,,,,,,,,,,,,,,,,2023-01-01 00:00:00,2023-05-31 00:00:00,2023-07-31 00:00:00,2023-10-31 00:00:00,2024-01-12 00:00:00,2024-12-30 00:00:00,2023-01-01 00:00:00,,,,,,,,投标增量,,,,7.5,9,,,,,2024-12-30 00:00:00,4,4,3,3,14,0,0,0,0,0,0,0,0,0,0,0,0,0,0,0,0,0,0,0,0,0,0,0,0,0,0,,,,,,,,,,,,,,,,,,,,,,,,,,,,,,,,,,否,YXCSH2023226,,,,,,,,,是,,,,TOT,1类-保履约,,,,,除四期为政府投资外，一二三期为我司BOT项目,,,,,,,,,2023,Q3
473,否,昆山陆家污水处理厂三期TOT项目,2立项策划,东部大区,北京建工环境,,C,污水,",,市政污水处理, 市政污水处理",,执行中,2.2725,,,,,,3.25,3.25,3.25,,,,,,,,,,,,,,,,,,,,,,,,,,,,2023-01-01 00:00:00,2023-05-31 00:00:00,2023-07-31 00:00:00,2023-10-31 00:00:00,2024-01-11 00:00:00,2024-12-30 00:00:00,2023-01-01 00:00:00,,,,,,,,投标增量,,,,7.5,9,,,,,2024-12-30 00:00:00,3,3,3,0.75,9.75,0,0,0,0,0,4500,0,0,0,0,0,0,4500,0,0,0,0,0,10000,4560,0,0,0,0,0,14560,,,,,,,,,,,,,,,,,,,,,,,,,,,,,,,,,,否,YXCSH2023227,,,,,,,,,是,,,,TOT,1类-保履约,,,,,除三期为政府投资外，一二期为我司BOT项目,,,,,,,,,2023,Q3
474,否,东莞桥头、石桥头、黄江、樟木头、谢岗、望洪、清溪厦坭、大朗、雁田、三洲、石碣、虎门宁洲、海岛、牛山污水处理厂提标委托运营,1市场阶段,南部大区,莞惠区域公司,,B,污水,",,市政污水处理, 市政污水处理",,执行中,0,,,,,,80,0,0,,,,,,,,,,,,,,,,,,,,,,,,,,,,2023-06-20 00:00:00,2025-07-10 00:00:00,2025-08-20 00:00:00,2024-11-14 00:00:00,2025-11-14 00:00:00,2025-12-31 00:00:00,2023-06-20 00:00:00,,,,,,,,非投标增量,,,,0,0,,,,,2025-12-31 00:00:00,3,3,3,3,12,0,0,0,0,0,0,0,0,0,0,0,0,0,0,0,0,0,0,0,0,0,0,0,0,0,0,,,,,,,,,,,,,,,,,,,,,,,,,,,,,,,,,,否,YXCSH2023246,,,,,,,,,是,,,,OM,,OM,服务,委托运营,,,,,,,,,8,,2023,Q3
475,否,旬阳污水处理厂项目,2立项策划,东部大区,西安区域公司,,C,污水,",,市政污水处理, 市政污水处理",,执行中,0,,,,,,3,3,3,,,0,0,0,,,,0,0,,,,,,0,0,0,,,0,0,,,,0,,2023-05-31 00:00:00,2024-08-10 00:00:00,2024-08-30 00:00:00,2024-10-25 00:00:00,2024-11-29 00:00:00,2024-12-30 00:00:00,2023-05-31 00:00:00,,,2024-11-08 00:00:00,,,,,投标增量,,,,0,0,,,,2024-11-08 00:00:00,2024-12-30 00:00:00,0.3,0.7,1.5,1.5,4,0,0,0,0,0,0,0,0,0,0,0,0,0,0,0,0,0,0,0,0,0,0,0,0,0,0,,,,,,,,,,,0,0,0,0,0,0,0,0,0,0,0,0,,,,,,,,,,,,否,YXCSH2023261,0,0,0,0,0,0,,,是,,,,ROT,3类-空白区域,OM,服务,委托运营,,现以ROT模式跟进，同步根据实际情况策划OM委托运营模式,,,,,,,3,,2023,Q3
476,否,巴林左旗污水厂运营项目,2立项策划,北部大区,赤峰区域公司,,C,污水,",,市政污水处理",,执行中,0,,,,,,3,3,3,,,,,,,,,29,,,,,,,,,,,,,,,,,,YXCSH2023267,2023-06-10 00:00:00,2023-10-02 00:00:00,2023-10-20 00:00:00,2023-11-10 00:00:00,2023-11-30 00:00:00,2023-12-15 00:00:00,2023-12-15 00:00:00,,,,,,,,非投标增量,,,,,,,,,,2023-12-15 00:00:00,,,,,0,,,,,,,,,,,,,0,,,,,,,,,,,,,0,,,,,,,,,,,,,,,,,,,,,,,,,,,,,,,,,,,YXCSH2023267,,,,,,,,,,,,,TOT,,,,,,,,,,,,,,,2023,Q3
477,否,益阳市高新区清溪村污水处理厂委托运营项目,2立项策划,南部大区,长沙区域公司,,C,污水,",,市政污水处理",,执行中,0,,,,,,2,2,0,,,0,0,0,,,,0,0,,,,,,0,0,0,,,0,0,,,,0,,2023-11-01 00:00:00,2023-09-01 00:00:00,2025-05-01 00:00:00,2025-10-15 00:00:00,2023-11-15 00:00:00,2025-11-30 00:00:00,2023-11-01 00:00:00,,,,,,,,投标增量,,,,0,0,,,,,2025-11-30 00:00:00,0,0,0,0,0,0,0,0,0,0,0,0,0,0,0,0,0,0,0,0,0,0,0,0,0,0,0,0,0,0,0,,,,,,,,,,,0,0,0,0,0,0,0,0,0,0,0,0,,,,,,,,,,,,,YXCSH2023269,0,0,0,0,0,0,,,是,,,,OM,,,,,,委托运营项目,,,,,,,5,,2023,Q3
478,否,长垣市污水处理项目,1市场阶段,东部大区,洛阳区域公司,,C,污水,",,市政污水处理, 市政污水处理",,执行中,0,,,,,,18,18,0,,,,,,,,,,,,,,,,,,,,,,,,,,,,2023-06-12 00:00:00,2024-01-01 00:00:00,2024-02-29 00:00:00,2024-04-30 00:00:00,2024-05-31 00:00:00,2025-06-30 00:00:00,2023-06-12 00:00:00,,,,,,,,投标增量,,,,0,0,,,,,2025-06-30 00:00:00,,,,,0,,,,,,,,,,,,,0,,,,,,,,,,,,,0,,,,,,,,,,,,,,,,,,,,,,,,,,,,,,,,,,否,YXCSH2023274,,,,,,,,,是,,,,平台合作,3类-空白区域,OM,服务,委托运营,,OM,,,,,,,6,,2023,Q3
479,否,东莞水务集团战略投资与合作（污水、污泥、管网、泵站的运营合作平台，智慧水务技术服务等，重点是水务集团在建的8个BOT厂的二期工程与我方一期合并运营合作）,4中标策划,南部大区,莞惠区域公司,,C,污水,",,市政污水处理",,执行中,0,,,,,,50,0,0,,,,,,,,,,,,,,,,,,,,,,,,,,,,2023-06-20 00:00:00,2025-08-15 00:00:00,2025-09-10 00:00:00,2025-10-10 00:00:00,2025-11-20 00:00:00,2025-12-31 00:00:00,2023-06-20 00:00:00,,,2025-10-15 00:00:00,,,,,投标增量,,,,0,0,,,,2025-10-15 00:00:00,2025-12-31 00:00:00,,,,,,,,,,,,,,,,,,,,,,,,,,,,,,,,,,,,,,,,,,,,,,,,,,,,,,,,,,,,,,,,,否,YXCSH2023288,,,,,,,,,是,,,,并购,,其他,服务,技术咨询,,,,,,,,,3,,2023,Q3
480,计划,新野县城乡供水一体化上庄水厂泵站及配套管网委托运营项目,60,东部大区,南阳区域公司,新野林泉水业有限公司,C,供水,"水司辅营业务(非工程类),,",,已完成（已签约）,0,0,0,0,0,0,,,,,,1.5,1.5,0,0,0,0,,,,,,,,,,,,,,,,,,,XS2024050900964,2024-05-16 00:00:00,2024-05-24 00:00:00,2024-05-31 00:00:00,,2024-06-12 00:00:00,2024-06-25 00:00:00,2024-05-16 14:21:45,2024-05-24 00:00:00,2024-05-31 00:00:00,,2024-06-18 00:00:00,2024-06-29 00:00:00,北控水务（中国）投资有限公司,,非投标增量,,100,100,0,0,否,,,,2024-06-25 00:00:00,,,,,,,,,,,,,,,,,,,,,,,,,,,,,,,,0,0,2024-07-02 00:00:00,,,,,,,,0,0,0,0,0,0,0,0,0,0,0,0,2024-05-31 00:00:00,2026-06-30 00:00:00,2026-12-31 00:00:00,0,0,,,,,0,0,是,YXXS2024050900964,0,0,0,0,0,0,,否,是,,,,,,OM,服务,委托运营,,,新建,,,,,,10,,2023,Q3
481,否,贵州省黔南州都匀市杨柳街工业污水处理厂TOT项目（资产抵顶）,1市场阶段,西部大区,直管运营群贵州,,C,污水,",,工业污水处理",,执行中,0.5,,,,,,0.7,0.7,0.7,,,,,,,,,,,,,,,,,,,,,,,,,,,XS2023111600467,2024-04-30 00:00:00,2024-12-31 00:00:00,2025-01-15 00:00:00,2025-01-31 00:00:00,2025-02-28 00:00:00,2025-03-31 00:00:00,2024-04-17 15:58:18,,,,,,,,投标增量,,,,8,8,,,,,2025-03-31 00:00:00,0,0,0,0,0,0,0,0,0,0,0,0,0,0,0,0,0,0,,,,,,,,,,,,,,,,,,,,,,,,,,,,,,,,,,,,,,,,,,,,,,,是,YXXS2023111600467,,,,,,,,,否,,,,TOT,2类-存带增,,,,,,,,,,,,,,2023,Q3
482,否,贵州省黔南州都匀市长洲桥污水处理站应急项目(资产抵顶）,1市场阶段,西部大区,直管运营群贵州,,C,污水,",,市政污水处理",,执行中,0.12,,,,,,0.12,0.12,0.12,,,,,,,,,,,,,,,,,,,,,,,,,,,XS2023111800508,2024-04-30 00:00:00,2024-10-31 00:00:00,2024-11-15 00:00:00,2024-10-31 00:00:00,2024-11-30 00:00:00,2024-12-31 00:00:00,2024-04-17 15:59:02,,,,,,,,非投标增量,,,,8,8,,,,,2024-12-31 00:00:00,0,0,0,2.19,2.19,0,0,0,0,0,0,0,0,0,0,0,0,0,,,,,,,,,,,,,,,,,,,,,,,,,,,,,,,,,,,,,,,,,,,,,,,是,YXXS2023111800508,,,,,,,,,是,,,,TOT,2类-存带增,OM,服务,委托运营,,,,,,,,,1,,2023,Q3
483,否,贵州省黔南州都匀市沿河截污管网检测成果复核服务项目,1市场阶段,西部大区,直管项目工作组,,C,排水管网,",,",,执行中,0.0048,,,,,,,,,,,,,,,,,36,36,,,,,,,,,,,,,,,,,XS2024060601008,2024-06-30 00:00:00,2024-10-31 00:00:00,2024-11-15 00:00:00,,2024-11-30 00:00:00,2024-12-31 00:00:00,2024-06-28 14:57:42,,,,,,,,非投标增量,,,,0,0,,,,,2024-12-31 00:00:00,0,0,0,0,0,0,0,0,0,0,0,0,0,0,0,0,0,0,,,,,,,,,,,,,,,,,,,,,,,,,,,,,,,,,,,,,,,,,,,,,,,是,YXXS2024060601008,,,,,,,,,是,,,,,,其他,服务,技术咨询,,对污水管网进行检测,,,,,,,0.4,,2023,Q3
484,计划,贵州省黔南州都匀市餐厨垃圾处理工程污水处理项目（协同项目）,1市场阶段,西部大区,直管项目工作组,,C,污水,",,工业污水处理",,执行中,0.0792,,,,,,0,0,0,,,,,,,,,,,,,,,,,,,,,,,,,,80吨/日,XS2024061901022,2024-06-30 00:00:00,2024-09-30 00:00:00,2024-10-31 00:00:00,,2024-11-30 00:00:00,2024-12-31 00:00:00,2024-06-27 14:20:24,,,,,,,,非投标增量,,,,6,6,,,,,2024-12-31 00:00:00,0.67,0.67,0.67,0.67,2.68,0,0,0,0,0,0,0,0,0,0,0,0,0,,,,,,,,,,,,,,,,,,,,,,,,,,,,,,,,,,,,,,,,,,,,,,,是,YXXS2024061901022,,,,,,,,,是,,,,BOT,2类-存带增,其他,产品,,"运营技术产品, 环保装备",协同威保特，我司无需出资,,,,,,,22,,2023,Q3
485,计划,凌海市铁北污水处理厂委托运营项目,2立项策划,北部大区,锦州区域公司,,C,污水,",,市政污水处理",,执行中,0,,,,,,1,1,0,,,,,,,,,,,,,,,,,,,,,,,,,,,XS2024052200985,,2024-07-31 00:00:00,2024-08-31 00:00:00,,2024-11-30 00:00:00,2024-12-31 00:00:00,2024-06-17 16:05:15,,,,,,,,非投标增量,,,,0,0,,,,,2024-12-31 00:00:00,1.18,1.18,1.18,1.18,4.72,0,0,0,0,0,0,0,0,0,0,50,0,50,,,,,,,,,,,,,,,,,,,,,,,,,,,,,,,,,,,,,,,,,,,,,,,是,YXXS2024052200985,,,,,,,,,是,,,,,,OM,服务,委托运营,,,,,,,,,2,,2023,Q3
486,否,黄石市西塞山区环卫一体化项目,1市场阶段,东部大区,北京建工环境,,C,环卫,",,",,执行中,0,,,,,,,,,,,,,,,,,,,,,,,,,,,,,,,,,,,XS2024042200900,2024-05-06 00:00:00,2024-08-30 00:00:00,2025-04-18 00:00:00,,2025-06-20 00:00:00,2025-09-18 00:00:00,2024-05-06 21:23:17,,,,,,,,,,,,8,10,,,,,2025-09-18 00:00:00,0,0,6,8,14,0,0,0,0,0,0,0,0,0,0,0,0,0,,,,,,,,,,,,,,,,,,,,,,,,,,,,,,,,,,,,,,,,,,,,,,,是,YXXS2024042200900,,,,,,,,,是,,,,,,OM,服务,委托运营,,,,,,,,,3,,2023,Q3
487,否,黄石大冶市金湖街道环卫一体化项目,1市场阶段,东部大区,北京建工环境,,C,环卫,",,",,执行中,0,,,,,,,,,,,,,,,,,,,,,,,,,,,,,,,,,,,XS2024042300905,2024-04-30 00:00:00,2024-06-25 00:00:00,2024-07-20 00:00:00,2024-10-18 00:00:00,2024-11-06 00:00:00,2024-12-09 00:00:00,2024-05-06 21:23:44,,,,,,,,投标增量,,,,7,9,,,,,2024-12-09 00:00:00,0,2,3,2,7,0,0,0,0,0,0,0,0,0,0,0,0,0,,,,,,,,,,,,,,,,,,,,,,,,,,,,,,,,,,,,,,,,,,,,,,,是,YXXS2024042300905,,,,,,,,,是,,,,,,OM,服务,委托运营,,,,,,,,,3,,2023,Q3
488,否,江苏省盐城市市区管网技术诊断服务项目,1市场阶段,东部大区,北京建工环境,,C,排水管网,",,",,执行中,0,,,,,,,,,,,,,,,,,400.3,400.3,,,,,,,,,,,,,,,,,XS2024050700926,2024-05-08 00:00:00,2024-07-30 00:00:00,2024-09-25 00:00:00,,2024-09-30 00:00:00,2024-12-30 00:00:00,2024-05-08 17:42:41,,,,,,,,非投标增量,,,,0,0,,,,,2024-12-30 00:00:00,,,,,,,,,,,,,,,,,,,,,,,,,,,,,,,,,,,,,,,,,,,,,,,,,,,,,,,,,,,,,,,,,是,YXXS2024050700926,,,,,,,,,是,,,,,,OM,服务,技术咨询,,,,,,,,,1,,2023,Q3
489,计划,江苏省盐城市城南污水处理厂尾水泵站委托运营项目,1市场阶段,东部大区,北京建工环境,,C,污水,",,市政污水处理",,执行中,0,,,,,,24,24,0,,,,,,,,,,,,,,,,,,,,,,,,,,,XS2024052200983,2024-05-23 00:00:00,2024-08-01 00:00:00,2024-08-30 00:00:00,,2024-09-27 00:00:00,2024-10-31 00:00:00,2024-05-23 13:11:02,,,,,,,,非投标增量,,,,0,0,,,,,2024-10-31 00:00:00,0.25,0.25,0.25,0.25,1,0,0,0,0,0,0,0,0,0,0,0,0,0,,,,,,,,,,,,,,,,,,,,,,,,,,,,,,,,,,,,,,,,,,,,,,,是,YXXS2024052200983,,,,,,,,,是,,,,,,OM,服务,委托运营,,,,,,,,,3,,2023,Q3
490,否,浙江省丽水市缙云县壶镇镇污水厂委托运营项目,1市场阶段,东部大区,杭湖区域公司,,C,污水,",,市政污水处理",,已终止,0,,,,,,2,2,0,,,,,,,,,,,,,,,,,,,,,,,,,,,XS2024050600922,2024-05-15 00:00:00,2024-07-15 00:00:00,2024-08-02 00:00:00,2024-08-19 00:00:00,2024-09-23 00:00:00,2024-09-30 00:00:00,2024-05-15 15:41:52,,,2024-09-16 00:00:00,,,,,投标增量,,,,0,0,,,,2024-09-16 00:00:00,2024-09-30 00:00:00,1,1,0,0,2,0,0,0,0,0,0,0,0,0,0,0,0,0,,,,,,,,,,,,,,,,,,,,,,,,,,,,,,,,,,,,,,,,,,,,,,,是,YXXS2024050600922,,,,,,,,,是,,,,,,OM,服务,委托运营,,,,,,,,,1,,2023,Q3
491,计划,浙江省湖州市德清县雷甸污水处理厂运营服务项目,60,东部大区,杭湖区域公司,乾元德清达阔净水厂,C,污水,",,市政污水处理",,已完成（已签约）,0,0,0,0,0,0,2,2,0,0,0,,,,,,,,,,,,,,,,,,,,,,,,,XS2024062101024,2024-06-21 00:00:00,2024-07-11 00:00:00,2024-07-15 00:00:00,,2024-07-18 00:00:00,2024-08-02 00:00:00,2024-06-21 16:33:36,2024-07-11 00:00:00,2024-07-15 00:00:00,,2024-07-18 00:00:00,2024-08-01 00:00:00,北控水务（中国）投资有限公司,德清达阔制水有限公司,非投标增量,,100,100,0,0,否,,,,2024-08-02 00:00:00,0,0.3,0.6,0.3,1.2,0,0,0,0,0,0,0,0,0,0,0,0,0,,,,,,,,,,,,,,0,德清达阔制水有限公司,2024-06-25 00:00:00,,,,,,,,0,0,0,0,0,0,0,0,0,0,0,0,2024-06-25 00:00:00,2024-06-24 00:00:00,2024-06-25 00:00:00,0,0,,,,,0,0,是,YXXS2024062101024,0,0,0,0,0,0,,是,是,,,,,,其他,服务,技术咨询,,,技改,,,,,,1,,2023,Q3
492,否,浙江省湖州市德清县英宏水务有限公司供水技术服务项目,1市场阶段,东部大区,杭湖区域公司,,C,供水,"制水,,",,已终止,0,,,,,,,,,,,0.5,0.5,0,,,,,,,,,,,,,,,,,,,,,,XS2024062601027,2024-06-27 00:00:00,2024-07-26 00:00:00,2024-08-05 00:00:00,,2024-08-12 00:00:00,2024-08-24 00:00:00,2024-06-27 09:42:49,,,,,,,,非投标增量,,,,0,0,,,,,2024-08-24 00:00:00,0,0,0,0,0,0,0,0,0,0,0,0,0,0,0,0,0,0,,,,,,,,,,,,,,,,,,,,,,,,,,,,,,,,,,,,,,,,,,,,,,,是,YXXS2024062601027,,,,,,,,,是,,,,,,其他,服务,技术咨询,,,,,,,,,1,,2023,Q3
493,计划,偃师区环卫项目,1市场阶段,东部大区,洛阳区域公司,,C,环卫,",,",,执行中,0,,,,,,,,,,,,,,,,,,,,,,,,,,,,,,,,,,,XS2024041200879,,2024-08-26 00:00:00,2024-09-23 00:00:00,2024-10-25 00:00:00,2024-11-11 00:00:00,2024-12-02 00:00:00,2024-07-02 15:08:01,,,,,,,,投标增量,,,,6,6,,,,,2024-12-02 00:00:00,12,12,6,5,35,0,0,0,0,0,0,0,0,0,0,0,0,0,,,,,,,,,,,,,,,,,,,,,,,,,,,,,,,,,,,,,,,,,,,,,,,是,YXXS2024041200879,,,,,,,,,是,,,,,,其他,服务,委托运营,,政府购买服务,,,,,,,3,,2023,Q3
494,计划,江苏省盐城市阜宁县城镇污水处理厂委托临时技术服务项目,60,东部大区,苏皖业务区,南京北控环保水处理有限公司,C,污水,",,市政污水处理",,已完成（已签约）,0,0,0,0,0,0,4.12,4.12,0,0,0,,,,,,,,,,,,,,,,,,,,,,,,,XS2024070201033,2024-07-04 00:00:00,2024-07-13 00:00:00,2024-07-20 00:00:00,,2024-07-20 00:00:00,2024-07-30 00:00:00,2024-07-04 13:16:30,2024-07-13 00:00:00,2024-08-20 00:00:00,,2024-08-20 00:00:00,2024-03-15 00:00:00,北控水务（中国）投资有限公司,,非投标增量,,0,0,30,30,否,,,,2024-07-30 00:00:00,3.6,3.6,3.6,3.7,14.5,0,0,0,0,0,0,0,0,0,0,0,0,0,,,,,,,,,,,,,,0,0,2024-07-15 00:00:00,,,,,,,,0,0,0,0,0,0,0,0,0,0,0,0,2024-07-15 00:00:00,2024-07-15 00:00:00,2024-07-15 00:00:00,0,0,,,,,0,0,是,YXXS2024070201033,0,0,0,0,0,0,,是,是,,,,,,其他,服务,技术咨询,,,其他,,,,,,0.1,,2023,Q3
495,否,2024年度台州市路桥污水泵站维护合同,60,东部大区,台州区域公司,路桥中科成污水处理厂,C,污水,",,市政污水处理",,已完成（已签约）,0,0,0,0,0,0,15.5,15.5,0,0,0,,,,,,,,,,,,,,,,,,,,,,,,,XS2024061401017,,2024-07-08 00:00:00,2024-07-11 00:00:00,,2024-07-12 00:00:00,2024-07-15 00:00:00,2024-06-17 11:26:36,,,,,,其他,台州市路桥中科成污水净化有限公司,非投标增量,,0,0,0,0,否,,,,2024-07-15 00:00:00,0.09,0.1,0,0,0.19,0,0,0,0,0,0,0,0,0,0,0,0,0,,,,,,,,,,,,,,0,0,2024-01-01 00:00:00,,,,,,,,0,0,0,0,0,0,0,0,0,0,0,0,2024-01-01 00:00:00,2024-01-01 00:00:00,2024-01-01 00:00:00,0,0,,,,,19.78,4.4,是,YXXS2024061401017,0,0,0,0,0,0,,否,是,,,,,,OM,服务,委托运营,,,新建,,,,,,1,,2023,Q3
496,计划,四川省绵阳市三台县桦星科技委托运营,60,西部大区,绵阳区域公司,,A,污水,",,工业污水处理",,已完成（已签约）,0,0,0,0,0,0,0,0,0,0,0,,,,,,,,,,,,,,,,,,,,,,,,,XS2024061101012,2024-07-05 00:00:00,2024-07-19 00:00:00,2024-07-31 00:00:00,,2024-08-23 00:00:00,2024-09-10 00:00:00,2024-07-01 15:25:53,2024-07-11 00:00:00,2024-07-15 00:00:00,,2024-08-21 00:00:00,2024-09-30 00:00:00,其他,,非投标增量,,100,100,20,20,否,,,,2024-09-10 00:00:00,0,0,3.34,0,3.34,0,0,0,0,0,0,0,0,0,0,0,0,0,,,,,,,,,,,,,,0,不需要,2024-08-08 00:00:00,,,,,,,,0,0,0,0,0,0,0,0,0,0,0,0,2024-08-08 00:00:00,2024-08-09 00:00:00,2024-09-10 00:00:00,0,90,12,0.01,15,9,330,172,是,YXXS2024061101012,0,0,0,0,0,0,,是,是,,,,,,OM,服务,委托运营,,,其他,,,,,,1,,2023,Q3
497,否,四川省眉山市高新技术产业园区污水处理厂三期项目,1市场阶段,西部大区,蓉南区域公司,,C,污水,",,工业污水处理",,执行中,0,,,,,,3,3,0,,,,,,,,,,,,,,,,,,,,,,,,,,,XS2023110700208,2024-06-01 00:00:00,2024-09-01 00:00:00,2024-08-01 00:00:00,2024-09-30 00:00:00,2024-10-30 00:00:00,2025-02-01 00:00:00,2023-12-04 16:50:05,,,2024-09-30 00:00:00,,,,,投标增量,,,,0,0,,,,2024-09-30 00:00:00,2025-02-01 00:00:00,,,,,,,,,,,,,,,,,,,,,,,,,,,,,,,,,,,,,,,,,,,,,,,,,,,,,,,,,,,,,,,,,否,YXXS2023110700208,,,,,,,,,是,,,,,,其他,服务,委托运营,,,,,,,,,3,,2023,Q3
498,否,常德柳叶湖旅游度假区环卫作业市场化采购项目（1包）,1市场阶段,南部大区,常德区域公司,,C,环卫,",,",,执行中,0,,,,,,,,,,,,,,,,,,,,,,,,,,,,,,,,,,,XS2024012500761,2024-05-31 00:00:00,2024-07-15 00:00:00,2024-07-31 00:00:00,2024-09-13 00:00:00,2024-09-06 00:00:00,2024-10-15 00:00:00,2024-05-24 10:14:51,,,2024-09-13 00:00:00,,,,,投标增量,,,,0,0,,,,2024-09-13 00:00:00,2024-10-15 00:00:00,,,,,,,,,,,,,,,,,,,,,,,,,,,,,,,,,,,,,,,,,,,,,,,,,,,,,,,,,,,,,,,,,是,YXXS2024012500761,,,,,,,,,是,,,,,,其他,服务,技术咨询,,,,,,,,,3,,2023,Q3
499,否,常德柳叶湖旅游度假区环卫作业市场化采购项目（2包）,1市场阶段,南部大区,常德区域公司,,C,环卫,",,",,执行中,0,,,,,,,,,,,,,,,,,,,,,,,,,,,,,,,,,,,XS2024012500762,2024-05-24 00:00:00,2024-07-15 00:00:00,2024-07-31 00:00:00,2024-09-13 00:00:00,2024-09-06 00:00:00,2024-10-15 00:00:00,2024-05-24 10:14:15,,,2024-09-13 00:00:00,,,,,投标增量,,,,0,0,,,,2024-09-13 00:00:00,2024-10-15 00:00:00,,,,,,,,,,,,,,,,,,,,,,,,,,,,,,,,,,,,,,,,,,,,,,,,,,,,,,,,,,,,,,,,,是,YXXS2024012500762,,,,,,,,,是,,,,,,其他,服务,技术咨询,,,,,,,,,3,,2023,Q3
500,否,常德柳叶湖旅游度假区环卫作业市场化采购项目（3包）,1市场阶段,南部大区,常德区域公司,,C,环卫,",,",,执行中,0,,,,,,,,,,,,,,,,,,,,,,,,,,,,,,,,,,,XS2024012500763,2024-05-24 00:00:00,2024-07-15 00:00:00,2024-07-31 00:00:00,2024-09-13 00:00:00,2024-09-06 00:00:00,2024-10-15 00:00:00,2024-05-24 10:14:31,,,2024-09-13 00:00:00,,,,,投标增量,,,,0,0,,,,2024-09-13 00:00:00,2024-10-15 00:00:00,,,,,,,,,,,,,,,,,,,,,,,,,,,,,,,,,,,,,,,,,,,,,,,,,,,,,,,,,,,,,,,,,是,YXXS2024012500763,,,,,,,,,是,,,,,,其他,服务,技术咨询,,,,,,,,,3,,2023,Q3
501,否,津市市城区环卫市场化,1市场阶段,南部大区,常德区域公司,,C,环卫,",,",,执行中,0,,,,,,,,,,,,,,,,,,,,,,,,,,,,,,,,,,,XS2024012500767,2024-05-24 00:00:00,2024-10-15 00:00:00,2024-11-10 00:00:00,2024-12-20 00:00:00,2024-12-10 00:00:00,2024-12-31 00:00:00,2024-05-23 15:17:34,,,2024-12-20 00:00:00,,,,,投标增量,,,,0,0,,,,2024-12-20 00:00:00,2024-12-31 00:00:00,,,,,,,,,,,,,,,,,,,,,,,,,,,,,,,,,,,,,,,,,,,,,,,,,,,,,,,,,,,,,,,,,是,YXXS2024012500767,,,,,,,,,是,,,,,,其他,服务,技术咨询,,,,,,,,,3,,2023,Q3
502,否,湖北省咸宁市赤壁市煤矿矿坑污染水处理厂项目,1市场阶段,南部大区,鄂赣业务区,,C,污水,",,工业污水处理",,执行中,0.25,,,,,,0.5,0.5,0,,,,,,,,,,,,,,,,,,,,,,,,,,,XS2024041000874,2024-05-31 00:00:00,2024-07-31 00:00:00,2024-10-08 00:00:00,2024-10-15 00:00:00,2024-12-15 00:00:00,2024-12-31 00:00:00,2024-05-20 10:14:05,,,2024-11-30 00:00:00,,,,,投标增量,,,,0,0,,,,2024-11-30 00:00:00,2024-12-31 00:00:00,,,,,,,,,,,,,,,,,,,,,,,,,,,,,,,,,,,,,,,,,,,,,,,,,,,,,,,,,,,,,,,,,否,YXXS2024041000874,,,,,,,,,是,,,,,,OM,服务,委托运营,,,,,,,,,3,,2023,Q3
503,否,鹰潭月湖污水处理厂委托运营项目,1市场阶段,南部大区,鄂赣业务区,,C,污水,",,市政污水处理",,执行中,0,,,,,,1.5,0.8,0,,,,,,,,,,,,,,,,,,,,,,,,,,,XS2024041000877,2024-05-21 00:00:00,2024-07-31 00:00:00,2024-09-30 00:00:00,2024-10-31 00:00:00,2024-12-15 00:00:00,2024-12-31 00:00:00,2024-05-20 10:16:34,,,2024-11-15 00:00:00,,,,,投标增量,,,,0,0,,,,2024-11-15 00:00:00,2024-12-31 00:00:00,,,,,,,,,,,,,,,,,,,,,,,,,,,,,,,,,,,,,,,,,,,,,,,,,,,,,,,,,,,,,,,,,是,YXXS2024041000877,,,,,,,,,是,,,,,,OM,服务,委托运营,,,,,,,,,3,,2023,Q3
504,否,应城市东马坊工业污水处理厂二期扩建委托运营项目,1市场阶段,南部大区,鄂赣业务区,,B,污水,",,工业污水处理",,执行中,0,,,,,,0.1,0.1,0.1,,,,,,,,,,,,,,,,,,,,,,,,,,,XS2024041700887,2024-05-24 00:00:00,2024-07-30 00:00:00,2024-08-15 00:00:00,2024-08-30 00:00:00,2024-09-05 00:00:00,2024-09-30 00:00:00,2024-05-24 10:10:30,,,2024-08-30 00:00:00,,,,,投标增量,,,,0,0,,,,2024-08-30 00:00:00,2024-09-30 00:00:00,,,,,,,,,,,,,,,,,,,,,,,,,,,,,,,,0,——,,,,,,,,,,,,,,,,,,,,,,,,,,,,,,,,是,YXXS2024041700887,,,,,,,,,是,,,,,,OM,服务,委托运营,,,,,,,,,8,,2023,Q3
505,计划,湖北省孝感市临空经济区环卫一体化项目,1市场阶段,南部大区,鄂赣业务区,,C,环卫,",,",,执行中,0.07,,,,,,,,,,,,,,,,,,,,,,,,,,,,,,,,,,,XS2024041700888,2024-05-20 00:00:00,2024-07-15 00:00:00,2024-10-31 00:00:00,2024-11-10 00:00:00,2024-12-10 00:00:00,2024-12-25 00:00:00,2024-05-20 10:16:07,,,2024-12-01 00:00:00,,,,,投标增量,,,,10,10,,,,2024-12-01 00:00:00,2024-12-25 00:00:00,3,3,3,3,12,0,0,0,0,0,0,0,0,0,0,0,0,0,,,,,,,,,,,,,,,,,,,,,,,,,,,,,,,,,,,,,,,,,,,,,,,是,YXXS2024041700888,,,,,,,,,是,,,,,,OM,服务,委托运营,,,,,,,,,3,,2023,Q3
506,否,湖北省十堰市茅箭区环卫一体化项目,1市场阶段,南部大区,鄂赣业务区,,C,环卫,",,",,执行中,0,,,,,,,,,,,,,,,,,,,,,,,,,,,,,,,,,,,XS2024050800947,2024-05-24 00:00:00,2024-08-10 00:00:00,2024-09-13 00:00:00,2024-10-31 00:00:00,2024-10-21 00:00:00,2024-11-15 00:00:00,2024-05-23 15:16:50,,,2024-10-31 00:00:00,,,,,投标增量,,,,0,0,,,,2024-10-31 00:00:00,2024-11-15 00:00:00,,,,,,,,,,,,,,,,,,,,,,,,,,,,,,,,,,,,,,,,,,,,,,,,,,,,,,,,,,,,,,,,,是,YXXS2024050800947,,,,,,,,,是,,,,,,其他,服务,技术咨询,,,,,,,,,3,,2023,Q3
507,否,湖北省黄冈市蕲春县环卫一体化项目,1市场阶段,南部大区,福州区域公司,,C,环卫,",,",,执行中,0,,,,,,,,,,,,,,,,,,,,,,,,,,,,,,,,,,,XS2024050900960,2024-05-24 00:00:00,2024-06-28 00:00:00,2024-07-10 00:00:00,2024-07-31 00:00:00,2024-07-22 00:00:00,2024-08-15 00:00:00,2024-05-23 15:24:07,,,2024-07-31 00:00:00,,,,,投标增量,,,,0,0,,,,2024-07-31 00:00:00,2024-08-15 00:00:00,,,,,,,,,,,,,,,,,,,,,,,,,,,,,,,,,,,,,,,,,,,,,,,,,,,,,,,,,,,,,,,,,是,YXXS2024050900960,,,,,,,,,是,,,,,,其他,服务,技术咨询,,,,,,,,,3,,2023,Q3
508,否,南沙区中水回用项目,1市场阶段,南部大区,广佛区域公司,,C,其他,",,",,已暂停,0,,,,,,,,,,,,,,,,,,,,,,,,,,,,,,,,,,,XS2024012600781,2024-05-24 00:00:00,2024-07-15 00:00:00,2024-08-30 00:00:00,2024-09-27 00:00:00,2024-09-23 00:00:00,2024-10-15 00:00:00,2024-05-23 11:53:47,,,2024-09-27 00:00:00,,,,,投标增量,,,,0,0,,,,2024-09-27 00:00:00,2024-10-15 00:00:00,0,0,0,0,0,0,0,0,0,0,0,0,0,0,0,0,0,0,,,,,,,,,,,,,,,,,,,,,,,,,,,,,,,,,,,,,,,,,,,,,,,是,YXXS2024012600781,,,,,,,,,是,,,,,,其他,产品,,环保装备,,,,,,,,0,,2023,Q3
509,计划,广东省清远市英德市英德城乡环卫一体化项目,1市场阶段,南部大区,广佛区域公司,,C,环卫,",,",,执行中,3.48,,,,,,,,,,,,,,,,,,,,,,,,,,,,,,,,,,,XS2024050900953,,2024-09-30 00:00:00,2024-10-30 00:00:00,2024-11-15 00:00:00,2024-12-01 00:00:00,2024-12-30 00:00:00,2024-05-24 09:46:49,,,2024-11-15 00:00:00,,,,,投标增量,,,,0,0,,,,2024-11-15 00:00:00,2024-12-30 00:00:00,5,5,5,5,20,0,0,0,0,0,0,0,0,0,0,0,0,0,,,,,,,,,,,,,,,,,,,,,,,,,,,,,,,,,,,,,,,,,,,,,,,是,YXXS2024050900953,,,,,,,,,是,,,,,,OM,服务,委托运营,,,,,,,,,8,,2023,Q3
510,否,广东省梅州市梅州高新区0.5 万吨/日污水处理厂扩容（三相分离器+设备总包）,1市场阶段,南部大区,广佛区域公司,,C,其他,",,",,执行中,0,,,,,,1090,,,,,,,,,,,,,,,,,,,,,,,,,,,,,XS2024050900956,2024-05-24 00:00:00,2024-09-30 00:00:00,2024-10-10 00:00:00,2024-11-29 00:00:00,2024-11-22 00:00:00,2024-12-13 00:00:00,2024-05-23 11:54:18,,,2024-11-29 00:00:00,,,,,投标增量,,,,0,0,,,,2024-11-29 00:00:00,2024-12-13 00:00:00,0,0,0,0,0,0,0,0,0,0,0,0,0,0,0,0,0,0,,,,,,,,,,,,,,,,,,,,,,,,,,,,,,,,,,,,,,,,,,,,,,,是,YXXS2024050900956,,,,,,,,,是,,,,,,其他,产品,,环保装备,,,,,,,,0,,2023,Q3
511,否,广东省广州市南沙区中水回用首期工程（反硝化工艺+设备总包）,1市场阶段,南部大区,广佛区域公司,,C,其他,",,",,已暂停,0,,,,,,,,,,,,,,,,,,,,,,,,,,,,,,,,,,,XS2024050900959,2024-05-24 00:00:00,2024-07-15 00:00:00,2024-08-30 00:00:00,2024-09-27 00:00:00,2024-09-23 00:00:00,2024-10-15 00:00:00,2024-05-23 11:53:14,,,2024-09-27 00:00:00,,,,,投标增量,,,,0,0,,,,2024-09-27 00:00:00,2024-10-15 00:00:00,0,0,0,0,0,0,0,0,0,0,0,0,0,0,0,0,0,0,,,,,,,,,,,,,,,,,,,,,,,,,,,,,,,,,,,,,,,,,,,,,,,是,YXXS2024050900959,,,,,,,,,是,,,,,,其他,产品,,环保装备,,,,,,,,0,,2023,Q3
512,计划,广东省广州市增城区中新镇下沉式再生水厂调试及试运行服务采购项目,1市场阶段,南部大区,广佛区域公司,,C,污水,",,市政污水处理",,执行中,0,,,,,,5,0,0,,,,,,,,,,,,,,,,,,,,,,,,,,,XS2024052900998,2024-05-10 00:00:00,2024-05-20 00:00:00,2024-06-10 00:00:00,,2024-06-25 00:00:00,2024-06-29 00:00:00,2024-06-13 15:41:35,,,,,,,,非投标增量,,,,0,0,,,,,2024-06-29 00:00:00,,,,,,,,,,,,,,,,,,,,,,,,,,,,,,,,,,,,,,,,,,,,,,,,,,,,,,,,,,,,,,,,,是,YXXS2024052900998,,,,,,,,,是,,,,,,OM,服务,技术咨询,,,,,,,,,0.35,,2023,Q3
513,否,贵港市市政污水泵站委托运营项目,1市场阶段,南部大区,贵港区域公司,,C,其他,",,",,执行中,0,,,,,,,,,,,,,,,,,,,,,,,,,,,,,,,,,,,XS2024051000970,2024-05-24 00:00:00,2024-07-15 00:00:00,2024-08-16 00:00:00,2024-08-23 00:00:00,2024-08-16 00:00:00,2024-09-02 00:00:00,2024-05-24 10:10:55,,,2024-08-30 00:00:00,,,,,投标增量,,,,0,0,,,,2024-08-30 00:00:00,2024-09-02 00:00:00,,,,,,,,,,,,,,,,,,,,,,,,,,,,,,,,,,,,,,,,,,,,,,,,,,,,,,,,,,,,,,,,,是,YXXS2024051000970,,,,,,,,,是,,,,,,其他,服务,委托运营,,,,,,,,,3,,2023,Q3
514,否,贵港市填埋场陈腐垃圾回挖治理项目,1市场阶段,南部大区,贵港区域公司,,C,固体废物,",,",,执行中,0,,,,,,,,,,,,,,,,,,,,,,,,,,,,,,,,,,,XS2024051000971,2024-05-24 00:00:00,2024-07-31 00:00:00,2024-08-12 00:00:00,2023-08-25 00:00:00,2024-08-30 00:00:00,2024-09-06 00:00:00,2024-05-24 10:11:20,,,2024-08-26 00:00:00,,,,,投标增量,,,,0,0,,,,2024-08-26 00:00:00,2024-09-06 00:00:00,,,,,,,,,,,,,,,,,,,,,,,,,,,,,,,,,,,,,,,,,,,,,,,,,,,,,,,,,,,,,,,,,是,YXXS2024051000971,,,,,,,,,是,,,,,,其他,服务,技术咨询,,,,,,,,,6,,2023,Q3
515,否,琼海市镇村环卫一体化项目,1市场阶段,南部大区,海口区域公司,,C,环卫,",,",,执行中,0,,,,,,,,,,,,,,,,,,,,,,,,,,,,,,,,,,,XS2024050800935,2024-05-31 00:00:00,2024-07-01 00:00:00,2024-07-31 00:00:00,2024-09-13 00:00:00,2024-09-10 00:00:00,2024-09-30 00:00:00,2024-05-24 15:05:43,,,2024-09-13 00:00:00,,,,,投标增量,,,,0,0,,,,2024-09-13 00:00:00,2024-09-30 00:00:00,,,,,,,,,,,,,,,,,,,,,,,,,,,,,,,,,,,,,,,,,,,,,,,,,,,,,,,,,,,,,,,,,是,YXXS2024050800935,,,,,,,,,是,,,,,,其他,服务,技术咨询,,,,,,,,,3,,2023,Q3
516,否,广东省江门市恩平市污水委托运营项目,1市场阶段,南部大区,江门区域公司,,C,污水,",,市政污水处理, 工业污水处理",,执行中,0,,,,,,1.8,1.8,0,,,,,,,,,,,,,,,,,,,,,,,,,,,XS2024050900955,2024-05-23 00:00:00,2024-05-31 00:00:00,2024-09-30 00:00:00,2024-10-31 00:00:00,2024-11-15 00:00:00,2024-11-29 00:00:00,2024-05-23 11:52:34,,,2024-08-30 00:00:00,,,,,投标增量,,,,0,0,,,,2024-08-30 00:00:00,2024-11-29 00:00:00,0,1.35,1.15,2,4.5,0,0,0,0,0,0,0,0,0,0,0,0,0,,,,,,,,,,,,,,,,,,,,,,,,,,,,,,,,,,,,,,,,,,,,,,,是,YXXS2024050900955,,,,,,,,,是,,,,,,OM,服务,委托运营,,,,,,,,,3,,2023,Q3
517,否,鹤山市桃源镇人民政府鹤山市桃源镇环卫绿化服务项目,1市场阶段,南部大区,江门区域公司,,C,环卫,",,",,执行中,0,,,,,,,,,,,,,,,,,,,,,,,,,,,,,,,,,,,XS2024050900962,,2024-10-30 00:00:00,2024-12-15 00:00:00,2025-04-01 00:00:00,2025-05-01 00:00:00,2025-05-30 00:00:00,2024-05-24 15:04:27,,,2025-04-01 00:00:00,,,,,投标增量,,,,0,0,,,,2025-04-01 00:00:00,2025-05-30 00:00:00,,,,,,,,,,,,,,,,,,,,,,,,,,,,,,,,,,,,,,,,,,,,,,,,,,,,,,,,,,,,,,,,,否,YXXS2024050900962,,,,,,,,,是,,,,,,OM,服务,委托运营,,,,,,,,,3,,2023,Q3
518,计划,翁源县住房和城乡建设管理局翁源县城乡环卫一体化服务项目,1市场阶段,南部大区,江门区域公司,,C,环卫,",,",,执行中,2.9,,,,,,,,,,,,,,,,,,,,,,,,,,,,,,,,,,,XS2024050900965,,2024-08-15 00:00:00,2024-09-30 00:00:00,2024-10-10 00:00:00,2024-11-15 00:00:00,2024-11-30 00:00:00,2024-05-24 09:33:07,,,2024-10-30 00:00:00,,,,,投标增量,,,,0,0,,,,2024-10-30 00:00:00,2024-11-30 00:00:00,5,5,5,5,20,0,0,0,0,0,0,0,0,0,0,0,0,0,,,,,,,,,,,,,,,,,,,,,,,,,,,,,,,,,,,,,,,,,,,,,,,是,YXXS2024050900965,,,,,,,,,是,,,,,,OM,服务,委托运营,,,,,,,,,5,,2023,Q3
519,否,蓬江区五洞礼布污水处理站点改造项目,1市场阶段,南部大区,江门区域公司,,C,其他,",,",,执行中,0,,,,,,,,,,,,,,,,,,,,,,,,,,,,,,,,,,,XS2024050900968,,2024-06-15 00:00:00,2024-06-30 00:00:00,,2024-07-15 00:00:00,2024-08-30 00:00:00,2024-05-24 15:51:32,,,,,,,,非投标增量,,,,0,0,,,,,2024-08-30 00:00:00,,,,,,,,,,,,,,,,,,,,,,,,,,,,,,,,,,,,,,,,,,,,,,,,,,,,,,,,,,,,,,,,,是,YXXS2024050900968,,,,,,,,,是,,,,,,其他,产品,,环保装备,,,,,,,,0,,2023,Q3
520,计划,江门市新会区小鸟天堂国家湿地保护区周边水系及基础设施提升工程（首期）--孪生数字化（智慧水利）工程,60,南部大区,江门区域公司,,C,水环境综合治理,",,",,已完成（已签约）,0.12,0,0,0,0,0,,,,,,,,,,,,,,,,,,,,,,,,,,,,,智慧水利采购1200万,XS2024050900969,2024-05-24 00:00:00,2024-05-24 00:00:00,2024-05-27 00:00:00,2024-06-17 00:00:00,2024-06-25 00:00:00,2024-06-28 00:00:00,2024-05-24 16:48:55,2024-05-24 00:00:00,2024-05-27 00:00:00,2024-06-17 00:00:00,2024-06-25 00:00:00,2024-06-28 00:00:00,其他,,投标增量,,0,0,0,0,否,,,2024-06-17 00:00:00,2024-06-28 00:00:00,3,3,0,0,6,0,0,0,0,0,0,0,0,0,0,0,0,0,,,,,,,,,,,,,,0,无,2024-06-01 00:00:00,,,,,,,,0,0,0,0,0,0,0,0,0,0,0,0,2024-07-01 00:00:00,2025-06-01 00:00:00,2025-06-02 00:00:00,0,0,,,,,1200,1020,是,YXXS2024050900969,0,0,0,0,0,0,,否,是,,,,,,其他,产品,,环保装备,,新建,,,,,,0,,2023,Q3
521,否,广东省揭阳市普宁市洪阳镇污水处理厂扩建、提标改造及配套管网建设工程项目（三相分离器）,1市场阶段,南部大区,深汕区域公司,,C,污水,",,村镇污水处理",,执行中,0,,,,,,2,2,0,,,,,,,,,,,,,,,,,,,,,,,,,,,XS2024050800943,,2024-07-30 00:00:00,2024-09-30 00:00:00,2024-11-01 00:00:00,2024-12-15 00:00:00,2024-12-30 00:00:00,2024-05-24 09:49:46,,,2024-11-20 00:00:00,,,,,投标增量,,,,0,0,,,,2024-11-20 00:00:00,2024-12-30 00:00:00,,,,,,,,,,,,,,,,,,,,,,,,,,,,,,,,80,北控水务（中国）投资有限公司,2024-11-15 00:00:00,,,,,,,,,,,,,,,,,,,,2024-12-30 00:00:00,2025-08-30 00:00:00,2025-10-30 00:00:00,,,,,,,,,是,YXXS2024050800943,,,,,,,,,是,,,,,,EPCO,"产品, 服务",委托运营,"运营技术产品, 环保装备",,,,,,,,,,2023,Q3
522,否,广东省揭阳市榕城区空港经济区污水处理厂扩建工程EPCO项目（北控速粒）,1市场阶段,南部大区,深汕区域公司,,C,污水,",,市政污水处理",,执行中,0,,,,,,2,2,0,,,,,,,,,,,,,,,,,,,,,,,,,,,XS2024050800950,,2024-08-30 00:00:00,2024-12-30 00:00:00,2025-02-28 00:00:00,2025-03-30 00:00:00,2025-04-15 00:00:00,2024-05-24 09:34:52,,,2025-03-20 00:00:00,,,,,投标增量,,,,0,0,,,,2025-03-20 00:00:00,2025-04-15 00:00:00,,,,,,,,,,,,,,,,,,,,,,,,,,,,,,,,,,,,,,,,,,,,,,,,,,,,,,,,,,,,,,,,,否,YXXS2024050800950,,,,,,,,,是,,,,,,EPCO,"产品, 服务","委托运营, 工程建设",环保装备,,,,,,,,,,2023,Q3
523,否,广西壮族自治区贵港市平南县城市生活污泥无害化处置服务项目,2立项策划,南部大区,贵港区域公司,,C,污泥,",,",,执行中,0.11,,,,,,,,,,,,,,,,,,,,,,,,,,,,,,,,,,,,2023-11-01 00:00:00,2024-04-15 00:00:00,2024-06-15 00:00:00,2024-08-01 00:00:00,2024-09-01 00:00:00,2024-10-01 00:00:00,2023-11-01 00:00:00,,,,,,,,并购增量,,,,,,,,,,2024-10-01 00:00:00,,,,,,,,,,,,,,,,,,,,,,,,,,,,,,,,,,,,,,,,,,,,,,,,,,,,,,,,,,,,,,,,,,YXCSH2023145,,,,,,,,,是,,,,BOO,,,,,,,,,,,,,,,2023,Q3
524,实际,广东省东莞市石排镇东江大堤、区域绿道及东江河堤岸管养项目,60,南部大区,莞惠区域公司,,C,环卫,",,",,已完成（已签约）,0,0,0,0,0,0,,,,,,,,,,,,,,,,,,,,,,,,,,,,,,XS2024061201015,,2024-01-15 00:00:00,2024-02-01 00:00:00,2024-03-29 00:00:00,2024-04-25 00:00:00,2024-04-30 00:00:00,2024-06-19 15:10:40,2024-01-15 00:00:00,2024-02-01 00:00:00,2024-03-29 00:00:00,2024-04-25 00:00:00,2024-04-30 00:00:00,其他,,投标增量,北控城市环境服务集团有限公司,0,0,0,0,否,,,2024-03-29 00:00:00,2024-04-30 00:00:00,0,0,0,0,0,0,0,0,0,0,0,0,0,0,0,0,0,0,,,,,,,,,,,,,,0,北控城市环境服务集团有限公司,2024-03-20 00:00:00,,,,,,,,0,0,0,0,0,0,0,0,0,0,0,0,2024-05-01 00:00:00,2026-04-30 00:00:00,2024-05-01 00:00:00,0,0,,,,,0,0,是,YXXS2024061201015,0,0,0,0,0,0,,是,是,,东莞市石排城市投资建设有限公司,40,,,其他,服务,委托运营,,,其他,,,,,,2,,2023,Q3
525,否,广东省广州市增城区增城中心城区污水处理厂扩容项目,1市场阶段,南部大区,广佛区域公司,,C,污水,",,市政污水处理",,执行中,1.08,,,,,,5,5,5,,,,,,,,,,,,,,,,,,,,,,,,,,,XS2024050900952,2023-04-03 00:00:00,2023-04-25 00:00:00,2024-09-30 00:00:00,2024-10-31 00:00:00,2024-11-25 00:00:00,2024-12-16 00:00:00,2024-05-24 10:23:39,,,,,,,,投标增量,,,,8,8,,,,,2024-12-16 00:00:00,0,5.2,7,7,19.2,0,0,0,0,0,0,0,0,0,0,0,0,0,,,,,,,,,,,,,,,,,,,,,,,,,,,,,,,,,,,,,,,,,,,,,,,是,YXXS2024050900952,,,,,,,,,否,,,,BOT,1类-保履约,,,,,拟由区水务局授予项目公司特许经营权，进水扩容工程的投资建设运营。,,,,,,,,,2023,Q3
526,计划,四川省宜宾市叙州区排水管网诊断项目,2立项策划,西部大区,宜宾区域公司,,C,"排水管网, 综合技术解决方案",",,",,执行中,0,,,,,,,,,,,,,,,,,0,0,,,,,,,,,,,,,,,,,XS2024061801019,2024-06-24 00:00:00,2024-07-30 00:00:00,2024-08-30 00:00:00,2024-09-30 00:00:00,2024-10-14 00:00:00,2024-10-30 00:00:00,2024-06-24 15:12:13,,,,,,,,投标增量,,,,0,0,,,,,2024-10-30 00:00:00,,,,,,,,,,,,,,,,,,,,,,,,,,,,,,,,,,,,,,,,,,,,,,,,,,,,,,,,,,,,,,,,,是,YXXS2024061801019,,,,,,,,,是,,,,,,其他,服务,技术咨询,,,,,,,,,1,,2023,Q3
527,计划,宁夏回族自治区银川市永宁县城环卫一体化项目,1市场阶段,西部大区,银川区域公司,,C,环卫,",,",,执行中,1,,,,,,,,,,,,,,,,,,,,,,,,,,,,,,,,,,,XS2024041500881,2024-05-14 00:00:00,2024-05-31 00:00:00,2024-06-28 00:00:00,2024-10-31 00:00:00,2024-11-30 00:00:00,2024-12-31 00:00:00,2024-05-21 16:16:30,,,2024-10-31 00:00:00,,,,,投标增量,,,,8,8,,,,2024-10-31 00:00:00,2024-12-31 00:00:00,0,0,20,30,50,0,0,0,0,0,0,0,0,0,0,0,0,0,,,,,,,,,,,,,,,,,,,,,,,,,,,,,,,,,,,,,,,,,,,,,,,是,YXXS2024041500881,,,,,,,,,是,,,,,,OM,服务,委托运营,,,,,,,,,3,,2023,Q3
528,否,江苏东海经济开发区工业污水处理厂委托运营项目,1市场阶段,东部大区,苏皖业务区,,C,污水,",,市政污水处理",,已暂停,,,,,,,,,,,,,,,,,,,,,,,,,,,,,,,,,,,,XS2023112400635,,,,,,,2024-07-04 13:17:00,,,,,,,,,,,,,,,,,,,,,,,,,,,,,,,,,,,,,,,,,,,,,,,,,,,,,,,,,,,,,,,,,,,,,,,,,,,,,,,,,,,,YXXS2023112400635,,,,,,,,,,,,,,,,,,,,,,,,,,,,2023,Q3
529,否,赤壁城东污水处理厂预处理单元及9号泵站委托运营项目,1市场阶段,南部大区,鄂赣业务区,,C,污水,",,市政污水处理",,执行中,0,,,,,,1.5,1.5,0,,,,,,,,,,,,,,,,,,,,,,,,,,,XS2024011000742,2024-06-05 00:00:00,2024-07-31 00:00:00,2024-08-31 00:00:00,2024-09-15 00:00:00,2024-10-31 00:00:00,2024-11-15 00:00:00,2024-03-29 19:18:14,,,2024-10-15 00:00:00,,,,,投标增量,,,,0,0,,,,2024-10-15 00:00:00,2024-11-15 00:00:00,,,,,,,,,,,,,,,,,,,,,,,,,,,,,,,,,,,,,,,,,,,,,,,,,,,,,,,,,,,,,,,,,是,YXXS2024011000742,,,,,,,,,是,,,,,,OM,服务,委托运营,,,,,,,,,3,,2023,Q3
530,否,黑龙江省大庆市萨尔图区,1市场阶段,北部大区,大庆区域公司,,C,污水,",,市政污水处理",,已暂停,,,,,,,,,,,,,,,,,,,,,,,,,,,,,,,,,,,,XS2024032400848,,,,,,,2024-07-01 09:10:27,,,,,,,,,,,,,,,,,,,,,,,,,,,,,,,,,,,,,,,,,,,,,,,,,,,,,,,,,,,,,,,,,,,,,,,,,,,,,,,,,,,,YXXS2024032400848,,,,,,,,,,,,,,,,,,,,,,,,,,,,2023,Q3
531,否,郯城县庙山污水处理厂委托运营项目,1市场阶段,东部大区,临沂区域公司,,,污水,",,市政污水处理",,已暂停,,,,,,,,,,,,,,,,,,,,,,,,,,,,,,,,,,,,XS2024040300866,,,,,,,2024-04-08 15:56:11,,,,,,,,,,,,,,,,,,,,,,,,,,,,,,,,,,,,,,,,,,,,,,,,,,,,,,,,,,,,,,,,,,,,,,,,,,,,,,,,,,,,YXXS2024040300866,,,,,,,,,,,,,,,,,,,,,,,,,,,,2023,Q3
532,否,江苏省苏州市昆山市高新区厨余处置中心渗滤液处理运维项目,1市场阶段,东部大区,北京建工环境,,,污水,",,市政污水处理",,已暂停,,,,,,,,,,,,,,,,,,,,,,,,,,,,,,,,,,,,XS2024041600885,,,,,,,2024-05-07 13:57:00,,,,,,,,,,,,,,,,,,,,,,,,,,,,,,,,,,,,,,,,,,,,,,,,,,,,,,,,,,,,,,,,,,,,,,,,,,,,,,,,,,,,YXXS2024041600885,,,,,,,,,,,,,,,,,,,,,,,,,,,,2023,Q3
533,否,北京市门头沟区潭柘寺镇垃圾转运站项目,1市场阶段,北部大区,北京业务区,,D,固体废物,",,",,已暂停,,,,,,,,,,,,,,,,,,,,,,,,,,,,,,,,,,,,XS2024051100975,,,,,,,2024-05-14 15:42:56,,,,,,,,,,,,,,,,,,,,,,,,,,,,,,,,,,,,,,,,,,,,,,,,,,,,,,,,,,,,,,,,,,,,,,,,,,,,,,,,,,,,YXXS2024051100975,,,,,,,,,,,,,,,,,,,,,,,,,,,,2023,Q3
534,否,盘锦瑞德化工有限公司污水处理服务项目,1市场阶段,北部大区,盘锦区域公司,,C,污水,",,市政污水处理",,已暂停,0,,,,,,0,0,0,,,,,,,,,,,,,,,,,,,,,,,,,,,XS2024052900996,,2024-02-01 00:00:00,2024-03-01 00:00:00,,2024-09-12 00:00:00,2024-12-31 00:00:00,2024-06-24 16:13:59,,,,,,,,非投标增量,,,,0,0,,,,,2024-12-31 00:00:00,0.05,0.05,0.05,0.05,0.2,0,0,0,0,0,0,0,0,0,0,0,0,0,,,,,,,,,,,,,,,,,,,,,,,,,,,,,,,,,,,,,,,,,,,,,,,是,YXXS2024052900996,,,,,,,,,是,,,,,,其他,服务,委托运营,,,,,,,,,1,,2023,Q3
535,否,辽宁景力实业有限公司污水处理服务项目,1市场阶段,北部大区,盘锦区域公司,,C,污水,",,市政污水处理",,执行中,0,,,,,,0,0,0,,,,,,,,,,,,,,,,,,,,,,,,,,,XS2024052900997,,2024-01-01 00:00:00,2024-03-02 00:00:00,,2024-07-03 00:00:00,2024-07-18 00:00:00,2024-06-24 16:13:20,,,,,,,,非投标增量,,,,0,0,,,,,2024-07-18 00:00:00,0.03,0.03,0.03,0.03,0.12,0,0,0,0,0,0,0,0,0,0,0,0,0,,,,,,,,,,,,,,,,,,,,,,,,,,,,,,,,,,,,,,,,,,,,,,,是,YXXS2024052900997,,,,,,,,,是,,,,,,OM,服务,委托运营,,,,,,,,,1,,2023,Q3
536,否,浙江省舟山市岱山县污水处理厂一体化运营采购项目,2立项策划,东部大区,台州区域公司,,C,污水,",,市政污水处理",,执行中,0,,,,,,3.55,3.55,0,,,,,,,,,,,,,,,,,,,,,,,,,,,XS2024053101004,,2024-08-20 00:00:00,2024-08-31 00:00:00,2024-09-30 00:00:00,2024-10-10 00:00:00,2024-10-21 00:00:00,2024-06-21 14:16:14,,,,,,,,投标增量,,,,0,0,,,,,2024-10-21 00:00:00,1.5,1.5,2,2,7,0,0,0,0,0,0,0,0,0,100,0,0,100,,,,,,,,,,,,,,,,,,,,,,,,,,,,,,,,,,,,,,,,,,,,,,,是,YXXS2024053101004,,,,,,,,,是,,,,,,OM,服务,委托运营,,,,,,,,,3,,2023,Q3
537,计划,浙江省湖州市南浔区经开区北部水生态运营项目,1市场阶段,东部大区,杭湖区域公司,,C,水环境综合治理,",,",,执行中,0,,,,,,,,,,,,,,,,,,,,,,,,,,,,,,,,,,,XS2024060601007,2024-06-17 00:00:00,2024-09-12 00:00:00,2024-09-25 00:00:00,2024-10-10 00:00:00,2024-10-18 00:00:00,2024-10-24 00:00:00,2024-06-17 17:45:50,,,,,,,,投标增量,,,,0,0,,,,,2024-10-24 00:00:00,0,0.3,0.5,0.2,1,0,0,0,0,0,0,0,0,0,0,0,0,0,,,,,,,,,,,,,,,,,,,,,,,,,,,,,,,,,,,,,,,,,,,,,,,是,YXXS2024060601007,,,,,,,,,是,,,,,,OM,服务,委托运营,,,,,,,,,1,,2023,Q3
538,计划,浙江省台州市黄岩区废弃物生态填埋场渗漏治理修复工程受染地下水处置项目,60,东部大区,台州区域公司,台州市黄岩北控污水处理有限公司,C,污水,",,市政污水处理",,已完成（已签约）,0,0,0,0,0,0,0.02,0.02,0,0,0,,,,,,,,,,,,,,,,,,,,,,,,,XS2024061901020,,2024-07-09 00:00:00,2024-07-10 00:00:00,,2024-07-10 00:00:00,2024-07-12 00:00:00,2024-06-21 12:12:49,,,,,,台州市黄岩北控污水处理有限公司,,非投标增量,,0,0,0,0,否,,,,2024-07-12 00:00:00,1.94,1.95,0,0,3.89,0,0,0,0,0,0,0,0,0,0,0,0,0,,,,,,,,,,,,,,0,0,2024-01-01 00:00:00,,,,,,,,0,0,0,0,0,0,0,0,0,0,0,0,2024-01-01 00:00:00,2024-01-01 00:00:00,2024-01-01 00:00:00,0,0,,,,,0,0,是,YXXS2024061901020,0,0,0,0,0,0,,否,是,,,,,,OM,服务,委托运营,,,新建,,,,,,1,,2023,Q3
539,计划,太原高品质再生水回供亚鑫集团项目,60,东部大区,太原区域公司,太原市再生水利用开发项目,A+,再生水,",销售经营类ToB,",,已完成（已签约）,0,0,0,0,0,0,,,,,,,,,,,,,,,,,,,,,,,,0.6,0.57,,0,7.2,,XS2024061901021,2024-06-24 00:00:00,2024-07-30 00:00:00,2024-08-02 00:00:00,,2024-08-12 00:00:00,2024-03-12 00:00:00,2024-06-24 10:34:54,,,,,2024-03-12 00:00:00,北控水务（中国）投资有限公司,,非投标增量,,99.59,99.92,7.45,0,否,,,,2024-03-12 00:00:00,3,3,3,4.48,13.48,0,0,0,0,0,0,0,0,0,0,0,0,0,,,,,,,,,,,,,,0,无,2024-08-16 00:00:00,,,,,,,,0,0,0,0,0,0,0,0,0,0,0,0,2022-01-04 00:00:00,2025-07-17 00:00:00,2025-01-03 00:00:00,2717,85.9,,,,,0,0,是,YXXS2024061901021,0,0,0,0,0,0,,否,是,,,,BOO,2类-存带增,其他,服务,委托运营,,再生水售水TOB,新建,,,,,,1,,2023,Q3
540,否,李沧区环卫一体化项目,1市场阶段,东部大区,青岛区域公司,,C,环卫,",,",,执行中,,,,,,,,,,,,,,,,,,,,,,,,,,,,,,,,,,,,XS2024062001023,,,,,,,2024-06-25 10:14:24,,,,,,,,,,,,,,,,,,,,,,,,,,,,,,,,,,,,,,,,,,,,,,,,,,,,,,,,,,,,,,,,,,,,,,,,,,,,,,,,,,,,YXXS2024062001023,,,,,,,,,,,,,,,,,,,,,,,,,,,,2023,Q3
541,否,山西省朔州市右玉县环卫项目,1市场阶段,东部大区,太原区域公司,,C,环卫,",,",,执行中,0,,,,,,,,,,,,,,,,,,,,,,,,,,,,,,,,,,,XS2024062401025,,2024-08-26 00:00:00,2024-08-30 00:00:00,,2024-11-20 00:00:00,2024-12-23 00:00:00,2024-06-26 09:42:31,,,,,,,,,,,,6,8,,,,,2024-12-23 00:00:00,1,2,9,4.88,16.88,0,0,0,0,0,0,0,0,0,0,0,0,0,,,,,,,,,,,,,,,,,,,,,,,,,,,,,,,,,,,,,,,,,,,,,,,是,YXXS2024062401025,,,,,,,,,是,,,,,,OM,服务,委托运营,,,,,,,,,3,,2023,Q3
542,计划,山东省枣庄市薛城区奥瑞金（枣庄）包装有限公司委托运营项目,60,东部大区,枣庄区域公司,枣庄北控污水处理厂,C,污水,",,工业污水处理",,已完成（已签约）,0,0,0,0,0,0,0.35,0.02,0,0,12.5,,,,,,,,,,,,,,,,,,,,,,,,0.02,XS2024062501026,2024-06-15 00:00:00,2024-07-01 00:00:00,2024-07-15 00:00:00,,2024-07-31 00:00:00,2024-08-31 00:00:00,2024-07-05 08:56:42,2024-07-01 00:00:00,2024-07-10 00:00:00,,2024-07-10 00:00:00,2024-07-12 00:00:00,其他,枣庄北控陶庄水务有限公司,非投标增量,,0,100,12,12,否,,,,2024-08-31 00:00:00,0,0.82,0,0,0.82,0,0,0,0,0,0,0,0,0,0,0,0,0,,,,,,,,,,,,,,0,0,2024-07-01 00:00:00,,,,,,,,0,0,0,0,0,0,0,0,0,0,0,0,2024-07-01 00:00:00,2024-07-01 00:00:00,2024-07-01 00:00:00,0,0,,,,,0,0,是,YXXS2024062501026,0,0,0,0,0,0,,否,是,,,,,,OM,服务,委托运营,,OM项目,其他,,,,,,1,,2023,Q3
543,计划,黑龙江省大庆市宇合环保餐厨污水委托处理项目,60,北部大区,大庆区域公司,,C,污水,",,工业污水处理",,已完成（已签约）,0,0,0,0,0,0,0,0,0,0,0,,,,,,,,,,,,,,,,,,,,,,,,,XS2024062601030,2024-07-01 00:00:00,2024-07-05 00:00:00,2024-01-01 00:00:00,,2024-06-30 00:00:00,2024-07-08 00:00:00,2024-07-01 18:34:52,2024-07-05 00:00:00,2023-11-01 00:00:00,,2024-06-26 00:00:00,2024-07-08 00:00:00,北控水务（中国）投资有限公司,,非投标增量,,0,100,0,0,否,,,,2024-07-08 00:00:00,0,0.46,1,0,1.46,0,0,0,0,0,0,0,0,0,0,0,0,0,,,,,,,,,,,,,,0,0,2024-07-03 00:00:00,,,,,,,,0,0,0,0,0,0,0,0,0,0,0,0,2024-07-03 00:00:00,2024-07-01 00:00:00,2024-07-01 00:00:00,0,0,,,,,0,0,是,YXXS2024062601030,0,0,0,0,0,0,,否,是,,,,,,其他,服务,技术咨询,,技术服务,其他,,,,,,1,,2023,Q3
544,计划,太原高品质再生水回供太原黑猫炭黑公司项目,60,东部大区,太原区域公司,太原市再生水利用开发项目,C,再生水,",销售经营类ToB,",,已完成（已签约）,0,0,0,0,0,0,,,,,,,,,,,,,,,,,,,,,,,,0.05,0.05,,0,7.2,,XS2024062801032,2024-07-15 00:00:00,2024-07-31 00:00:00,2024-08-09 00:00:00,,2024-08-16 00:00:00,2024-08-30 00:00:00,2024-07-15 15:26:24,2024-07-31 00:00:00,2024-08-09 00:00:00,,2024-08-16 00:00:00,2024-08-30 00:00:00,北控水务（中国）投资有限公司,,非投标增量,,30,99.92,7.45,0,否,,,,2024-08-30 00:00:00,0.28,0.28,0.43,0.45,1.44,0,0,0,0,0,0,0,0,0,0,0,0,0,,,,,,,,,,,,,,0,北控水务（中国）投资有限公司,2024-06-03 00:00:00,,,,,,,,0,0,0,0,0,0,0,0,0,0,0,0,2024-08-30 00:00:00,2025-10-24 00:00:00,2025-11-12 00:00:00,27170,85.9,,,,,0,0,是,YXXS2024062801032,0,0,0,0,0,0,,否,是,,,,,,其他,服务,委托运营,,,新建,,,,,,5,,2023,Q3
545,计划,江苏省扬州市仪征市污水处理厂迁扩建工程技术服务项目,2立项策划,东部大区,苏皖业务区,,C,"综合技术解决方案, 污水",",,市政污水处理",,执行中,0,,,,,,5,2.5,0,,,,,,,,,,,,,,,,,,,,,,,,,,,XS2024070201034,,2024-07-12 00:00:00,2024-07-15 00:00:00,,2024-08-30 00:00:00,2024-09-30 00:00:00,2024-07-04 13:17:18,,,,,,,,非投标增量,,,,43,43,,,,,2024-09-30 00:00:00,1,1,1,1,4,0,0,0,0,0,0,0,0,0,0,0,0,0,,,,,,,,,,,,,,,,,,,,,,,,,,,,,,,,,,,,,,,,,,,,,,,是,YXXS2024070201034,,,,,,,,,是,,,,,,其他,服务,技术咨询,,建设期技术咨询,,,,,,,1,,2023,Q3
546,计划,江苏省南京市荣泰中转站废水处理项目,60,东部大区,苏皖业务区,南京荣泰污水处理厂,C,污水,",,市政污水处理",,已完成（已签约）,0,0,0,0,0,0,1,1,0,0,0,,,,,,,,,,,,,,,,,,,,,,,,,XS2024070301035,2024-07-01 00:00:00,2024-07-12 00:00:00,2024-07-12 00:00:00,,2024-07-18 00:00:00,2024-07-19 00:00:00,2024-07-04 13:17:33,2024-07-12 00:00:00,2024-07-12 00:00:00,,2024-07-18 00:00:00,2024-05-10 00:00:00,其他,,,,0,0,38,38,否,,,,2024-07-19 00:00:00,0,1.11,0,0,1.11,0,0,0,0,0,0,0,0,0,0,0,0,0,,,,,,,,,,,,,,0,不涉及,2024-07-15 00:00:00,,,,,,,,0,0,0,0,0,0,0,0,0,0,0,0,2024-07-15 00:00:00,2024-07-15 00:00:00,2024-07-15 00:00:00,0,0,,,,,0,0,是,YXXS2024070301035,0,0,0,0,0,0,,是,是,,,,,,其他,服务,委托运营,,,其他,,,,,,1,,2023,Q3
547,否,江苏省盐城市高新区环卫一体化项目,1市场阶段,东部大区,北京建工环境,,C,环卫,",,",,执行中,0,,,,,,,,,,,,,,,,,,,,,,,,,,,,,,,,,,,XS2024070301037,2024-07-04 00:00:00,2024-09-30 00:00:00,2024-10-31 00:00:00,,2024-11-29 00:00:00,2024-12-31 00:00:00,2024-07-04 18:43:37,,,,,,,,非投标增量,,,,0,0,,,,,2024-12-31 00:00:00,10,10,10,10,40,0,0,0,0,0,0,0,0,0,0,0,0,0,,,,,,,,,,,,,,,,,,,,,,,,,,,,,,,,,,,,,,,,,,,,,,,是,YXXS2024070301037,,,,,,,,,是,,,,,,OM,服务,委托运营,,,,,,,,,3,,2023,Q3
548,否,黄石市阳新县环卫市场化服务项目,1市场阶段,东部大区,北京建工环境,,C,环卫,",,",,执行中,0,,,,,,,,,,,,,,,,,,,,,,,,,,,,,,,,,,,XS2024070401038,,2024-07-06 00:00:00,2024-07-10 00:00:00,2024-08-01 00:00:00,2024-08-09 00:00:00,2024-09-26 00:00:00,2024-07-09 16:53:12,,,,,,,,投标增量,,,,8,12,,,,,2024-09-26 00:00:00,0,3,8,5,16,0,0,0,0,0,0,0,0,300,0,0,0,300,,,,,,,,,,,,,,,,,,,,,,,,,,,,,,,,,,,,,,,,,,,,,,,是,YXXS2024070401038,,,,,,,,,是,,,,,,OM,服务,委托运营,,,,,,,,,3,,2023,Q3
549,计划,山东省青岛市崂山区沙子口污水厂二期项目全厂机械、电气、自控及工艺包设备采购,60,东部大区,烟威区域公司,,A+,污水,",,市政污水处理",,已完成（已签约）,0.5822,0,0,0,0,0,5.5,2.75,0,5822.3,6.59,,,,,,,,,,,,,,,,,,,,,,,,,XS2024070401040,,2024-07-12 00:00:00,2024-07-15 00:00:00,,2024-07-15 00:00:00,2024-07-31 00:00:00,2024-07-05 11:53:45,,,,,,其他,,非投标增量,,0,0,0,0,否,,,,2024-07-31 00:00:00,,,,,,,,,,,,,,,,,,,,,,,,,,,,,,,,,,,,,,,,,,5822,0,0,0,0,0,0,0,0,0,0,0,,,,0,0,,,,,0,0,是,YXXS2024070401040,0,0,0,0,0,0,,否,是,,,,,,其他,产品,,环保装备,,新建,,,,,,0,,2023,Q3
550,计划,浙江省宁波市奉化区滨海新区污水泵站委托运行项目,60,东部大区,北京建工环境,宁波市奉化建邦环境水务有限公司（停）,C,污水,",,市政污水处理",,已完成（已签约）,0,0,0,0,0,0,9.6,9.6,0,0,0,,,,,,,,,,,,,,,,,,,,,,,,,XS2024070501041,2024-07-09 00:00:00,2024-04-01 00:00:00,2024-04-01 00:00:00,,2024-05-23 00:00:00,2024-05-23 00:00:00,2024-07-09 16:53:42,2024-04-01 00:00:00,2024-04-01 00:00:00,,2024-05-23 00:00:00,2024-05-23 00:00:00,不涉及,,非投标增量,,0,60,0,0,否,,,,2024-05-23 00:00:00,0,0,0,0.2,0.2,0,0,0,0,0,0,0,0,0,0,0,0,0,,,,,,,,,,,,,,,,,,,,,,,,0,0,0,0,0,0,0,0,0,0,0,0,,,,0,0,,,,,20.5,10,是,YXXS2024070501041,0,0,0,0,0,0,,否,是,,,,,,OM,服务,委托运营,,,不涉及建设,,,,,,1,,2023,Q3
551,否,江苏省盐城市城南污水处理厂提标改造工程CFBR工艺包植入项目,1市场阶段,东部大区,北京建工环境,,C,污水,",,市政污水处理",,执行中,1.4,,,,,,10,10,10,,,,,,,,,,,,,,,,,,,,,,,,,,,XS2024071001045,2024-07-12 00:00:00,2024-09-30 00:00:00,2024-10-31 00:00:00,,2024-11-29 00:00:00,2024-12-31 00:00:00,2024-07-12 08:02:47,,,,,,,,非投标增量,,,,0,0,,,,,2024-12-31 00:00:00,5,5,5,5,20,0,0,0,0,0,0,0,0,0,0,0,0,0,,,,,,,,,,,,,,0,无,2024-12-31 00:00:00,,,,,,,,,,,,,,,,,,,,2024-09-01 00:00:00,2025-12-31 00:00:00,2026-03-01 00:00:00,,,,,,,,,是,YXXS2024071001045,,,,,,,,,是,,,,,,其他,产品,,环保装备,,,,,,,,1,,2023,Q3
552,计划,山西省晋中市榆次区,60,东部大区,晋临区域公司,,C,污水,",,市政污水处理",,已完成（已签约）,0,0,0,0,0,66.57,0,0,0,0,0,,,,,,,,,,,,,,,,,,,,,,,,,XS2024071201048,2024-07-15 00:00:00,2024-07-31 00:00:00,2024-08-07 00:00:00,,2024-08-14 00:00:00,2024-05-18 00:00:00,2024-07-15 18:25:13,2024-07-31 00:00:00,2024-07-10 00:00:00,,,,其他,,非投标增量,无,0,0,0,0,否,,,,2024-05-18 00:00:00,0.13,0.13,0.13,0.27,0.66,0,0,0,0,0,0,0,0,0,0,0,0,0,,,,,,,,,,,,,,0,无,2024-07-15 00:00:00,,,,,,,,0,0,0,0,0,0,0,0,0,0,0,0,2024-05-28 00:00:00,2025-10-31 00:00:00,2024-10-31 00:00:00,0,0,,,,,66,46,是,YXXS2024071201048,0,0,0,0,0,0,,否,是,,,,,,其他,服务,技术咨询,,,其他,,,,,,0,,2023,Q3
553,计划,增城国家级开发区中新园区基础设施配套中新镇下沉式再生水厂项目调试服务,60,南部大区,广佛区域公司,广州市增控水务有限公司,C,污水,",,市政污水处理",,已完成（已签约）,0,0,0,0,0,0,5,0,0,0,0,,,,,,,,,,,,,,,,,,,,,,,,,XS2024052900998,2024-05-10 00:00:00,2024-05-20 00:00:00,2024-06-10 00:00:00,,2024-06-25 00:00:00,2024-06-28 00:00:00,2024-06-13 15:41:35,2024-05-20 00:00:00,2024-06-10 00:00:00,,2024-06-25 00:00:00,2024-06-28 00:00:00,其他,,非投标增量,,49,49,0,0,否,,,,2024-06-28 00:00:00,0,0,0.49,0,0.49,0,0,0,0,0,0,0,0,0,0,0,0,0,,,,,,,,,,,,,,0,0,2024-07-18 00:00:00,,,,,,,,0,0,0,0,0,0,0,0,0,0,0,0,2022-01-05 00:00:00,2024-01-03 00:00:00,2024-07-01 00:00:00,0,0,,,,,0,0,是,YXXS2024052900998,0,0,0,0,0,0,,否,是,,,,,,OM,服务,技术咨询,,,新建,,,,,,0.35,,2023,Q3
554,否,北京北京市朝阳区001,1市场阶段,,,,C,污水,",,市政污水处理",,执行中,,,,,,,,,,,,,,,,,,,,,,,,,,,,,,,,,,,,,,,,,,,2024-07-31 13:37:24,,,,,,,,,,,,,,,,,,,,,,,,,,,,,,,,,,,,,,,,,,,,,,,,,,,,,,,,,,,,,,,,,,,,,,,,,,,,,,,,,,,,YX,,,,,,,,,,,,,,,,,,,,,,,,,,,,2023,Q3
